method,seed,intent_id,intent_name,feature_id,test_intent_support,active_test_ids,top_k_observed,top20_intent_purity,top20_locale_entropy,cross_locale_stability,heldout_auc,validation_auc,validation_stability,top_ids
BatchTopK SAE,20260827,0,datetime_query,3997,88,98,20,0.6,0.4689955935892812,0.5314099493993348,0.7722163036616161,0.7269855072463768,0.7026493309724713,4772|4112|3091|4881|3532|5333|944|660|4253|5997|3118|2801|4845|5332|4183|2412|5497|1202|5204|3606
BatchTopK SAE,20260827,1,iot_hue_lightchange,2787,36,96,20,0.8,0.8812908992306927,0.6360988249860465,0.8980455131120206,0.7463737201365187,0.874196565616898,1960|13069|4826|8|3387|263|3542|12329|4249|4248|3280|3543|2975|1427|3734|897|456|9942|2542|2551
BatchTopK SAE,20260827,2,transport_ticket,2107,35,40,20,0.8,0.6098403047164004,0.0854035484972263,0.7838147192051045,0.8905599117863268,0.8236950648383945,12873|12874|12162|12511|12308|12235|12724|12468|12604|12189|12340|12818|12293|5128|12802|12306|12722|12281|12537|7557
BatchTopK SAE,20260827,3,takeaway_query,8663,35,208,20,0.6,0.9927744539878083,0.3596335182461204,0.8108713652525449,0.8276255707762555,0.6765340341624881,2773|15464|2432|3413|2684|4934|4224|5324|15656|16373|170|171|5552|16399|16666|525|4272|3835|15839|169
BatchTopK SAE,20260827,4,qa_stock,3464,26,60,20,0.85,0.0,0.7964974416752034,0.9603357213826282,0.9282651310953197,0.7425636330531374,14644|14475|14904|14820|5016|14544|14342|13934|14926|14555|4606|451|14189|14874|13639|14253|13734|14473|14090|14190
BatchTopK SAE,20260827,5,general_greet,8911,1,30,20,0.0,0.9709505944546686,-0.004918497612174023,0.4949443882709808,0.4995748299319728,,6997|15561|9327|4492|3582|3492|5103|8430|12437|6489|6732|8300|6533|12127|16049|16624|16872|10684|13694|15995
BatchTopK SAE,20260827,6,recommendation_events,7104,43,252,20,0.65,0.8812908992306927,0.28446605904116273,0.8320135161995628,0.7816572460354844,0.4047684630025732,11839|12073|8431|10440|11643|11610|10687|11585|11598|11685|8822|11770|11782|2113|11767|6860|8029|7026|7113|10442
BatchTopK SAE,20260827,7,music_dislikeness,968,4,64,20,0.05,0.7219280948873623,0.009692917331348236,0.738950742240216,0.49872665534804755,-0.0020702747898523116,5152|11455|11259|11409|862|11438|7697|1127|2560|17052|2026|9895|13694|3103|7140|9074|9323|9761|9718|12606
BatchTopK SAE,20260827,8,iot_wemo_off,8291,18,8,8,0.5,0.0,0.0,0.6105838041431263,0.748937074829932,0.48879756652537876,5652|3298|321|2566|4799|1551|11438|11764
BatchTopK SAE,20260827,9,cooking_recipe,7572,72,126,20,0.95,0.9927744539878083,0.6728734797303463,0.8622309507366483,0.7458189655172415,0.7807179144396009,10217|10214|10100|10220|10226|10166|9941|9924|10045|10072|10077|10107|9961|10078|10031|13242|10038|14648|9942|10171
BatchTopK SAE,20260827,10,qa_currency,3667,39,192,20,0.95,0.28639695711595625,0.835987297245306,0.9997111116947238,0.9999639561707035,0.9216984504873792,14304|14620|13796|14599|14973|13738|281|14029|13567|13684|13847|14762|14453|13741|14928|13966|13685|14228|14437|13982
BatchTopK SAE,20260827,11,transport_traffic,6405,15,48,20,0.65,0.28639695711595625,0.6158808669351855,0.9657410542950672,0.9681325171821306,0.892311946724045,12736|12675|12717|12413|12869|12838|12685|12672|11650|12240|12442|6295|12254|12789|12693|12289|4482|13215|14457|12759
BatchTopK SAE,20260827,12,general_quirky,5016,169,26,20,0.2,0.9709505944546686,-0.004001356143939607,0.507993133642404,0.559077079107505,0.37325486035846833,6229|6388|6515|427|428|6417|2168|5396|4154|11186|3167|1962|13869|5156|19|7120|4921|16089|4346|1554
BatchTopK SAE,20260827,13,weather_query,9213,156,159,20,0.95,0.28639695711595625,0.8735915201722354,0.8985164314111682,0.9273073476702508,0.9236999238736224,3507|2917|2611|299|2545|2220|6473|5758|1308|4871|790|3407|3096|2890|4227|6151|2265|2322|4266|4383
BatchTopK SAE,20260827,14,audio_volume_up,7926,13,320,20,0.1,0.6098403047164004,0.576020080843151,0.8909540544058312,0.8737606837606837,0.6535614422601559,9361|9629|3101|9902|261|9250|258|9726|9305|9542|5707|2796|11376|4205|4040|9881|6439|5557|9632|3330
BatchTopK SAE,20260827,15,email_addcontact,553,12,89,20,0.15,0.0,0.19875636800133972,0.9066587731168246,0.9991496598639455,0.7393856729931981,11146|16225|15829|10956|10954|15948|16455|17090|16956|15946|17111|16955|16519|16777|16797|16781|16710|16711|15138|16872
BatchTopK SAE,20260827,16,takeaway_order,6584,22,33,20,0.4,0.0,0.3313641685583847,0.6786243288279948,0.8723244863013698,0.816281213400959,168|2480|3835|3671|2336|3021|132|5406|3020|5488|170|2338|2255|169|1379|1043|4137|171|2908|4048
BatchTopK SAE,20260827,17,email_querycontact,1943,26,71,20,0.5,0.9927744539878083,0.631238639001707,0.7434110756680437,0.5810502283105023,0.4429391952325096,16907|13154|16373|15815|16874|16529|16983|15982|4073|16583|16975|15488|11146|12182|426|16797|8188|3441|15983|4710
BatchTopK SAE,20260827,18,iot_hue_lightup,967,27,32,20,0.6,0.934068055375491,0.20792822892114374,0.8312050574886345,0.745433789954338,0.4351858997566972,3700|1756|3762|5727|3834|2403|3883|962|5165|3595|1071|3543|1993|2234|2128|4896|6015|1090|2075|702
BatchTopK SAE,20260827,19,recommendation_locations,5771,31,106,20,0.7,0.6098403047164004,0.4865911955463744,0.8636308719672258,0.8245840504876648,0.4539490019088386,11778|11802|11959|11947|12019|12409|11678|11942|11706|12066|9137|11628|15634|12526|11796|11751|14189|6352|12930|13318
BatchTopK SAE,20260827,20,play_audiobook,7467,41,105,20,0.15,0.9709505944546686,0.48086306217858016,0.5821743731615656,0.5516000859106529,0.4982322665913899,3011|608|11366|11459|6596|16056|16947|16318|3562|10579|5911|11423|16961|9815|3031|16886|3894|9116|9827|11505
BatchTopK SAE,20260827,21,lists_createoradd,219,39,82,20,0.15,0.0,0.6266865982620601,0.7700317777135804,0.7173455727672595,0.7454423347730376,11023|10427|10757|10940|10756|10538|11085|10508|10430|10790|10812|10895|10825|10433|10979|10776|10031|10887|11168|10513
BatchTopK SAE,20260827,22,news_query,487,124,401,20,1.0,0.28639695711595625,0.7631563243915787,0.9073941744929903,0.864274336283186,0.7726119375401683,15214|3060|2315|178|2651|424|5270|2496|441|3603|1474|5930|1061|2594|3624|3039|5286|2203|5297|3605
BatchTopK SAE,20260827,23,alarm_query,6216,34,33,20,0.1,0.934068055375491,-0.004940857223483387,0.5687076466578451,0.9914236706689536,0.8419951149250539,15185|2082|4121|8261|13363|1617|3750|9014|7971|2355|1593|7981|12987|15518|5955|7278|11841|4130|12716|8857
BatchTopK SAE,20260827,24,iot_wemo_on,1470,10,71,20,0.0,0.8812908992306927,0.1544120109208032,0.48799864773495605,0.49829642248722317,-0.002929037575583619,999|4249|3993|17011|665|10076|1993|5014|14481|2164|15155|1072|5958|11162|1090|1374|7956|41|9620|12987
BatchTopK SAE,20260827,25,general_joke,4711,19,91,20,0.75,1.0,0.7660289259464153,0.9726222983705448,0.9998580352072687,0.8035812874040827,2721|6147|412|4217|1256|4982|1372|4216|494|5952|1158|6517|527|13074|1579|4913|8672|411|12008|13400
BatchTopK SAE,20260827,26,qa_definition,147,57,143,20,0.8,0.9709505944546686,0.37562196691825456,0.733762437698506,0.6815434134086985,0.4896320695774148,13689|13761|14429|13714|14622|14347|14150|13705|12982|14995|13361|14700|13165|15127|13242|13908|13863|13625|10125|14794
BatchTopK SAE,20260827,27,social_query,2270,25,202,20,0.3,0.8112781244591328,0.263982495187678,0.7181311586816174,0.6734215017064847,0.512159790490281,11426|15304|15321|11339|15326|15444|11858|15249|15177|15508|15333|15337|15345|11536|783|11862|3513|1811|576|3398
BatchTopK SAE,20260827,28,music_settings,3499,6,5,5,0.0,0.0,0.0,0.4991559756920999,0.4991482112436116,,13166|9971|4955|4547|2903
BatchTopK SAE,20260827,30,calendar_remove,9169,67,308,20,0.4,0.6098403047164004,0.7792204975200854,0.970108094481059,0.9696386407966329,0.8193683252375239,8888|10828|7836|10743|8732|8856|10565|10527|4833|7295|10887|11168|11164|10590|8516|10674|10444|6918|8769|10462
BatchTopK SAE,20260827,31,iot_hue_lightdim,2489,21,57,20,0.75,0.6098403047164004,0.23733597698161604,0.9024027663321861,0.8164052928203871,0.534020462756466,14|158|3280|3222|964|5988|4896|5349|2263|2350|468|5279|1047|2351|1778|1030|2128|665|2016|702
BatchTopK SAE,20260827,32,calendar_query,68,126,461,20,0.5,0.9709505944546686,0.41274457729305564,0.7043217943992047,0.6235632183908045,0.27970674334356027,7316|7539|7693|7496|8782|10493|10931|15789|11107|8058|16712|7266|15181|7690|14071|10455|8559|16467|7762|15933
BatchTopK SAE,20260827,33,email_sendemail,2039,114,95,20,0.85,0.8812908992306927,0.5503311853710838,0.7993428736522454,0.712927536231884,0.7422488831972167,17011|16995|16314|16622|15796|17143|15756|17123|16496|16375|16005|16605|16028|16851|16282|17043|16532|15809|16891|16103
BatchTopK SAE,20260827,34,iot_cleaning,8527,26,36,20,0.95,0.0,0.7640335314339313,0.9419481775871986,0.8991452991452992,0.934451150119436,864|1059|4043|1924|1151|2434|2960|290|2959|635|292|2903|1575|3841|2517|4201|4240|843|1703|4173
BatchTopK SAE,20260827,35,audio_volume_down,8895,11,23,20,0.0,0.8112781244591328,-0.0031849407491629654,0.49611092323300643,0.5795002839295855,0.8362102340936792,6295|15635|15703|5577|14857|13177|10846|13361|5573|10426|5912|6243|4933|10753|4241|1377|2472|3008|16711|7141
BatchTopK SAE,20260827,36,play_radio,1259,72,125,20,0.95,0.8112781244591328,0.6818344945722118,0.9135685236341314,0.8744574652777779,0.9072904224774748,9326|9520|9361|9321|9317|9353|9212|9225|9408|9542|9394|9601|9561|9250|9384|9237|9362|9471|6013|9216
BatchTopK SAE,20260827,38,datetime_convert,5909,15,64,20,0.25,0.8812908992306927,0.6467641374566563,0.6934078338412912,1.0,0.8886999864675247,944|5332|10125|5333|5497|4845|1803|14787|1120|14822|15055|13639|12402|13223|13761|13102|15032|14241|13684|11180
BatchTopK SAE,20260827,39,qa_maths,1530,25,0,0,0.0,0.0,0.0,0.5,0.4995748299319728,,
BatchTopK SAE,20260827,40,iot_hue_lightoff,733,43,170,20,0.7,0.0,0.27069971662585607,0.9716875372689326,0.9900665807560138,0.7535220483831143,914|3098|2774|2711|4026|6041|651|4346|999|428|2230|4171|3774|4992|2690|997|5157|2965|1774|1454
BatchTopK SAE,20260827,41,iot_hue_lighton,9114,3,9,9,0.0,0.9182958340544896,0.26361401498004955,0.4984822934232715,0.499151103565365,,14382|12951|12294|13986|14490|4461|10497|10338|12256
BatchTopK SAE,20260827,42,transport_query,1057,51,172,20,0.65,0.28639695711595625,0.757564349411513,0.9201671069524827,0.9082998661311915,0.9053440008179606,12366|12354|12618|12634|12446|12245|12402|12281|12252|12835|12437|13215|12436|12873|12813|12430|12339|12802|12722|12452
BatchTopK SAE,20260827,43,music_likeness,3709,36,56,20,0.15,0.0,0.0,0.5472752766408974,0.49914529914529915,-0.0016977928692699605,5258|3178|5912|4998|2610|4241|1940|12381|2387|5199|6683|11470|761|3582|3030|837|6448|4913|12281|11453
BatchTopK SAE,20260827,44,email_query,7714,119,325,20,0.35,0.7219280948873623,0.869823055569666,0.9563373260852253,0.9845679012345678,0.9017244851210688,15942|16005|17043|17069|16780|16613|16914|16373|16851|15968|16459|16593|17042|16630|15966|16622|16603|16838|16846|16916
BatchTopK SAE,20260827,45,play_music,602,176,473,20,0.5,0.8812908992306927,0.5868731705946268,0.9097584006251629,0.9239296012186498,0.7860406412601014,9364|5911|379|2093|5401|1677|2770|5279|4040|2781|9519|3837|3546|1940|4960|5229|2062|3174|2354|5615
BatchTopK SAE,20260827,46,audio_volume_mute,992,32,121,20,0.8,0.934068055375491,0.5371050382174278,0.869135303133515,0.7882063356164385,0.5929341714227839,2205|6166|3582|315|3460|3837|608|6064|3812|5525|2795|189|2206|13346|12104|317|1510|5813|2207|3
BatchTopK SAE,20260827,47,social_post,3658,81,94,20,1.0,0.934068055375491,0.7791092328431438,0.8493459398666648,0.7171439459930313,0.9210281994357709,15401|15556|15508|15166|15177|15503|15670|15548|15488|15592|15459|15706|15472|15402|15518|15456|15647|15557|15731|15448
BatchTopK SAE,20260827,48,alarm_set,5263,41,137,20,0.7,0.0,0.19198026108899544,0.8556750856200055,0.7900180562097661,0.8816701823508656,5082|2288|5365|5635|174|3761|939|1509|612|5623|2957|3418|5902|533|1982|1719|2166|4654|2334|5204
BatchTopK SAE,20260827,49,qa_factoid,4690,141,16,16,0.6875,0.954434002924965,0.5442034897332604,0.5381390693088681,0.6215699404761905,0.547163868791122,14877|15055|738|790|14316|14884|14096|14015|14653|13383|2203|13853|13798|13997|5134|7981
BatchTopK SAE,20260827,50,calendar_set,8362,209,256,20,0.55,0.4689955935892812,0.7726782800644835,0.7289202280141026,0.7215397727272728,0.8446771900430806,6431|7851|8766|6968|6946|7055|7919|9103|8553|8073|6959|7039|7596|6726|8345|6744|8302|8415|8562|5370
BatchTopK SAE,20260827,51,play_game,419,35,49,20,0.9,0.8112781244591328,0.353682981049893,0.7977984511226925,0.8737650343642612,0.6767414850134539,10308|10288|10357|10355|10317|10292|10319|10321|6633|10247|10346|10339|10276|10268|10365|10333|10366|13372|7889|10260
BatchTopK SAE,20260827,52,alarm_remove,7989,21,250,20,0.35,0.0,0.7890414538955857,0.9892061337599173,0.9792380136986301,0.9100461912492752,862|1862|1635|1509|4121|4851|1646|5292|2168|5365|1454|1774|2985|174|6162|5006|861|920|8867|399
BatchTopK SAE,20260827,53,lists_remove,2964,52,100,20,0.45,0.0,0.2647264378740629,0.6910249815342407,0.6709752511639305,0.31373091408620385,10915|10712|10808|11238|10636|10590|10816|11162|11157|10828|10512|11166|10430|10940|10565|10970|8856|10792|10568|10508
BatchTopK SAE,20260827,54,transport_taxi,3325,23,79,20,0.95,0.934068055375491,0.751525199142301,0.9769543072266922,1.0,0.9704041261491136,12299|12161|12212|12710|12213|12745|12844|12608|12383|12553|12329|12121|12905|12244|12377|12779|12558|12452|16797|12716
BatchTopK SAE,20260827,55,recommendation_movies,2615,20,97,20,0.75,0.9927744539878083,0.49922474595272187,0.9217944369063773,0.9997160704145371,0.7493237008598211,11920|11600|11633|11987|13181|6621|11871|11812|11636|11990|11634|11744|6376|11858|11862|11695|11861|14229|13575|11954
BatchTopK SAE,20260827,56,iot_coffee,2061,36,63,20,1.0,0.8112781244591328,0.8708441001716672,0.9716537820221313,0.9999286529680366,0.9532652034052398,4244|3568|4084|2512|4988|1276|2026|3321|6034|5917|2753|2868|448|3418|6061|3323|6060|2733|2812|3320
BatchTopK SAE,20260827,57,music_query,3779,35,243,20,0.65,0.934068055375491,0.7542237095700498,0.9101066679655156,0.8441384585962899,0.728480505541956,2387|1807|5250|4998|2373|2365|1940|4428|4560|761|4086|484|3178|5261|1872|3741|5531|1622|3433|1777
BatchTopK SAE,20260827,58,play_podcasts,5471,63,109,20,1.0,0.4689955935892812,0.553149305431812,0.9105810999098434,0.824698275862069,0.8450501367369965,11409|11539|11459|11376|11296|11420|11270|11341|11474|11490|11476|11259|11345|11318|11505|11458|11353|11470|11361|11339
BatchTopK SAE,20260827,59,lists_query,4164,51,96,20,0.35,0.9709505944546686,0.23955740560246955,0.7250902417874933,0.7822224944866455,0.5876929197171888,10858|10588|14549|11075|11215|11426|10667|10760|6850|4654|11189|6701|827|6980|5082|17115|11607|7662|10816|10497
BatchTopK SAE,20260828,0,datetime_query,5542,88,256,20,0.7,0.9709505944546686,0.6493175469433797,0.8215001578282828,0.8360869565217391,0.770938289536224,3091|4112|4253|3118|2309|1266|4772|4882|5997|7291|2801|4187|4336|2927|5333|360|4362|5671|8079|4813
BatchTopK SAE,20260828,1,iot_hue_lightchange,4897,36,108,20,0.8,0.8812908992306927,0.6202941274964165,0.8982823631953919,0.7448805460750854,0.7921923205158795,13069|1960|4826|8|4249|3542|12329|3280|263|3387|4248|456|2551|3734|897|2540|2542|13690|3050|1427
BatchTopK SAE,20260828,2,transport_ticket,5261,35,115,20,0.85,0.9927744539878083,0.4668205489595675,0.9689152988164239,0.9613452585150698,0.8560723609577324,5128|12160|12306|12293|12511|12802|12873|12874|12618|12162|12308|12536|12723|6331|12722|12291|12235|12537|12469|12468
BatchTopK SAE,20260828,3,takeaway_query,1171,35,91,20,0.7,0.28639695711595625,0.5326923336699317,0.8954166869611806,0.993792808219178,0.873651708847475,2480|168|132|169|5488|1379|170|3671|3835|1043|2414|3021|5324|5406|3295|3020|4224|1247|5552|2908
BatchTopK SAE,20260828,4,qa_stock,7327,26,78,20,0.8,0.0,0.8542087029629242,0.9599696700308529,0.9640713060524381,0.79766655048288,14644|14475|14904|14820|14544|14253|4606|5016|14926|680|14342|14473|14090|13934|14189|451|13819|14925|14874|2995
BatchTopK SAE,20260828,5,general_greet,4817,1,159,20,0.0,0.0,0.0,0.47320525783619816,0.5,,17135|4492|13705|7820|6701|6562|7912|6663|14820|16361|16467|16589|16777|16455|16225|15785|8846|16354|11186|13908
BatchTopK SAE,20260828,6,recommendation_events,7304,43,54,20,0.6,0.4689955935892812,0.3342670317595923,0.7511786921089246,0.8126471973622232,0.7106128681273474,7113|11770|7946|11782|1546|11767|6720|11585|11904|11911|12008|12098|9471|11616|11875|6663|11999|7026|3408|13044
BatchTopK SAE,20260828,7,music_dislikeness,7521,4,64,20,0.0,0.4689955935892812,0.06674765005483746,0.4892037786774629,0.49872665534804755,,15113|5955|7113|4957|11916|3127|14044|7141|5953|7697|3060|6785|9114|4913|13288|6248|11841|2350|13619|14117
BatchTopK SAE,20260828,8,iot_wemo_off,1866,18,25,20,0.25,0.0,0.0,0.6358568738229755,0.7489370748299319,0.8591511223106526,4154|16693|4201|4240|843|10308|9640|5652|1551|3298|321|16406|4799|11273|4653|2566|9896|7628|9341|3096
BatchTopK SAE,20260828,9,cooking_recipe,368,72,158,20,0.85,0.4689955935892812,0.6306611219463677,0.9372026550030693,0.948103448275862,0.8706485612898254,10099|10206|10100|9966|9941|10177|10171|9962|10132|9930|9980|10621|10226|10105|10078|10164|4554|10107|5017|9961
BatchTopK SAE,20260828,10,qa_currency,6742,39,96,20,0.95,0.28639695711595625,0.8790380559778234,0.9997111116947239,0.9999639561707035,0.9149771720429908,13796|14304|14973|14029|14762|13738|281|14599|14620|14453|13847|13741|13685|13684|14228|13896|13982|14658|14241|14437
BatchTopK SAE,20260828,11,transport_traffic,7828,15,65,20,0.5,0.6098403047164004,0.36218728834997505,0.86334800767581,0.9365335051546393,0.7856056375103628,12289|6295|12717|13215|12413|12442|12736|12693|12685|12838|3|12789|12869|17142|12240|1093|11426|6959|6646|5040
BatchTopK SAE,20260828,12,general_quirky,6258,169,4,4,0.0,0.8112781244591328,-0.0005819920599375582,0.499285459092533,0.5172413793103449,0.9999999999999984,2160|13616|1786|15794
BatchTopK SAE,20260828,13,weather_query,536,156,159,20,0.95,0.6098403047164004,0.8111203380406667,0.8661163694058431,0.9121373767921147,0.9139735862331932,3507|2917|4227|2611|3407|3406|790|2890|1308|1933|4614|6473|2322|4383|2220|3516|4486|764|3614|299
BatchTopK SAE,20260828,14,audio_volume_up,86,13,145,20,0.15,0.4689955935892812,0.6336267476911238,0.871039958349603,0.9426068376068375,0.875253860681457,5221|2796|1352|1715|9902|4653|1639|5481|5611|3809|3175|4854|3581|4090|3838|15127|443|9881|9726|4831
BatchTopK SAE,20260828,15,email_addcontact,7109,12,135,20,0.15,0.0,0.608197644572457,0.9490020297699592,0.9987244897959183,0.8737753355159998,11146|16225|15829|10954|15948|17111|16797|10956|15946|16777|17090|16529|16455|16956|16955|16711|16519|16781|16710|16872
BatchTopK SAE,20260828,16,takeaway_order,747,22,61,20,0.45,0.0,0.31064322155271795,0.973276553724619,0.9970034246575343,0.880928511845375,2480|3835|132|168|3671|5488|2338|2336|2255|6112|169|170|5406|3021|3020|1043|4224|1379|4048|171
BatchTopK SAE,20260828,17,email_querycontact,814,26,254,20,0.6,0.934068055375491,0.6253693663819814,0.8894067353448727,0.8703981164383562,0.7683160579647696,16907|16532|13154|15982|15815|16583|16874|16797|16589|16529|1043|15948|7257|16975|9327|12329|16983|11146|8642|15488
BatchTopK SAE,20260828,18,iot_hue_lightup,2153,27,119,20,0.65,0.9927744539878083,0.4537595199822434,0.9007140428425706,0.8279109589041095,0.8011689020157494,5727|1071|3883|1756|80|6015|3762|2591|3700|962|3595|12675|4516|2906|2403|41|2075|1993|665|2082
BatchTopK SAE,20260828,19,recommendation_locations,9084,31,174,20,0.65,0.9927744539878083,0.575623146129992,0.9602183487649236,0.8760279212086439,0.48597075641833576,12930|11959|11706|11678|12066|11916|11778|11802|11796|12019|6663|10497|12020|13318|11947|11607|11677|13867|15113|4048
BatchTopK SAE,20260828,20,play_audiobook,6519,41,82,20,0.6,0.6098403047164004,0.317049193929506,0.724232753089403,0.6214024914089348,0.3711810001104083,9746|9856|4001|10338|9767|9896|9895|11733|9909|9732|9855|12104|11427|9718|11273|9897|4031|9520|10350|9700
BatchTopK SAE,20260828,21,lists_createoradd,8203,39,144,20,0.2,0.28639695711595625,0.6491827750879429,0.79196978053243,0.7406291834002677,0.7752800144718709,10756|11085|10757|10804|10940|10538|11023|10759|10776|10790|6980|10893|11250|10640|10494|10455|10493|10738|10827|11024
BatchTopK SAE,20260828,22,news_query,4584,124,322,20,1.0,0.6098403047164004,0.7123612320403534,0.8926616873100132,0.8543893805309735,0.7441063478343101,15214|3060|2651|2594|5930|178|424|5286|2315|5270|3603|3624|5297|1061|3605|4258|768|1474|4837|2386
BatchTopK SAE,20260828,23,alarm_query,6926,34,28,20,0.35,0.9709505944546686,0.12960260681407015,0.614599623080316,0.7114677775055134,0.3232052245186776,4851|9619|4121|13705|5122|5006|15686|4247|508|2283|201|13777|4145|7844|8795|8426|16353|4119|6405|1483
BatchTopK SAE,20260828,24,iot_wemo_on,112,10,11,11,0.09090909090909091,0.8453509366224364,0.41471047550528395,0.5482420554428669,0.497870528109029,0.44564577346185236,4154|16693|14555|16373|9909|9656|15155|4201|4240|13451|11764
BatchTopK SAE,20260828,25,general_joke,178,19,135,20,0.8,0.9927744539878083,0.7068514241766358,0.9721404222662454,0.9998580352072687,0.7390582704878969,6147|2721|4217|412|1256|4982|4216|1372|494|6517|8672|527|1158|5952|13074|1579|411|4913|13400|3330
BatchTopK SAE,20260828,26,qa_definition,2309,57,120,20,0.9,0.7219280948873623,0.5475729493320926,0.8360061954956095,0.8847739048516251,0.6328056060690196,13288|12963|12982|13069|13165|14622|13361|14378|13863|14879|14138|15127|13908|14995|13900|14761|14857|10125|13799|14791
BatchTopK SAE,20260828,27,social_query,5961,25,131,20,0.3,0.9709505944546686,0.194221360048399,0.6635813795446822,0.6230802047781571,0.7890939013949904,11426|15321|15304|11339|15444|11858|15249|11328|3398|15326|15181|11536|451|9940|15296|15785|5014|15906|16799|6650
BatchTopK SAE,20260828,28,music_settings,5728,6,18,18,0.0,0.9910760598382222,-0.002998787479668522,0.49696151249155973,0.4995741056218058,,6617|13172|6372|13221|14170|5365|10846|15794|12999|13101|9726|3785|10285|13310|6815|14115|2166|14169
BatchTopK SAE,20260828,30,calendar_remove,7709,67,290,20,0.45,0.8112781244591328,0.7827461549393598,0.9853627416176614,0.9687275433733703,0.7892195504992997,10895|8856|10590|11164|8888|10970|10743|10828|9015|6918|7836|10808|7820|8666|11053|10527|8516|4833|8732|10444
BatchTopK SAE,20260828,31,iot_hue_lightdim,4324,21,163,20,0.3,0.934068055375491,0.25844621710506516,0.8897668330990354,0.9579147267826512,0.8544503365086435,5481|6015|2207|3809|1048|5339|5611|5201|1715|3834|5823|3474|5219|3386|1933|3280|5165|1639|2128|1352
BatchTopK SAE,20260828,32,calendar_query,7150,126,52,20,0.5,0.8112781244591328,0.030984513232461933,0.5492554985869553,0.5745973938164608,,10493|10931|8782|10455|7316|7693|14272|13619|7690|8058|7319|7539|4376|7266|13312|10954|8914|2733|10081|8559
BatchTopK SAE,20260828,33,email_sendemail,4205,114,306,20,0.95,0.8112781244591328,0.8886598049755213,0.9734460099091458,0.9835362318840579,0.9100637628541517,16851|15942|17011|16622|16314|16496|16005|17043|15796|16780|16995|16297|16630|15756|16377|17143|16838|17113|16375|17019
BatchTopK SAE,20260828,34,iot_cleaning,4911,26,71,20,0.95,0.0,0.7500065507786609,0.9412618313026199,0.8999145299145299,0.9679204074421899,292|1575|2903|864|4013|5697|2959|1151|1924|1059|4043|2434|2960|290|4240|4201|3841|635|2517|843
BatchTopK SAE,20260828,35,audio_volume_down,537,11,28,20,0.0,0.6098403047164004,0.05542416538561168,0.4952654717619209,0.49744463373083475,0.8178746144074998,6295|15635|15703|14857|10426|5577|5037|5912|15138|6243|14701|13340|12824|12759|4244|4712|5573|3320|15382|738
BatchTopK SAE,20260828,36,play_radio,8994,72,114,20,1.0,0.8812908992306927,0.6906032618001657,0.9212011778698588,0.8916480654761904,0.9244617411951377,9326|9520|9361|9561|9321|9317|9362|9237|9384|9601|9353|9212|9225|9394|9542|9408|9303|9406|9471|9250
BatchTopK SAE,20260828,38,datetime_convert,5799,15,73,20,0.0,0.0,-0.0037705616271125606,0.4876396884524213,0.49744897959183676,-0.0037888987112721104,12999|9303|6616|13439|13758|15020|16992|16165|9856|17052|14126|16801|13252|5820|13363|14605|9594|540|7686|15809
BatchTopK SAE,20260828,39,qa_maths,8695,25,12,12,0.75,0.8112781244591328,0.5818566471662114,0.6796738022426094,0.7495748299319729,0.8683965306236718,13122|13460|14223|13172|13552|14615|13310|13459|13040|9471|9678|15382
BatchTopK SAE,20260828,40,iot_hue_lightoff,4148,43,76,20,0.7,0.28639695711595625,0.14859973194314854,0.8914768435698669,0.9974763745704468,0.8662190315588197,3993|3098|2774|2711|4346|999|914|6041|651|730|369|3883|1071|1993|5047|2298|1750|5727|3570|3008
BatchTopK SAE,20260828,41,iot_hue_lighton,6453,3,35,20,0.0,0.28639695711595625,0.1261602457414749,0.49409780775716694,0.49830220713073003,-0.0029388312480591694,14382|12951|12294|6764|13867|6073|1071|4461|2578|16891|5919|15137|12558|15652|12844|11677|2350|31|3570|10317
BatchTopK SAE,20260828,42,transport_query,5974,51,179,20,0.6,0.0,0.5385035568468097,0.9092070149966055,0.9333524574488429,0.8279238466726461,12436|12213|12759|12366|12618|13215|12281|12722|12452|12437|6403|12446|9182|12908|12354|12293|12381|12166|12245|12818
BatchTopK SAE,20260828,43,music_likeness,2818,36,78,20,0.35,0.9927744539878083,0.430077075809635,0.6430432393512203,0.6954700854700855,0.5281627470351261,150|3030|4671|9871|931|8358|6994|71|8539|3029|8037|11470|6243|5229|7751|9541|6550|1745|5707|8541
BatchTopK SAE,20260828,44,email_query,1522,119,268,20,0.6,0.9709505944546686,0.7508754964236075,0.9747412478504915,0.9579978529253893,0.8493837811867172,17069|16170|16459|15785|16791|15942|15968|16914|17043|16846|17051|16455|16052|16005|17156|16924|17116|16263|16911|16642
BatchTopK SAE,20260828,45,play_music,3421,176,407,20,0.35,0.9927744539878083,0.7644897509045614,0.946769585178432,0.9442902997660628,0.8422301155544593,2093|5401|379|1677|9364|1807|4960|4040|5531|2387|2355|5261|1047|3433|5250|5229|3912|2373|182|4560
BatchTopK SAE,20260828,46,audio_volume_mute,228,32,87,20,0.75,0.8812908992306927,0.45645091767405704,0.8858566076294279,0.8310502283105022,0.8041055828994004,2205|2795|189|5813|5525|3582|3812|3837|2207|608|2206|6166|12104|13346|4653|3460|6371|804|3|3581
BatchTopK SAE,20260828,47,social_post,369,81,165,20,0.75,0.7219280948873623,0.8388607821820823,0.8933618990194443,0.8168417900696864,0.8996524591139099,15556|15401|15723|15333|6500|15508|15177|15275|15670|15280|15706|15513|15445|15647|15337|15459|15276|15557|15271|15208
BatchTopK SAE,20260828,48,alarm_set,5167,41,235,20,0.4,0.0,0.803486148631723,0.9452698592582098,0.9915606845658659,0.8626589092616733,862|1862|4121|5365|1635|1509|174|1646|5292|8867|4851|1454|2985|1774|533|3986|5006|861|939|8741
BatchTopK SAE,20260828,49,qa_factoid,598,141,80,20,0.65,0.9709505944546686,0.3724472474045499,0.5909442132225476,0.7105208333333334,0.746160465388305,12951|14770|12972|14395|14567|13625|14505|11861|14440|13115|14684|14884|14746|11802|13853|13591|13855|9871|1047|6366
BatchTopK SAE,20260828,50,calendar_set,7542,209,68,20,0.65,0.934068055375491,0.12299341861416335,0.5651369766800606,0.6106590909090908,0.07329326290037368,7450|7596|6744|16729|7057|7463|7055|9700|7774|7449|8496|7196|9095|6836|6431|7662|6865|13215|6937|6856
BatchTopK SAE,20260828,51,play_game,118,35,35,20,0.85,0.4689955935892812,0.3810355550106073,0.769967366421509,0.8426761168384881,0.4889944433189665,10260|10350|10247|10365|10288|10276|10296|10292|10381|10346|10339|10352|10338|10335|11024|14653|10321|8694|10256|10317
BatchTopK SAE,20260828,52,alarm_remove,1158,21,116,20,0.4,0.0,0.1482104389412439,0.9430736665212403,0.8644406392694064,0.7837630764770613,6162|5292|5051|862|3771|2985|399|884|796|861|920|8867|3435|1454|1774|4145|1646|1483|508|2983
BatchTopK SAE,20260828,53,lists_remove,7086,52,96,20,0.65,0.0,0.053947703603686184,0.7804750976047273,0.570999754962019,-0.002378217384808771,10825|10508|4833|10527|10462|10433|11023|8516|10590|8856|10790|10565|10568|7890|4017|6928|11024|10887|11168|6918
BatchTopK SAE,20260828,54,transport_taxi,4864,23,35,20,0.95,0.8812908992306927,0.7362666175224389,0.9562117073890899,1.0,0.9644398249833389,12212|12299|12213|12710|12608|12161|12844|12329|12383|12553|12745|12244|12558|12121|12377|12905|12452|12716|16797|12779
BatchTopK SAE,20260828,55,recommendation_movies,8842,20,34,20,0.65,0.8812908992306927,0.5435135395039146,0.8231088873812754,0.9975865985235661,0.7186668554363678,11920|6621|11871|11862|11633|6290|11812|11634|11990|11695|6127|11600|13181|11987|6495|11858|6892|13536|11861|11636
BatchTopK SAE,20260828,56,iot_coffee,2927,36,78,20,0.95,0.9927744539878083,0.909268876033199,0.9714927239654388,1.0,0.8946065489617792,6034|4244|2512|2026|4084|448|6061|5149|2868|3568|6060|2288|4271|5917|2753|1812|12526|2733|4443|3323
BatchTopK SAE,20260828,57,music_query,4418,35,78,20,0.55,0.8112781244591328,0.4323957775226729,0.8524280356534022,0.8286479250334672,0.6929152928210903,2387|2355|484|1940|3178|4560|4998|3864|1176|6014|5261|6134|5912|150|4671|3030|5544|1777|4477|8681
BatchTopK SAE,20260828,58,play_podcasts,1559,63,166,20,1.0,0.9709505944546686,0.6844172973266011,0.9246755730404611,0.9464655172413793,0.8004781821861583,11409|11474|11345|11459|11539|11279|11318|11259|11303|11417|11438|11340|11296|11270|11458|11368|11470|11366|11376|11505
BatchTopK SAE,20260828,59,lists_query,8633,51,54,20,0.85,0.9927744539878083,0.11593164091160264,0.7220485726001062,0.7838152413624111,0.4976214620153755,10760|11107|10868|10957|11172|10851|10979|16131|2684|11081|10577|10805|10590|11075|10956|10684|10757|10493|10588|11426
BatchTopK SAE,20260829,0,datetime_query,7925,88,223,20,0.6,0.934068055375491,0.4396518445646087,0.7819089330808081,0.769768115942029,0.6293406169275596,7291|1266|3091|2309|4253|1014|7319|4112|8079|5997|2801|11177|4813|4772|197|4121|974|4362|4882|4336
BatchTopK SAE,20260829,1,iot_hue_lightchange,5641,36,37,20,0.9,0.6098403047164004,0.3929253892642668,0.888178338638775,0.7482935153583619,0.7590668960871018,2551|263|4249|4826|1960|3542|456|2542|3050|4247|2540|3280|4248|3734|897|2283|4803|1217|1427|2264
BatchTopK SAE,20260829,2,transport_ticket,8025,35,87,20,0.85,0.6098403047164004,0.5041571317632995,0.9698991768545127,0.9988360695907865,0.912063084701335,12873|12306|12874|12511|12162|5128|12308|12604|12340|12160|12802|12536|12618|12453|12722|12381|12724|12537|12281|12166
BatchTopK SAE,20260829,3,takeaway_query,5505,35,27,20,0.45,0.6098403047164004,0.226932296476878,0.6261945350932735,0.6229309360730594,0.47102615563905265,2773|2035|2165|2684|3413|2432|4272|4224|4934|6325|2208|16930|16010|14545|6594|7894|168|15231|8345|10132
BatchTopK SAE,20260829,4,qa_stock,17,26,82,20,0.85,0.0,0.8733872840163676,0.9600481096062333,0.963856897819162,0.8197302999857022,14644|14475|14820|14904|4606|14473|14544|14090|14253|13934|14342|5016|14189|13734|14874|14555|14925|451|2995|14926
BatchTopK SAE,20260829,5,general_greet,1409,1,1,1,0.0,0.0,0.0,0.4998314796090327,0.5,,6014
BatchTopK SAE,20260829,6,recommendation_events,1868,43,140,20,0.55,0.4689955935892812,0.43988282849108473,0.8628225004969191,0.8092322185586434,0.4792221316769141,7013|11839|8822|13619|12008|11999|6891|7613|11616|8029|11585|7113|6928|11798|11770|11782|11767|6860|7980|7946
BatchTopK SAE,20260829,7,music_dislikeness,1887,4,11,11,0.0,0.9940302114769565,0.19421954853096648,0.49814439946018896,0.49957555178268254,,5152|11455|11259|11409|11438|6221|12813|11343|3207|3532|14555
BatchTopK SAE,20260829,8,iot_wemo_off,7556,18,37,20,0.35,0.9709505944546686,0.24031301536867655,0.6908286252354049,0.7495748299319729,0.9745183603500182,4201|1551|3298|4966|2566|4154|13023|10268|7503|4026|4799|13312|5652|321|10853|10217|2208|3364|8828|10119
BatchTopK SAE,20260829,9,cooking_recipe,5512,72,96,20,0.7,0.934068055375491,0.43465123633746394,0.8271850061387355,0.8456465517241379,0.6443650982270891,9961|9941|9969|10072|10770|10045|10501|10171|10214|10217|10107|4544|10621|10076|13043|10055|10812|10099|9962|10166
BatchTopK SAE,20260829,10,qa_currency,8557,39,96,20,0.95,0.0,0.8912689072472677,0.99965858654831,0.9998558246828143,0.9048428873036483,281|13796|14762|14973|14599|13738|13896|14453|14304|14029|14239|14437|14620|13684|14928|14241|15124|13685|13982|14074
BatchTopK SAE,20260829,11,transport_traffic,7362,15,66,20,0.65,0.0,0.43801002414078716,0.9316175640591489,0.9371241408934707,0.8283545954193533,6295|12717|12413|12289|13215|12675|12672|12442|12685|12838|12869|12736|12789|12693|12254|12240|333|4492|5955|3586
BatchTopK SAE,20260829,12,general_quirky,5396,169,6,6,0.6666666666666666,0.6500224216483541,-0.0007486561589228285,0.5114833911519541,0.5250169033130494,0.37980013292406517,6515|6388|6516|7892|6227|11505
BatchTopK SAE,20260829,13,weather_query,3932,156,187,20,0.95,0.0,0.8102826970801847,0.8909549731918154,0.9666498655913979,0.919608556857156,3507|1933|4614|3407|4227|2678|3516|6473|2917|2611|790|1655|2322|4383|1308|216|3406|4266|2890|3614
BatchTopK SAE,20260829,14,audio_volume_up,7558,13,117,20,0.25,0.934068055375491,0.23422657170832578,0.7590524534686971,0.6991452991452991,0.8545091378018337,443|5481|4831|2207|5611|2591|1640|4090|170|5339|8035|1630|13685|3834|1048|3809|4606|12800|13934|14597
BatchTopK SAE,20260829,15,email_addcontact,4674,12,104,20,0.2,0.0,0.24094279463648596,0.9067715381145693,0.9985119047619048,0.686395166775004,11146|15829|16225|10956|10954|16956|16519|16955|15948|16455|17111|15946|16797|16777|16781|17090|17116|16529|16711|17054
BatchTopK SAE,20260829,16,takeaway_order,7332,22,82,20,0.35,0.0,0.22164958623699574,0.7183237672036042,0.7888841324200915,0.7750300310410663,168|3021|2480|5406|3671|1379|2336|3835|170|132|5488|5324|169|1247|4137|3295|3020|171|2255|2338
BatchTopK SAE,20260829,17,email_querycontact,3631,26,65,20,0.8,0.0,0.6905842315881818,0.8042671129006956,0.7887771118721463,0.5894813293224649,16907|15815|16529|13154|15982|16532|16874|16797|17111|15983|16777|16983|16523|16583|16672|16589|16975|16225|15948|14190
BatchTopK SAE,20260829,18,iot_hue_lightup,5147,27,181,20,0.5,0.7219280948873623,0.8228698252034233,0.987280718324581,0.985587899543379,0.9333147398696008,3700|1756|962|3595|3883|1071|6015|3762|468|2264|3386|5574|5201|2075|3834|3098|2711|2774|964|80
BatchTopK SAE,20260829,19,recommendation_locations,7661,31,179,20,0.4,1.0,0.541243760843555,0.8756905773940932,0.8551826353031173,0.791190645500755,4461|6072|3276|3020|5840|11677|4048|11947|9137|12019|11678|11796|2414|2447|11778|3671|11922|5406|11802|2850
BatchTopK SAE,20260829,20,play_audiobook,2413,41,88,20,0.25,0.8112781244591328,0.4323896828252176,0.6837392818752238,0.5503651202749141,0.17958347687898737,3562|10579|3011|3894|3031|8100|608|9116|9815|5911|9827|9855|3103|151|9857|14367|11505|6596|16961|16056
BatchTopK SAE,20260829,21,lists_createoradd,414,39,244,20,0.35,0.4689955935892812,0.6238750071235791,0.7166180809062339,0.6487378083763625,0.6977141774802138,10427|11023|10756|10538|10757|10753|10940|11085|7774|10812|10776|10759|10513|15333|10678|10815|11177|10645|10770|12817
BatchTopK SAE,20260829,22,news_query,4382,124,370,20,1.0,0.6098403047164004,0.7625771177064755,0.8972908443355565,0.8550973451327434,0.7315951904212838,3060|15214|1061|2496|2315|2203|3603|441|3624|2594|178|5286|5270|3037|2651|4662|424|1474|5688|5930
BatchTopK SAE,20260829,23,alarm_query,4974,34,38,20,0.4,0.6098403047164004,-0.0054595310084105545,0.6873822125987409,0.8175998529772114,0.41918404537863624,4851|5122|862|4121|6055|4247|5201|5006|796|4249|1658|10979|2283|10590|4017|5365|13363|939|15348|508
BatchTopK SAE,20260829,24,iot_wemo_on,3290,10,21,20,0.0,0.4689955935892812,-0.0020456733230870628,0.4964503042596349,0.49701873935264057,-0.005731008854458684,13451|4154|10213|10031|11384|5050|16624|41|16693|11174|7046|16049|12693|5370|14138|14668|9694|14063|1072|10338
BatchTopK SAE,20260829,25,general_joke,8054,19,171,20,0.85,0.9927744539878083,0.7496964121756956,0.9989470114757902,0.9997160704145373,0.8927790774688962,2721|6147|4217|1256|412|4982|1372|5952|4216|494|1158|6517|527|4913|1579|411|8672|3330|124|13074
BatchTopK SAE,20260829,26,qa_definition,2593,57,199,20,0.95,0.9927744539878083,0.688957419947209,0.875270450258246,0.8848916627414036,0.7627496928700334,13288|13361|13900|13908|13863|13069|12982|12963|13165|14879|14378|14761|12957|14995|14857|13799|13907|10125|15127|13689
BatchTopK SAE,20260829,27,social_query,4861,25,43,20,0.25,0.9709505944546686,0.44637949493131696,0.6146517159361197,0.6847269624573379,0.7853307897405043,11426|11339|15304|15511|15444|15321|9569|15326|3008|783|3779|15508|6615|10931|2234|9678|12724|9506|3492|15138
BatchTopK SAE,20260829,28,music_settings,592,6,4,4,0.0,0.8112781244591328,-0.00048126821654066515,0.49932478055367996,0.5826235093696763,,4116|3264|5557|6701
BatchTopK SAE,20260829,30,calendar_remove,1136,67,235,20,0.7,1.0,0.6675504014235897,0.9735448918797944,0.9134329124319887,0.8363021904569982,10895|10590|7891|7993|7609|6713|8430|8670|8410|11164|7080|10808|8302|8431|7289|9015|8856|7660|10770|1675
BatchTopK SAE,20260829,31,iot_hue_lightdim,8842,21,41,20,0.6,0.7219280948873623,0.368941008485668,0.8544767075476272,0.7114677775055135,0.4937763091635968,14|3222|2350|3280|158|2351|4896|12104|964|5439|2016|1030|6093|790|468|665|2128|1778|5988|5727
BatchTopK SAE,20260829,32,calendar_query,4564,126,145,20,0.75,0.28639695711595625,0.2506674936408211,0.6268221574344023,0.6103018009711723,0.6214234064976013,8044|7120|8494|7570|6850|8916|8559|6432|8975|7690|7502|8043|10570|7397|10832|9197|6213|10931|12392|8084
BatchTopK SAE,20260829,33,email_sendemail,2952,114,295,20,0.85,0.9927744539878083,0.8935749631317484,0.9615559571669188,0.9806376811594203,0.9184779654855414,16851|16005|17043|17011|16318|16056|16630|16375|15765|17069|16496|16613|16314|15942|16780|16506|15841|15796|16995|15970
BatchTopK SAE,20260829,34,iot_cleaning,6326,26,66,20,1.0,0.0,0.6777811913694044,0.980148250797469,0.9988888888888889,0.9358299072410248,4013|5697|1575|864|2903|292|1941|5330|4173|2959|3841|4043|1059|1924|1151|290|2960|2434|635|2517
BatchTopK SAE,20260829,35,audio_volume_down,6882,11,24,20,0.0,0.28639695711595625,-0.00203331724367714,0.4959418329387893,0.4948892674616695,0.6696987055224315,6295|15703|15635|5577|14857|10846|6243|13361|5122|4436|10426|9706|10687|5573|13681|1630|4272|4831|9961|4090
BatchTopK SAE,20260829,36,play_radio,1810,72,81,20,0.85,0.8812908992306927,0.6372122822761295,0.8939677332719459,0.8556857638888891,0.9299751487352257,9326|9520|9317|9321|9406|9212|9225|9542|9394|9408|9619|9632|9263|9601|3101|2365|5614|9353|9362|9361
BatchTopK SAE,20260829,38,datetime_convert,1942,15,86,20,0.25,0.8812908992306927,0.6945915802518567,0.657478270685179,1.0,0.9194001519437717,944|5332|5333|10125|5497|4845|1803|14787|14822|1120|15055|13639|13761|1710|12957|14074|5016|8426|14179|15032
BatchTopK SAE,20260829,39,qa_maths,6653,25,34,20,0.6,0.7219280948873623,0.5106269963489659,0.798097179748556,0.7495748299319729,0.8291545004803371,13460|14223|13172|13552|13040|13459|13035|14615|13370|13412|13122|13310|13547|6789|2396|5321|14549|3207|8100|1124
BatchTopK SAE,20260829,40,iot_hue_lightoff,1508,43,222,20,0.7,0.0,0.39418094859641584,0.9930033790498907,0.9901202749140894,0.8145562005582919,914|3098|2711|2774|4992|2690|6041|999|3326|4346|651|3993|730|3774|4171|2230|428|5157|2566|4026
BatchTopK SAE,20260829,41,iot_hue_lighton,8919,3,11,11,0.0,0.8453509366224364,-0.0014713033411350059,0.4981450252951096,0.49830220713073003,-0.0029446662952707582,14382|12951|12294|10956|486|31|5160|2208|12264|4136|13867
BatchTopK SAE,20260829,42,transport_query,1153,51,111,20,0.55,0.6098403047164004,0.3714300094434397,0.705263936222415,0.7435456110154905,0.7709909527987706,14457|12693|6403|12437|12856|14179|12759|13215|12473|12532|13774|14792|12240|12419|12817|14585|14214|3539|1510|12789
BatchTopK SAE,20260829,43,music_likeness,1590,36,85,20,0.4,0.9927744539878083,0.15791793661900216,0.6838619827194179,0.7431623931623932,0.4347374619408898,150|3030|4671|4086|4998|3029|3178|9871|9541|15113|5199|9562|931|3915|11778|6582|11470|10709|2400|8631
BatchTopK SAE,20260829,44,email_query,7093,119,253,20,0.7,0.9709505944546686,0.7080721265837241,0.9545292318401563,0.9551798174986581,0.8430910631002388,16459|17069|15968|15942|16170|15785|16914|16791|16506|16052|15998|16373|16814|17051|17116|16781|16593|16263|16987|16924
BatchTopK SAE,20260829,45,play_music,1030,176,462,20,0.3,0.934068055375491,0.75034512615053,0.9374216511461319,0.9200329144225016,0.8016019497986897,1807|2387|5261|3433|379|2093|5401|1677|1872|4428|5531|3912|4086|8672|1047|5250|3264|2365|827|761
BatchTopK SAE,20260829,46,audio_volume_mute,3190,32,97,20,0.75,0.934068055375491,0.4014061500943133,0.8696355585831063,0.874322203196347,0.8970395413626939,2205|2795|189|608|3582|5813|5525|3812|12104|2206|6166|3837|11427|3460|315|4854|3581|4653|2207|13346
BatchTopK SAE,20260829,47,social_post,4693,81,128,20,0.95,0.6098403047164004,0.636753686202574,0.838554696019192,0.7010697952961673,0.778458726777239,15271|15177|15556|15231|15337|15557|6500|15459|15208|15503|15706|15275|15723|15661|15166|15670|15707|15647|15560|15197
BatchTopK SAE,20260829,48,alarm_set,7636,41,146,20,0.3,0.0,0.7010825504524797,0.9370036747856374,0.9679894802951798,0.9014546836552411,1509|174|5365|1862|862|1635|4121|5006|3870|612|1454|1774|940|5082|1646|2168|4851|4921|939|63
BatchTopK SAE,20260829,49,qa_factoid,949,141,27,20,0.9,0.7219280948873623,0.5009190875010863,0.5771925731359459,0.5742113095238095,0.24355339994402095,14567|13798|14884|13580|13974|14417|15095|14317|14306|12972|14368|14096|14118|13853|14653|14150|14038|13869|13383|14382
BatchTopK SAE,20260829,50,calendar_set,8826,209,245,20,0.7,0.0,0.4170353855026541,0.6880119175000998,0.6804034090909091,0.5856099194233181,6789|16944|8414|7039|7559|7808|12261|6974|9095|7057|6744|8825|8882|7843|6878|7596|7055|8056|8004|12127
BatchTopK SAE,20260829,51,play_game,460,35,52,20,0.9,0.6098403047164004,0.580608921106716,0.8410062831815304,0.9367482817869416,0.7580890505351282,10288|10247|10292|10350|10268|10317|10346|10357|10321|10260|10333|10365|10338|10276|10339|10319|10285|10296|14701|5529
BatchTopK SAE,20260829,52,alarm_remove,2077,21,17,17,0.0,0.9774178175281716,-0.0027980720076459112,0.497115710892433,0.7039098173515982,-0.006879035295849488,14644|3993|16938|10323|14564|14925|12409|3812|5525|14475|14526|15765|12293|13684|15056|3727|14116
BatchTopK SAE,20260829,53,lists_remove,7729,52,37,20,0.5,0.9709505944546686,0.12313545506469596,0.6019507755618866,0.6037123254104385,-0.006644560522310636,10808|10590|10430|10970|10895|3435|11124|11026|10608|399|10444|14668|10743|11162|10790|7892|8888|11502|16589|10508
BatchTopK SAE,20260829,54,transport_taxi,8735,23,28,20,0.95,0.934068055375491,0.7421919291287147,0.9563150513028714,1.0,0.9593812058776513,12299|12212|12710|12383|12844|12608|12553|12213|12329|12161|12121|12905|12244|12745|12558|16797|12377|12779|12716|12159
BatchTopK SAE,20260829,55,recommendation_movies,3765,20,156,20,0.7,0.8812908992306927,0.7518664962588579,0.970581750339213,0.9998580352072687,0.7957424370091557,6621|6892|11990|11633|14444|11920|11812|11862|11871|11600|11987|11861|13181|11634|11858|11695|12104|14994|11733|14608
BatchTopK SAE,20260829,56,iot_coffee,5363,36,55,20,1.0,0.7219280948873623,0.8982614010360739,0.985751098984387,0.9997146118721462,0.8926421740844362,6034|4084|4244|2512|5917|1276|2753|6061|4798|4988|3568|448|4271|2026|3321|5017|2812|6060|2868|4272
BatchTopK SAE,20260829,57,music_query,7309,35,210,20,0.55,0.9709505944546686,0.7099453106348075,0.8851346743948176,0.8770319372729011,0.6707434205156019,1940|2387|3178|5250|1807|4477|4998|761|4428|484|2373|4560|1622|3741|150|4671|3030|1777|1745|5531
BatchTopK SAE,20260829,58,play_podcasts,4943,63,240,20,0.95,0.934068055375491,0.7017734818432361,0.9221785099582002,0.9196767241379311,0.7983177071843499,11459|11539|11376|11474|11259|11409|9361|11296|11345|11458|11270|11438|11368|11470|11467|11505|11279|11318|11460|11418
BatchTopK SAE,20260829,59,lists_query,7103,51,72,20,0.8,0.8112781244591328,0.20388999383169532,0.7201462689978287,0.819743935309973,0.5315004693758225,10760|11107|11075|10805|11172|10588|11081|10957|10684|10851|10577|10868|11426|10858|10979|10954|10927|10936|2684|3603
Blockwise SAE control,20260827,0,datetime_query,1347,88,331,20,0.9,0.4689955935892812,0.5109197843599665,0.8193970959595959,0.6897971014492754,0.6796181236191506,4183|5997|4772|4667|5703|360|3460|5774|3669|1202|1148|6118|2859|3960|47|974|5427|486|2472|4580
Blockwise SAE control,20260827,1,iot_hue_lightchange,1570,36,46,20,0.9,0.0,0.5357688953618657,0.8874393663786568,0.7490401023890785,0.8199531040029822,4803|2975|3542|1960|4826|3386|263|3543|564|3734|897|3050|1217|2551|2542|13069|1511|4299|5026|4247
Blockwise SAE control,20260827,2,transport_ticket,2086,35,44,20,0.6,0.6098403047164004,0.2917291344156409,0.825629535823876,0.8545699583435433,0.7837424304917198,12306|12453|12873|12874|12604|12618|12469|12162|12511|12722|12354|12294|12343|12235|12189|12308|12724|12824|12310|12381
Blockwise SAE control,20260827,3,takeaway_query,1700,35,37,20,0.75,0.0,0.3868158959495829,0.7261604403097753,0.869470605022831,0.7268035658502879,170|2480|132|169|5324|5488|168|3020|171|5552|1379|5406|3021|3295|1247|3835|4224|4048|2908|9971
Blockwise SAE control,20260827,4,qa_stock,1928,26,53,20,1.0,0.934068055375491,0.693315242916779,0.9414448569785075,0.8927039941190884,0.6359330825687795,14090|14253|14189|14820|14342|14473|14874|14555|14475|14406|14926|14644|14925|13754|14544|14190|13639|13734|13934|14130
Blockwise SAE control,20260827,5,general_greet,1946,1,18,18,0.0,0.9182958340544896,0.1550266167251942,0.4969666329625885,0.4991496598639456,,6457|6710|6645|10286|12604|4909|3727|2225|506|13546|10350|540|2472|3205|15155|4154|15208|296
Blockwise SAE control,20260827,6,recommendation_events,2746,43,32,20,0.5,0.28639695711595625,0.17039039306474624,0.6482846352613795,0.6760872978489559,0.5601761399028083,11860|11841|7946|6860|2780|7690|7026|8322|8822|11643|11644|11612|2113|11616|11705|15700|6973|9110|7981|7613
Blockwise SAE control,20260827,7,music_dislikeness,968,4,46,20,0.1,0.8112781244591328,0.024319503111505863,0.745023616734143,0.49957555178268254,,5152|11455|11259|11409|13694|11438|1127|3103|11458|3029|15326|862|9767|10848|2560|7697|3779|9856|14889|7971
Blockwise SAE control,20260827,8,iot_wemo_off,857,18,17,17,0.35294117647058826,0.7871265862012691,-0.0023068350806786393,0.6651224105461393,0.7476615646258504,0.8040423123409681,2566|1551|5652|3298|321|4799|4966|2283|426|10699|15982|4680|3750|5886|4601|14283|4154
Blockwise SAE control,20260827,9,cooking_recipe,2502,72,192,20,0.6,1.0,0.7268862266138372,0.9344018569674647,0.8924137931034484,0.7243210426461559,10150|10099|4544|10164|13043|9940|1516|10100|10097|668|10177|10019|10982|1831|9962|1379|9942|2414|9941|10226
Blockwise SAE control,20260827,10,qa_currency,2607,39,52,20,0.95,0.0,0.8292539699231545,0.9997111116947238,0.9582612456747405,0.8068536170130616,13796|14973|14762|14029|13684|13738|281|13982|14599|13685|14453|14304|13896|14620|14658|14437|13847|14239|13741|13722
Blockwise SAE control,20260827,11,transport_traffic,595,15,26,20,0.65,0.4689955935892812,0.6357238642291247,0.9327463596342702,0.936426116838488,0.9246874182776575,12736|12717|12413|12675|12685|12838|12869|12442|12672|12254|12789|12240|13215|6295|11650|14457|4482|12693|525|12289
Blockwise SAE control,20260827,12,general_quirky,1701,169,355,20,0.2,0.6098403047164004,0.6627016030182938,0.5446852320461026,0.5557040998217468,0.6278459623644834,8916|7314|7570|12392|11322|6305|8029|6516|4606|6515|8782|3253|15214|2315|588|7892|317|8494|7120|6304
Blockwise SAE control,20260827,13,weather_query,638,156,83,20,0.85,0.8812908992306927,0.31536314577845376,0.641996753838859,0.6522457437275986,0.650668491480634,5321|4689|2265|3338|6116|3507|3784|2545|299|4168|1866|333|2917|334|7353|17023|12789|4227|4412|2220
Blockwise SAE control,20260827,14,audio_volume_up,2482,13,54,20,0.1,0.7219280948873623,0.3351009684082262,0.6463751138878042,0.49615384615384617,0.7025024765931421,261|258|2234|15464|13717|9225|8044|6221|1994|6438|13064|6220|9620|5577|751|6055|3329|9629|11600|8767
Blockwise SAE control,20260827,15,email_addcontact,553,12,75,20,0.2,0.0,0.6688138835476686,0.9516801984663958,0.9991496598639457,0.941226052513125,11146|16225|15829|10954|10956|17111|17090|15948|15946|16956|16455|16955|16777|16797|16781|16519|16872|16710|17054|16711
Blockwise SAE control,20260827,16,takeaway_order,943,22,135,20,0.5,0.4689955935892812,0.6217180367140592,0.9464296735172499,0.9494506278538811,0.8621119504431829,1379|1831|5488|1516|11677|2414|3295|168|11802|4934|3835|1043|1247|2480|4137|6112|5406|5840|3021|132
Blockwise SAE control,20260827,17,email_querycontact,1943,26,105,20,0.45,0.7219280948873623,0.5543917761747434,0.6817706426815877,0.6222531392694064,0.6907756378181482,16907|13154|15815|16874|16529|16983|15982|16583|16373|11146|4073|15488|13370|4174|3441|16975|13491|16797|13040|426
Blockwise SAE control,20260827,18,iot_hue_lightup,967,27,34,20,0.6,0.8812908992306927,0.32609049429655795,0.7940169002732756,0.7035530821917808,0.42343514671141275,3700|5727|3762|3834|2403|1756|3883|5165|3595|2075|2234|1993|12675|4896|3543|1071|3011|158|15563|2082
Blockwise SAE control,20260827,19,recommendation_locations,1920,31,85,20,0.5,0.28639695711595625,0.6726483342316207,0.929673685019825,0.9050009562057756,0.7822375871911693,11916|11778|12066|11947|12930|12019|11706|11959|13619|11839|11969|11954|11802|11782|11942|12054|14792|12098|11911|12797
Blockwise SAE control,20260827,20,play_audiobook,925,41,51,20,0.0,0.8112781244591328,0.028471693782781433,0.5034956294216171,0.49785223367697595,-0.004040267325880367,11474|14967|9323|4654|13694|16375|10077|14096|9940|14505|14684|14316|3986|8741|2957|15904|4173|11146|939|3222
Blockwise SAE control,20260827,21,lists_createoradd,219,39,17,17,0.23529411764705882,0.6722948170756379,-0.002147145229304094,0.5490453554639284,0.5530694205393,0.20388844838127504,10812|10427|10757|11023|10776|11085|10895|10738|10031|10455|10430|10756|10996|10979|10770|10678|11024
Blockwise SAE control,20260827,22,news_query,487,124,304,20,1.0,0.28639695711595625,0.7751902516176614,0.9034654167233792,0.8648672566371681,0.8036162582792166,15214|3060|2315|178|5270|424|441|2651|5930|1474|3603|1061|2496|3039|5286|3624|2203|2594|3605|5297
Blockwise SAE control,20260827,23,alarm_query,1074,34,136,20,0.25,0.8812908992306927,0.2197765394993288,0.7194253979710494,0.7084660622396471,0.3375057039298033,508|6045|2983|13035|4121|10206|10956|10224|4851|4017|5006|7266|6101|13122|3742|8498|8795|13297|13552|5198
Blockwise SAE control,20260827,24,iot_wemo_on,1749,10,32,20,0.05,0.8112781244591328,0.40547697534306115,0.5449797160243408,0.4957410562180579,0.6166724750601282,4154|16693|5050|11081|14414|9885|41|11174|9524|322|16624|9855|11384|13451|15348|11420|14272|9678|14963|5501
Blockwise SAE control,20260827,25,general_joke,766,19,102,20,0.75,0.9709505944546686,0.5950544096243469,0.9723992075815173,0.5833333333333334,,6147|4217|2721|1256|4216|4982|412|494|1579|6517|8672|5952|1372|411|527|1158|12008|13074|13400|3330
Blockwise SAE control,20260827,26,qa_definition,147,57,65,20,0.8,0.9709505944546686,0.331779715163675,0.7232939786773701,0.6129298162976919,0.30364051126833436,14622|13761|13689|13714|14429|13361|13908|15127|14700|13863|12982|13705|13242|14150|13165|14794|14347|14995|10125|14147
Blockwise SAE control,20260827,27,social_query,2270,25,119,20,0.35,0.8112781244591328,0.1929575411964644,0.6454909955827387,0.6749680034129693,0.5224013236463465,15321|15304|15326|11339|11426|11858|15249|15444|15177|11862|15296|15337|3398|15459|11368|783|15508|15333|15560|15345
Blockwise SAE control,20260827,28,music_settings,837,6,21,20,0.0,1.0,0.06423234336565804,0.49645509790681974,0.5819136854060193,-0.003491122796185891,4116|1127|2560|11335|297|2108|1833|3124|391|6372|473|7100|4477|10023|15113|11124|1063|576|8916|13348
Blockwise SAE control,20260827,30,calendar_remove,2480,67,95,20,0.4,0.0,0.016269078668228205,0.721357020481872,0.682886767272354,0.3093443285390381,10887|11168|8409|6798|10743|8888|10828|10433|8732|10462|10527|10565|7836|7892|10673|8769|10936|8302|11023|11133
Blockwise SAE control,20260827,31,iot_hue_lightdim,378,21,7,7,0.14285714285714285,0.863120568566631,-0.001043277749969269,0.5228238563834086,0.6418769909335947,,1423|964|6331|14601|13122|3686|11705
Blockwise SAE control,20260827,32,calendar_query,68,126,384,20,0.5,0.9709505944546686,0.3959595900357374,0.6920986785518806,0.6247618169524862,0.24920196976068376,7316|7539|7693|7496|8782|10493|10931|15789|8058|15181|11107|10455|16712|7690|7266|14071|16467|8559|7762|15933
Blockwise SAE control,20260827,33,email_sendemail,2039,114,110,20,1.0,0.7219280948873623,0.6187548278979174,0.7844269046828705,0.6788260869565217,0.6729329547645619,16995|17011|16622|16005|15796|17043|16314|17143|16297|16282|16780|16103|16496|15756|17123|16028|16245|16892|16605|16880
Blockwise SAE control,20260827,34,iot_cleaning,1587,26,61,20,0.95,0.0,0.6739450567446357,0.960806358834911,0.8999145299145299,0.9862204324570268,292|1575|2903|4013|5697|4173|864|5330|2959|4240|4201|3841|843|1059|290|2434|2960|1924|1151|4043
Blockwise SAE control,20260827,35,audio_volume_down,806,11,0,0,0.0,0.0,0.0,0.5,0.4991482112436116,1.0,
Blockwise SAE control,20260827,36,play_radio,1259,72,100,20,0.95,0.8812908992306927,0.6820833786185001,0.9144269874155925,0.8919580853174601,0.920460752974062,9326|9520|9361|9321|9317|9212|9225|9394|9408|9542|9561|9237|9250|9601|9353|9362|9384|9406|9471|3101
Blockwise SAE control,20260827,38,datetime_convert,1821,15,36,20,0.25,1.0,0.6984998286751831,0.6631222485607856,1.0,0.9311089931747544,944|5332|5333|10125|5497|4845|1803|14822|14787|15055|14564|13761|6542|9971|1120|13639|8426|5016|6962|14339
Blockwise SAE control,20260827,39,qa_maths,351,25,42,20,0.85,0.7219280948873623,0.6128742911699002,0.8786952089704383,0.7497874149659863,0.8240772858012886,13552|13459|14615|13035|13412|13102|13172|13766|14268|13310|13101|13391|13359|13460|14223|13370|4601|14130|14342|14025
Blockwise SAE control,20260827,40,iot_hue_lightoff,733,43,31,20,0.55,0.28639695711595625,0.19649744625690474,0.6486503677201352,0.5897497852233677,0.6687666696987434,4026|914|4346|3098|2711|2774|2298|6041|651|3774|10338|4024|369|999|1786|2566|1774|1454|2679|964
Blockwise SAE control,20260827,41,iot_hue_lighton,2297,3,17,17,0.058823529411764705,0.3227569588973982,0.3580753614658547,0.6644182124789207,0.499151103565365,-0.0016977928692699425,14382|12951|3570|12817|3522|12294|15137|2578|10049|6073|8585|8681|31|5027|14246|14040|5524
Blockwise SAE control,20260827,42,transport_query,1057,51,165,20,0.6,0.934068055375491,0.7915562363652937,0.9201166925460619,0.8823388793268311,0.9164228801119019,12366|12354|12634|12402|12618|12245|12252|12835|12446|12343|12813|12339|12722|12873|12581|12874|12162|12453|12908|12233
Blockwise SAE control,20260827,43,music_likeness,786,36,25,20,0.0,0.4689955935892812,0.1064609741403082,0.5097108534182203,0.49444444444444446,0.26413107055482826,13074|2432|5966|8828|11733|15402|9931|15113|6542|6023|7817|14190|6909|15763|9930|10125|6127|15857|8436|4377
Blockwise SAE control,20260827,44,email_query,2728,119,209,20,0.5,0.8812908992306927,0.4286093300510327,0.7583524810415567,0.7353730542136339,0.5803997097391367,16170|15968|16010|16930|16677|17142|15942|16271|16914|16916|16459|16437|16373|7258|17020|8204|16719|16535|16029|9632
Blockwise SAE control,20260827,45,play_music,602,176,110,20,0.7,0.8112781244591328,0.18251464976833465,0.6566509019275854,0.700832381263261,0.5460131784870776,3174|5911|891|4452|9364|5615|5347|2770|9519|3489|1940|2062|9656|1318|783|3546|9545|2531|5229|9738
Blockwise SAE control,20260827,46,audio_volume_mute,992,32,68,20,0.8,0.934068055375491,0.5245576393190575,0.840620742506812,0.9140981735159818,0.7487816362983717,2205|6166|3582|315|3460|2795|189|3837|608|5525|3812|2206|5813|3|6064|4653|12104|13346|2207|1510
Blockwise SAE control,20260827,47,social_post,950,81,83,20,0.8,0.9927744539878083,0.7234974575528292,0.6275128609732004,0.5933144599303135,0.4850573624646814,15459|15708|15518|15647|15652|15556|15670|15557|15593|15472|15676|15399|15548|15409|15592|6737|17011|15598|1993|3727
Blockwise SAE control,20260827,48,alarm_set,1117,41,8,8,0.625,0.0,0.0,0.5604923046155641,0.658502119642016,-0.004673861650668853,174|1719|8867|14419|5365|6923|13363|3986
Blockwise SAE control,20260827,49,qa_factoid,1942,141,127,20,0.95,0.934068055375491,0.5914769155564293,0.6368202264385723,0.6712053571428571,0.8439819673931839,14306|13974|15095|14933|13774|14545|14317|14096|14118|13592|13798|14015|14539|14316|15055|14038|13717|14442|5497|13487
Blockwise SAE control,20260827,50,calendar_set,906,209,124,20,0.8,0.28639695711595625,0.5188957451825017,0.6414899649862739,0.6031931818181817,0.2212567438873803,8206|8358|8413|16158|5341|8539|8541|6994|6836|8035|6936|7863|6764|10957|7808|8204|8570|9035|8585|7455
Blockwise SAE control,20260827,51,play_game,419,35,38,20,0.8,0.7219280948873623,0.47572595022120884,0.7551166528663972,0.8738724226804124,0.6235224308250785,10357|10308|10292|10247|6633|10319|10321|10288|10346|10406|10355|10302|7889|10317|10365|10339|13372|11600|11633|10333
Blockwise SAE control,20260827,52,alarm_remove,2267,21,109,20,0.25,0.0,0.2600608543298116,0.7492041947420297,0.619078196347032,0.2783280149386812,9030|11133|8276|8055|9074|2983|1452|6798|8409|10936|1675|7953|8771|10525|10887|11168|8182|201|3435|10985
Blockwise SAE control,20260827,53,lists_remove,1320,52,93,20,0.45,0.4689955935892812,-0.012813015108290443,0.6723185079666562,0.710548885077187,0.21511471947374233,10808|10970|10590|3435|10828|399|10565|10430|10816|11162|8888|1833|10957|7836|8732|10636|10743|11124|10895|8856
Blockwise SAE control,20260827,54,transport_taxi,438,23,65,20,0.9,0.8112781244591328,0.7662999972761596,0.9556949878201817,1.0,0.9565122323796323,12299|12844|12383|12212|12710|12553|12608|12329|12213|12745|12161|12244|12121|16797|12558|12905|12377|12779|2480|12159
Blockwise SAE control,20260827,55,recommendation_movies,684,20,41,20,0.65,0.8112781244591328,0.7268562136793271,0.898236092265943,1.0,0.7972586698157301,6621|11633|11990|11920|13181|11600|11861|11871|11812|11987|11634|11954|11862|11858|6892|11636|11773|13575|11607|2165
Blockwise SAE control,20260827,56,iot_coffee,2061,36,62,20,1.0,0.6098403047164004,0.8974854097908391,0.9858221540093982,1.0,0.978744136458351,4084|4244|2512|1276|3568|2026|5917|3321|4988|6034|2753|2868|6061|448|2812|3418|4272|5017|6060|3323
Blockwise SAE control,20260827,57,music_query,847,35,59,20,0.4,0.8112781244591328,0.3411889403127776,0.6218206614387999,0.5269650028686174,-0.00238850659268808,4189|6267|5615|5250|3742|13871|14767|11302|15732|3864|4560|1812|14151|2355|13683|11265|14040|2093|5401|379
Blockwise SAE control,20260827,58,play_podcasts,1397,63,116,20,1.0,0.7219280948873623,0.6696613108138324,0.9260361172581483,0.8993103448275862,0.8412136999229867,11318|11345|11409|11459|11417|11539|11438|11270|11366|11303|11474|11279|11259|11476|11490|11458|11296|11343|11505|11261
Blockwise SAE control,20260827,59,lists_query,2669,51,65,20,0.45,0.7219280948873623,0.05126297629416917,0.6693890446133888,0.534856652781181,,10855|10927|10805|11426|2057|6489|11168|13122|10887|10731|5531|10909|10776|3204|10981|10579|10858|2094|11133|10760
Blockwise SAE control,20260828,0,datetime_query,282,88,37,20,0.25,0.8112781244591328,0.32113019021049194,0.534698547979798,0.5473913043478261,-0.007356911609114564,4112|3091|5204|7199|4253|7293|9706|5523|660|2330|8079|4121|6992|6878|7520|944|7291|4881|7870|8520
Blockwise SAE control,20260828,1,iot_hue_lightchange,547,36,66,20,0.65,0.7219280948873623,0.5040262447221521,0.8288900257692889,0.8088737201365188,0.6806855282976811,2283|3050|1960|3532|8035|10696|4299|564|3734|2551|5732|456|2975|9341|10076|4247|1427|3542|4516|6902
Blockwise SAE control,20260828,2,transport_ticket,461,35,101,20,0.8,0.4689955935892812,0.3251135978736178,0.9539233354439628,0.8901923548149963,0.6880436492113802,5128|12604|12618|12511|12162|12340|12536|12722|12150|12873|14646|12160|12293|12537|12308|12874|12468|12802|14214|12166
Blockwise SAE control,20260828,3,takeaway_query,1797,35,26,20,0.3,1.0,-0.003900144368201096,0.5827626516000195,0.5826198630136986,0.7226384808032985,2773|2432|3413|2684|4934|16892|2679|16883|10319|17113|2717|5341|2975|14315|726|3723|17081|15651|4224|16280
Blockwise SAE control,20260828,4,qa_stock,2514,26,39,20,0.4,0.6098403047164004,0.04555397900307634,0.7075249699314962,0.7495711835334476,-0.006014611367077047,16455|14473|14342|16050|14189|10956|11166|14253|16225|1042|10263|14475|7767|15982|9233|15401|13694|14190|14544|14820
Blockwise SAE control,20260828,5,general_greet,2387,1,90,20,0.0,0.7219280948873623,0.03345703937363856,0.48483316481294236,0.49829931972789115,,9326|15777|11685|16248|6267|6055|5152|2384|10286|8260|5026|738|1870|412|7289|15326|4601|6568|16437|16419
Blockwise SAE control,20260828,6,recommendation_events,250,43,10,10,0.1,0.9709505944546686,-0.00162097411542764,0.5101172729079706,0.608337258596326,,6860|11610|11633|13567|170|3936|4347|3550|3295|4776
Blockwise SAE control,20260828,7,music_dislikeness,755,4,10,10,0.0,1.0,-0.0016708836930367634,0.4983130904183536,0.499151103565365,-0.001697792869269949,5152|473|11455|9406|6371|5531|4290|10353|11409|6457
Blockwise SAE control,20260828,8,iot_wemo_off,2107,18,11,11,0.36363636363636365,0.9456603046006401,-0.0014579454562333788,0.6099811676082864,0.7495748299319729,0.9771929757761438,1551|4201|3298|4966|2566|10268|11643|768|5652|10323|491
Blockwise SAE control,20260828,9,cooking_recipe,368,72,109,20,0.9,0.6098403047164004,0.5850841690003595,0.905036640577041,0.9233836206896553,0.8901706888730522,10099|9966|9941|10206|10171|10100|10177|10107|9962|10621|10226|10078|9980|10045|9930|10132|9923|10080|4554|10164
Blockwise SAE control,20260828,10,qa_currency,1393,39,93,20,0.95,0.0,0.8710798064130935,0.999667340739379,0.9999279123414071,0.8684976536559567,14762|281|14620|14973|13796|14599|13738|14453|14437|13684|13685|14239|13982|14029|13896|14304|14241|14658|13722|14228
Blockwise SAE control,20260828,11,transport_traffic,37,15,34,20,0.6,0.4689955935892812,0.3997956002825938,0.9324754486962411,0.9055519759450172,0.8461153669937469,12736|12717|12675|12413|12869|12685|12838|11650|12672|12442|12789|12693|12240|6295|12759|12254|13215|4244|4482|6615
Blockwise SAE control,20260828,12,general_quirky,1052,169,71,20,0.5,0.8812908992306927,0.47831551050962173,0.550422699569373,0.5549741840309791,0.6424897440279834,6201|6325|6516|6229|8044|7741|6388|6515|7120|6725|6850|3614|1542|14356|8494|6424|6694|6337|7774|8674
Blockwise SAE control,20260828,13,weather_query,1874,156,79,20,0.95,0.0,0.027397829403865197,0.6461456395666921,0.6610593077956989,0.7031693762314848,491|4377|4871|5040|430|4266|951|299|6473|2545|826|4412|3614|1513|3426|2678|2178|738|3586|348
Blockwise SAE control,20260828,14,audio_volume_up,419,13,14,14,0.07142857142857142,1.0,0.2799271638503036,0.5363269556162957,0.4982905982905983,0.5774805747739028,2234|4659|317|4241|258|751|5550|6064|13717|1994|15464|4712|5958|13895
Blockwise SAE control,20260828,15,email_addcontact,2489,12,31,20,0.05,0.4689955935892812,0.34307000887458133,0.5367050067658998,0.49829931972789115,,5258|870|379|11366|10302|931|3683|4887|11536|3114|10940|16158|12707|11023|11505|11166|14179|10712|10915|6023
Blockwise SAE control,20260828,16,takeaway_order,747,22,44,20,0.55,0.0,0.34330241901272357,0.9063599333456769,0.9973601598173516,0.8207794350352053,3835|2480|168|132|3671|2336|2338|5488|2255|6112|1043|3020|3021|5406|1379|169|967|1831|170|2447
Blockwise SAE control,20260828,17,email_querycontact,814,26,35,20,0.55,0.934068055375491,0.8375260659907788,0.7476860325262773,0.7484303652968036,0.6791795955636221,16907|15815|13154|15982|16874|16583|16529|16983|16797|16975|15488|16532|11146|9327|13283|15983|3349|11075|4073|13491
Blockwise SAE control,20260828,18,iot_hue_lightup,914,27,64,20,0.35,0.934068055375491,0.16257998282209316,0.6964373417960633,0.62068350456621,0.24387631433890744,3700|1756|17135|14564|5339|3834|3762|5026|962|3595|4299|1804|2075|2975|456|1360|3543|6600|3542|13689
Blockwise SAE control,20260828,19,recommendation_locations,2676,31,125,20,0.3,0.6098403047164004,0.3885481075526091,0.7923490065570529,0.5990151080512527,0.3522195185973154,12054|11706|14877|15095|11916|11969|2651|12256|11875|12066|14792|12797|14044|11911|12930|11802|11841|11947|13619|11954
Blockwise SAE control,20260828,20,play_audiobook,1897,41,16,16,0.125,0.8112781244591328,0.10933599536689506,0.522065379519528,0.4991408934707904,,11474|9720|13694|10338|16851|15326|9895|6434|7098|17123|16613|12724|12869|16880|9182|14644
Blockwise SAE control,20260828,21,lists_createoradd,933,39,316,20,0.15,0.9709505944546686,0.770966219931691,0.9477724960824995,0.8923312296806274,0.83441377928982,10430|10858|6850|10895|10590|11215|11162|10792|10508|10979|11426|10674|10940|11085|11174|10790|10588|11075|11107|10462
Blockwise SAE control,20260828,22,news_query,1836,124,91,20,0.85,0.934068055375491,0.39411600592513374,0.6878147543214918,0.5868761061946903,0.4013209122910167,2201|2203|4391|3037|2496|2438|5411|6372|4662|1093|3624|6683|9384|4567|969|4400|5296|3101|9316|9270
Blockwise SAE control,20260828,23,alarm_query,2182,34,62,20,0.45,0.8812908992306927,0.015076340062749658,0.6846756084847027,0.7093236951727517,0.5543228496449246,508|4851|7844|4145|13363|1483|61|861|4121|14817|3829|9114|6101|59|1646|8795|6992|9812|13031|8825
Blockwise SAE control,20260828,24,iot_wemo_on,112,10,49,20,0.15,0.6098403047164004,0.26253646413338955,0.6943881000676133,0.497870528109029,-0.0033417819159081235,4154|16693|1551|5050|4799|4240|14555|4201|15155|5652|41|321|3298|15348|80|13451|9656|1072|2566|11174
Blockwise SAE control,20260828,25,general_joke,2486,19,60,20,0.9,0.9709505944546686,0.7611932300985256,0.9732558762113828,0.9162407722884724,0.8311896725890127,2721|6147|4217|4982|1256|412|1372|4216|527|494|1158|411|5952|4913|1579|8672|122|3330|124|12008
Blockwise SAE control,20260828,26,qa_definition,1679,57,68,20,0.65,0.7219280948873623,0.3115134906430937,0.6599528708407914,0.7946498665410582,0.6310407010482135,13288|14761|14879|13166|13069|13165|14817|12986|13908|14857|10125|13361|11141|12982|13863|4086|13102|6439|12957|494
Blockwise SAE control,20260828,27,social_query,1979,25,35,20,0.2,1.0,0.38113947562371214,0.575385660890248,0.6221203071672355,0.7906298946879572,11426|15304|15321|11339|11858|15444|15249|3127|16427|3128|8042|15326|3398|9569|2957|17087|7181|13043|16354|10220
Blockwise SAE control,20260828,28,music_settings,76,6,91,20,0.0,0.0,-0.008227874912916627,0.5662277740265587,0.49829642248722317,0.483295391367535,13983|2908|11644|10286|7808|11914|6928|13855|14117|4951|16320|13135|4917|16703|9362|12098|14912|9035|2201|13607
Blockwise SAE control,20260828,30,calendar_remove,1256,67,132,20,0.35,0.0,0.383771068874816,0.7326192203409014,0.8284313725490196,0.8706426796076139,8888|10828|10743|11053|10527|10462|11168|10887|10444|10433|8732|7836|10508|7500|6798|8516|10565|6162|11023|8949
Blockwise SAE control,20260828,31,iot_hue_lightdim,2639,21,2,2,0.0,0.0,0.0,0.499660671869698,0.6424283263905904,,14|2164
Blockwise SAE control,20260828,32,calendar_query,1726,126,171,20,0.45,0.9927744539878083,0.11915594352876528,0.5959250695352033,0.6064755055627267,-0.01054156308968933,7316|7496|8782|7693|7539|63|8058|10493|14071|15181|2035|7266|10931|2432|10455|16467|8043|2773|7690|5529
Blockwise SAE control,20260828,33,email_sendemail,1443,114,98,20,0.55,0.934068055375491,0.3727098161318048,0.6929978239221037,0.7075217391304349,0.36693908042023066,15829|16506|16519|16781|11146|16955|16956|15841|17069|16766|16029|16758|16002|16455|16518|15828|11026|15911|16275|16624
Blockwise SAE control,20260828,34,iot_cleaning,2567,26,117,20,0.95,0.0,0.7480068316740709,0.9800240548031166,0.99991452991453,0.9303906182110258,864|292|1575|2959|2903|6159|1059|4043|1924|1151|2960|2434|290|5330|3841|4013|5697|4240|4201|4173
Blockwise SAE control,20260828,35,audio_volume_down,537,11,15,15,0.0,0.8366407419411672,-0.0021647474556412563,0.49746364558674333,0.497870528109029,0.7987028962397297,6295|15635|15703|13340|14857|5577|10426|5912|4712|12759|15138|10846|5584|12629|6319
Blockwise SAE control,20260828,36,play_radio,697,72,201,20,0.85,1.0,0.6060190138592843,0.9167290131982812,0.8729383680555556,0.914866992414315,9326|9237|9520|9561|9316|9362|3101|9303|9632|9361|9565|6013|9212|9384|9204|9507|9402|5614|9528|9494
Blockwise SAE control,20260828,38,datetime_convert,2438,15,21,20,0.25,0.8112781244591328,0.7594598693280843,0.6647928660119652,0.8745748299319728,0.5826349919341107,944|5332|10125|5333|5497|4845|1803|14787|14822|1120|13639|11180|12818|13761|7654|16297|8129|5997|11279|13102
Blockwise SAE control,20260828,39,qa_maths,1332,25,11,11,0.18181818181818182,0.6840384356390417,-0.0014272536848092064,0.5385117227319063,0.6243622448979592,-0.002396151611808533,11257|3193|14223|14822|13221|13172|5554|13554|17147|13340|2472
Blockwise SAE control,20260828,40,iot_hue_lightoff,540,43,68,20,0.45,0.0,0.22537892889529315,0.902333532100974,0.7115818298969072,0.5581304212525452,5888|4024|4026|2690|4992|3326|651|914|2566|3785|2774|2711|3098|2965|1774|1454|3774|6041|2168|428
Blockwise SAE control,20260828,41,iot_hue_lighton,588,3,9,9,0.0,0.0,0.0,0.4984822934232715,0.499151103565365,,14382|12951|6572|10339|11585|2271|8570|11650|14770
Blockwise SAE control,20260828,42,transport_query,1011,51,44,20,0.1,0.934068055375491,0.2654022475536249,0.5125363823966337,0.5810862497609486,0.8486336889551,14792|12409|525|13031|12779|1043|11947|12248|13630|11953|12797|16145|8004|13318|12526|13823|1653|7598|13625|11681
Blockwise SAE control,20260828,43,music_likeness,800,36,20,20,0.15,0.7219280948873623,0.06455972851312242,0.5388102546612096,0.5958119658119657,0.080280638083465,4998|3178|9562|7141|5258|4283|4560|2387|16593|3915|4058|2400|6371|1379|5912|10590|1425|1831|12473|6064
Blockwise SAE control,20260828,44,email_query,2546,119,108,20,0.9,0.4689955935892812,0.5848390926459912,0.7809153145287598,0.8647151292078828,0.5978117042539948,16170|17020|16719|16427|16677|16399|17069|16061|16089|16010|15862|17156|16271|17075|17087|16168|16263|16916|17142|17098
Blockwise SAE control,20260828,45,play_music,441,176,200,20,0.8,0.6098403047164004,0.24028798563353773,0.6288777595076843,0.6449594690169195,0.3093986191300274,13983|4136|555|4960|779|296|2396|4550|3727|3205|14101|397|3002|3550|1489|4838|5554|3723|5593|1121
Blockwise SAE control,20260828,46,audio_volume_mute,864,32,18,18,0.2222222222222222,0.7642045065086203,-0.0024193293104765486,0.5599455040871933,0.8329052511415523,0.896524465961639,3280|2082|158|2591|3222|4896|10338|608|4090|16050|4854|4994|3581|9254|4831|16496|11607|5525
Blockwise SAE control,20260828,47,social_post,369,81,152,20,0.75,0.8812908992306927,0.8561379051837597,0.8945849209098256,0.8027820121951219,0.8941220726389756,15401|15556|15508|15723|15177|15280|15333|6500|15275|15670|15706|15166|15445|15459|15513|15276|15647|15208|15557|15197
Blockwise SAE control,20260828,48,alarm_set,1195,41,52,20,0.6,0.0,0.0618964641925902,0.7151874473989017,0.7900573088396923,0.8320345593833447,5635|5365|5082|2288|2334|939|12127|3161|4319|1264|1719|7044|3761|174|3694|5475|12308|7291|612|6836
Blockwise SAE control,20260828,49,qa_factoid,2508,141,125,20,0.75,0.9709505944546686,0.5571493004370517,0.6258971869535658,0.6886607142857143,0.6323414150903173,14306|15095|14417|13974|14317|14096|13798|14316|14877|14154|15055|14933|14118|17123|14015|3532|5997|4254|14884|13521
Blockwise SAE control,20260828,50,calendar_set,816,209,101,20,0.45,0.6098403047164004,0.41196478135871756,0.5828025201558709,0.6081420454545455,0.7166560650536072,8868|8618|8436|7609|8900|7751|8073|1675|5225|8410|4487|12608|3441|6411|7057|8302|1589|6732|9054|8343
Blockwise SAE control,20260828,51,play_game,2562,35,46,20,0.45,0.28639695711595625,0.6285081625591826,0.6667527154059716,0.6823990549828179,0.4706854396703828,6282|10080|10319|10339|10323|10247|10292|10268|10276|7057|1423|15556|10399|8857|8907|13083|8140|10288|7902|7606
Blockwise SAE control,20260828,52,alarm_remove,1158,21,64,20,0.15,0.6098403047164004,0.17920111280143408,0.7777158369285956,0.8238441780821918,0.701165253355254,3771|6162|2985|1483|1646|5292|5051|862|508|4776|63|8867|4145|4851|5116|796|3834|940|4896|3162
Blockwise SAE control,20260828,53,lists_remove,1063,52,52,20,0.35,0.0,-0.005442389473959661,0.599434815870001,0.6377113452585149,0.24294218118004518,10808|10590|10970|14000|10430|1833|11162|10957|10792|10828|10636|10565|10915|10712|399|3435|8888|10816|13494|11238
Blockwise SAE control,20260828,54,transport_taxi,896,23,26,20,0.85,0.7219280948873623,0.699226194271642,0.9127186831032701,1.0,0.9377009961298367,12212|12299|12844|12608|12553|12213|12710|12383|12244|12905|12121|12161|12745|12329|12558|16797|12716|12377|9182|12436
Blockwise SAE control,20260828,55,recommendation_movies,2558,20,10,10,0.2,0.8812908992306927,-0.0015389322867573312,0.5487618724559024,0.4991482112436116,,11634|8426|11773|7894|12051|6720|8960|5930|12020|13717
Blockwise SAE control,20260828,56,iot_coffee,2602,36,53,20,0.7,0.4689955935892812,0.6030995689703628,0.7182526148249204,0.748787100456621,0.7010782793867599,4084|1276|11915|4988|2753|5917|3321|11914|2812|668|5017|2733|4798|3184|4544|2717|6061|10077|3196|2447
Blockwise SAE control,20260828,57,music_query,120,35,243,20,0.6,0.8112781244591328,0.7086767582183462,0.8798694656860357,0.7893717728055077,0.7589830827895444,1807|484|2387|4428|1940|5250|761|3741|2373|1872|3178|1622|4998|4086|4477|1777|4560|6134|5912|9827
Blockwise SAE control,20260828,58,play_podcasts,1559,63,123,20,1.0,0.9927744539878083,0.6514116913844505,0.9174931016583341,0.9219181034482758,0.7542020895571783,11409|11345|11474|11318|11279|11417|11459|11303|11261|11366|11340|11539|11259|11368|11458|11438|11470|11296|11467|11270
Blockwise SAE control,20260828,59,lists_query,933,51,316,20,0.35,0.9709505944546686,0.770966219931691,0.933523563693561,0.9913624111737319,0.83441377928982,10430|10858|6850|10895|10590|11215|11162|10792|10508|10979|11426|10674|10940|11085|11174|10790|10588|11075|11107|10462
Blockwise SAE control,20260829,0,datetime_query,2572,88,46,20,0.5,0.4689955935892812,0.6139949323756306,0.6443694760101009,0.6474057971014492,0.30548437737260986,4112|4253|3091|3118|2309|4881|5204|660|5997|3606|2801|3532|5333|4772|50|5427|14787|4845|5332|5497
Blockwise SAE control,20260829,1,iot_hue_lightchange,1178,36,36,20,0.95,0.6098403047164004,0.3915561428031848,0.8044944671820525,0.6848869453924915,-0.007107480871079528,2551|456|2283|3542|3734|4247|4248|4826|1960|897|4803|263|3674|4249|1427|2816|3050|2542|5156|2351
Blockwise SAE control,20260829,2,transport_ticket,73,35,81,20,0.5,0.9927744539878083,0.7692605814564941,0.9517315279333689,0.9932001960303847,0.8624451982277815,12873|12354|12162|12453|12874|12634|12802|12402|12581|12293|12430|12618|12722|12252|12537|12340|12511|12376|12446|12908
Blockwise SAE control,20260829,3,takeaway_query,2221,35,32,20,0.4,0.28639695711595625,-0.0029970248169371412,0.6396035263747504,0.7873501712328769,0.8094902764027871,3671|168|5406|8079|9137|2480|1247|2336|6446|1379|10220|2908|3021|11999|169|6322|15634|11922|2255|5955
Blockwise SAE control,20260829,4,qa_stock,1710,26,48,20,0.85,0.0,0.8654284865849283,0.9606102598964598,0.9285714285714286,0.8031543870799129,14644|14475|14820|4606|14544|14253|14904|13934|14473|14342|451|14874|14189|14926|14090|14555|13734|680|14406|14925
Blockwise SAE control,20260829,5,general_greet,1409,1,9,9,0.0,0.9182958340544896,-0.0013805495105218284,0.49848331648129424,0.49829931972789115,,6014|6267|4187|6533|6710|7189|14879|3598|7570
Blockwise SAE control,20260829,6,recommendation_events,523,43,43,20,0.35,1.0,0.2679293531640229,0.6227469687934803,0.6080232375569163,0.5756849006508852,11860|11773|6973|9110|7946|3911|11841|11598|5671|6720|8322|5722|11705|5016|12166|7026|12813|9059|11875|11681
Blockwise SAE control,20260829,7,music_dislikeness,1887,4,98,20,0.0,0.8112781244591328,0.04116665819957824,0.7301788124156545,0.499151103565365,,5152|11455|6229|11259|6388|6515|6221|11409|3907|6424|16228|6550|8667|10743|6101|13681|14356|6417|9074|10985
Blockwise SAE control,20260829,8,iot_wemo_off,1233,18,20,20,0.1,0.4689955935892812,-0.0019995929859747924,0.5526553672316384,0.7497874149659863,0.9385683000324847,10317|10288|451|4966|1093|3576|2203|12159|4154|3603|4662|15911|10985|7876|1551|4201|16630|10365|12340|4400
Blockwise SAE control,20260829,9,cooking_recipe,2522,72,29,20,0.8,0.9927744539878083,0.05487768765032134,0.6305008824432167,0.625,0.31445259040689333,10081|9918|10182|10080|10150|10093|6542|1318|10206|10164|9943|9941|10099|14700|8058|9994|9966|9976|9923|9815
Blockwise SAE control,20260829,10,qa_currency,1552,39,55,20,0.95,0.0,0.8068587023239698,0.9997023575036549,0.9999639561707037,0.8649694003079905,14620|14599|13796|14973|14762|281|13738|14029|13685|14304|14453|13982|14658|14437|13847|13684|14228|14241|13741|13567
Blockwise SAE control,20260829,11,transport_traffic,450,15,78,20,0.65,0.4689955935892812,0.46274487069756465,0.9317078677051586,0.6833655498281787,0.4869992137904815,12869|12675|12413|12717|12838|12685|12672|12789|12254|12736|12693|12442|12707|12437|12240|12354|1872|6500|1084|12289
Blockwise SAE control,20260829,12,general_quirky,2049,169,50,20,0.4,0.8112781244591328,0.39717558433354266,0.5320074160044479,0.5241563710123548,0.683818050423345,6325|6229|3614|6388|6201|6672|9155|4672|6746|7120|7450|6550|6172|2840|15177|6516|2408|6515|11204|1542
Blockwise SAE control,20260829,13,weather_query,397,156,113,20,0.9,0.7219280948873623,0.807094190328722,0.8060806251595726,0.7872003808243727,0.8081144855561988,790|2611|2917|3507|1866|2890|726|1308|299|2545|6194|6473|14877|5524|4486|764|4266|3406|2220|2178
Blockwise SAE control,20260829,14,audio_volume_up,840,13,25,20,0.05,0.28639695711595625,0.8053206259068242,0.5347130027333074,0.4982905982905983,,3590|6064|317|3486|4659|751|13186|15904|4241|15127|13064|14817|12987|8868|16772|13761|7199|13734|7892|10099
Blockwise SAE control,20260829,15,email_addcontact,1791,12,88,20,0.25,0.0,0.6447735323660201,0.9527937528191249,0.9987244897959184,0.8560111937341147,11146|16225|15829|16781|10954|17111|16911|16797|17090|16777|10956|15946|16956|16694|15948|16955|16519|16529|16470|15828
Blockwise SAE control,20260829,16,takeaway_order,1054,22,83,20,0.5,0.4689955935892812,0.4072403422099272,0.8576343886934518,0.9139554794520548,0.8889277326726973,2338|2163|3835|5570|3413|3671|2480|2255|5966|132|2684|668|5488|525|12308|89|11125|2773|8635|12536
Blockwise SAE control,20260829,17,email_querycontact,291,26,1,1,1.0,0.0,0.0,0.5192307692307693,0.4995719178082192,,16583
Blockwise SAE control,20260829,18,iot_hue_lightup,2231,27,30,20,0.35,1.0,0.10648638254341523,0.6819361013512663,0.4974315068493151,0.33007983376575556,2403|1804|14820|13177|9768|9875|8402|11426|2234|5014|1993|1756|6213|8322|11339|5911|4272|3762|4026|1160
Blockwise SAE control,20260829,19,recommendation_locations,4,31,134,20,0.35,0.28639695711595625,0.2451384746599605,0.8099937394971827,0.8192292981449607,0.5577699972202461,11916|11706|11969|11802|11841|13619|6663|11844|11959|11782|12054|15113|11911|11839|14044|12066|11778|11947|12098|14792
Blockwise SAE control,20260829,20,play_audiobook,1958,41,87,20,0.7,0.6098403047164004,0.3895649952686628,0.7496979342871665,0.6194158075601375,0.25027222263297444,9746|9856|10338|9720|9896|9767|11733|11273|11427|9732|12104|9855|9909|4001|9680|14508|9895|9812|9754|9897
Blockwise SAE control,20260829,21,lists_createoradd,414,39,125,20,0.35,0.28639695711595625,0.6393809093627985,0.6889460829372062,0.6574870912220309,0.3858454152507778,10427|11023|10538|10756|10757|10812|10940|7774|11085|10815|10645|10770|11177|10678|10513|10759|8771|11536|10753|10895
Blockwise SAE control,20260829,22,news_query,1991,124,163,20,1.0,0.6098403047164004,0.5435274266707794,0.8154859126173949,0.803566371681416,0.6260845825518222,2438|441|3037|5688|4023|3039|2496|1061|1474|5296|6129|2203|1063|2237|1593|2921|5411|178|5297|4567
Blockwise SAE control,20260829,23,alarm_query,731,34,170,20,0.45,0.0,0.3371557274610987,0.9916496250852079,0.9897084048027444,0.8593223431158665,862|861|6162|796|4851|1454|1774|1658|1862|5292|2168|5122|2985|399|920|3986|3435|4017|3771|63
Blockwise SAE control,20260829,24,iot_wemo_on,2467,10,13,13,0.0,0.6193821946787638,-0.001542975143008446,0.4978025693035835,0.49744463373083475,-0.003695085668923564,16693|8681|6496|4154|14791|15968|484|11174|15358|16446|13451|8907|11681
Blockwise SAE control,20260829,25,general_joke,788,19,57,20,0.8,0.8112781244591328,0.6498100052496569,0.9727829237386446,0.9155309483248155,0.6990985918022088,6147|2721|4217|1256|412|8672|4982|4216|1372|494|527|1158|4913|6517|411|5952|1579|3330|13074|14683
Blockwise SAE control,20260829,26,qa_definition,2593,57,106,20,1.0,0.9927744539878083,0.7651288364466718,0.8465258818637111,0.9078348249332706,0.8023407078258153,13288|13361|13900|13908|13863|13069|13165|12982|14995|12963|14378|14879|12957|14761|13799|13907|14857|14138|12986|13016
Blockwise SAE control,20260829,27,social_query,1943,25,98,20,0.2,0.934068055375491,0.0408585005018188,0.6064084267753993,0.625,0.9999999999999991,15345|15348|15444|1458|12999|11426|15321|15906|11339|15020|14601|2774|47|13297|4171|15511|11858|944|13283|369
Blockwise SAE control,20260829,28,music_settings,308,6,1,1,0.0,0.0,0.0,0.49983119513842,0.5,,13297
Blockwise SAE control,20260829,30,calendar_remove,1824,67,52,20,0.75,0.28639695711595625,0.17812160549701733,0.6523123781300323,0.7282106559901448,0.5894543676644479,8666|7820|9015|8925|1042|10828|4833|9088|8856|10956|7993|6928|8516|7080|7680|8241|7878|10568|6755|8732
Blockwise SAE control,20260829,31,iot_hue_lightdim,535,21,28,20,0.7,0.28639695711595625,0.3455347850743387,0.9036631279590221,0.8532835089438863,0.540493269341949,14|964|158|3280|468|3222|5988|2128|1778|1030|4896|2016|5349|5525|6015|2263|2795|189|5727|3582
Blockwise SAE control,20260829,32,calendar_query,452,126,43,20,0.2,0.0,0.0,0.5339270355104274,0.5957034851558177,0.10023528752377193,219|1655|7194|5433|7978|7542|6946|6039|6974|4614|13404|6050|2615|4383|2322|7291|6901|8044|7232|1264
Blockwise SAE control,20260829,33,email_sendemail,1049,114,239,20,0.75,0.28639695711595625,0.6873013196986827,0.8450712450362066,0.7611594202898551,0.6335281982920481,16162|16314|17011|16496|15756|15796|16630|16163|16096|16120|16357|17123|2438|16891|16402|17143|16622|8261|16956|15847
Blockwise SAE control,20260829,34,iot_cleaning,1591,26,92,20,0.95,0.0,0.6844931130689215,0.979337708518538,1.0,0.9395041603107429,6159|864|6764|292|1575|1941|2959|2903|5330|1059|2434|2960|290|4043|1151|1924|3841|4013|5697|4240
Blockwise SAE control,20260829,35,audio_volume_down,1584,11,70,20,0.25,0.28639695711595625,0.4641495559866206,0.9490115903710763,0.9963089153889835,0.7952864543663984,2795|189|5525|3837|3812|5481|5611|3809|5221|2796|4653|443|1715|3582|3581|4854|3838|1639|804|6166
Blockwise SAE control,20260829,36,play_radio,1810,72,22,20,0.85,0.4689955935892812,0.07783843334266022,0.6173769375383671,0.7659970238095238,0.8514340365463173,9326|9321|9317|9406|9619|9520|9601|9519|9212|9225|9542|9408|9394|9632|9507|2527|6093|9352|9250|15137
Blockwise SAE control,20260829,38,datetime_convert,1289,15,52,20,0.25,0.9709505944546686,0.6086636489159842,0.661293599729089,0.9997874149659863,0.7494117599355526,944|5333|5332|10125|5497|1803|4845|14787|1120|14822|4803|13761|564|15055|10365|13639|12957|14564|5010|6446
Blockwise SAE control,20260829,39,qa_maths,846,25,7,7,0.5714285714285714,0.9852281360342515,0.21104607449161358,0.5795446822969759,0.625,,13122|14223|13460|6506|14|13172|5047
Blockwise SAE control,20260829,40,iot_hue_lightoff,1508,43,163,20,0.8,0.7219280948873623,0.36845244406332256,0.97183860067581,0.9906035223367697,0.7953301639145313,914|3098|2774|2711|6041|4992|2690|651|999|3326|4346|4088|4171|2230|4026|3570|2965|428|3993|730
Blockwise SAE control,20260829,41,iot_hue_lighton,1813,3,12,12,0.0,0.41381685030363374,-0.0011195103781988004,0.49797639123102866,0.49957555178268254,,14382|12294|10571|5378|12299|12526|12162|12453|12354|12874|12873|10674
Blockwise SAE control,20260829,42,transport_query,836,51,80,20,0.5,0.6098403047164004,0.20313711753514094,0.7076468571659038,0.8265920826161789,0.6517595349677732,12437|13215|12693|6403|12789|12436|1872|12869|12672|14179|12797|12817|13774|12254|12366|12473|12717|12240|12582|13823
Blockwise SAE control,20260829,43,music_likeness,1590,36,84,20,0.45,1.0,0.13692079011276298,0.699527247233591,0.7443589743589745,0.42185865828547486,4086|150|3030|4671|3178|4998|3915|9562|15113|9871|3029|9541|11778|931|4672|2255|4560|5199|71|11744
Blockwise SAE control,20260829,44,email_query,2378,119,125,20,0.95,0.28639695711595625,0.4135104669344514,0.7620453586840141,0.7981941568898091,0.7898759740481295,16170|15785|16052|16766|17107|16271|17069|16002|16677|16010|16924|15763|16467|16276|16930|9263|16050|16627|16461|16814
Blockwise SAE control,20260829,45,play_music,1030,176,283,20,0.15,0.6098403047164004,0.6642024177897154,0.8610559390466268,0.710992329035417,0.6889491085891088,1807|2387|3433|4428|761|5261|1872|4086|484|3741|8672|2365|5250|2373|9827|362|6134|5912|1622|4909
Blockwise SAE control,20260829,46,audio_volume_mute,2336,32,70,20,0.85,0.8112781244591328,0.4965031174161638,0.9040041723433243,0.7904894406392695,0.7969836724243305,3582|2205|3460|2795|189|6166|3|3837|608|315|3812|5813|2206|5525|12104|2207|4653|1510|317|4994
Blockwise SAE control,20260829,47,social_post,814,81,91,20,0.9,0.8112781244591328,0.6216102727977966,0.6460206887409289,0.685322299651568,0.8426323949555002,15459|15652|15647|15518|15708|15409|15472|15399|15670|15651|15556|15557|15598|15592|15593|15676|17011|15548|15503|16273
Blockwise SAE control,20260829,48,alarm_set,731,41,170,20,0.1,0.0,0.3371557274610987,0.7840292649595441,0.9166862929816298,0.8593223431158665,862|861|6162|796|4851|1454|1774|1658|1862|5292|2168|5122|2985|399|920|3986|3435|4017|3771|63
Blockwise SAE control,20260829,49,qa_factoid,2359,141,22,20,0.5,0.28639695711595625,0.7465943260681237,0.540844741813365,0.6137797619047619,0.7887311393516717,12951|14395|14567|12972|14770|13625|14884|11861|13591|13575|2354|13853|13630|5615|4982|2355|13855|14440|15693|11267
Blockwise SAE control,20260829,50,calendar_set,1517,209,106,20,0.6,0.0,0.1899119853990199,0.6024598053174387,0.6247386363636364,0.40680671088526116,8900|7556|6923|7140|4130|7170|8949|8731|7844|8867|6865|7219|9053|16851|6902|6937|6162|7955|8394|8387
Blockwise SAE control,20260829,51,play_game,460,35,36,20,0.95,0.28639695711595625,0.65590651103239,0.8851395450781744,0.9370167525773195,0.7486742043639939,10288|10247|10268|10350|10292|10317|10333|10357|10321|10346|10260|10365|10339|10338|10285|14701|10366|10276|10296|10308
Blockwise SAE control,20260829,52,alarm_remove,731,21,170,20,0.45,0.0,0.3371557274610987,0.9684990385702974,0.9009703196347033,0.8593223431158665,862|861|6162|796|4851|1454|1774|1658|1862|5292|2168|5122|2985|399|920|3986|3435|4017|3771|63
Blockwise SAE control,20260829,53,lists_remove,889,52,98,20,0.5,0.8112781244591328,0.0004278111837921078,0.622744539411206,0.6399779465817201,0.20968176339537012,10808|10970|10590|10430|10828|3435|10608|10743|399|11124|7836|10895|10957|11162|10565|8888|10444|1833|14000|14668
Blockwise SAE control,20260829,54,transport_taxi,2716,23,41,20,0.55,0.9709505944546686,0.4030251243542338,0.7796855392337787,0.9498717948717949,0.7881843483261454,12299|12905|12213|12212|9321|9317|12244|12710|12558|9212|9225|9542|9394|9408|12383|12844|12608|12121|3606|9520
Blockwise SAE control,20260829,55,recommendation_movies,2555,20,5,5,0.0,0.9709505944546686,-0.0008223484799112623,0.4991519674355495,0.5,,17019|6562|11257|6282|1308
Blockwise SAE control,20260829,56,iot_coffee,2048,36,34,20,0.95,0.8112781244591328,0.4394820071274416,0.8463458769137486,0.75,0.6007529155865308,2733|2288|6034|2753|1812|668|6061|4988|2812|4798|5149|1276|4271|6060|3138|11915|3321|2026|4084|3418
Blockwise SAE control,20260829,57,music_query,1030,35,283,20,0.6,0.6098403047164004,0.6642024177897154,0.8775023135745946,0.8370625358577166,0.6889491085891088,1807|2387|3433|4428|761|5261|1872|4086|484|3741|8672|2365|5250|2373|9827|362|6134|5912|1622|4909
Blockwise SAE control,20260829,58,play_podcasts,2069,63,58,20,0.95,0.9927744539878083,0.45919816227348625,0.8160669890446137,0.7744181034482759,0.8826453590099766,11341|11409|11470|11467|11474|11368|11505|11539|11458|11286|11376|11266|11459|11259|9361|11438|11442|11515|11420|11270
Blockwise SAE control,20260829,59,lists_query,2028,51,30,20,0.05,0.9709505944546686,0.32152891319472304,0.5148016697251406,0.5,,3775|14498|14963|15358|11081|14981|14592|14414|13604|13122|14406|7762|6457|15399|6378|13819|14544|13494|11180|4154
Reciprocal factor SAE,20260827,0,datetime_query,138,88,492,20,1.0,0.28639695711595625,0.7709310514610482,0.9983388573232324,0.997159420289855,0.8307170964062806,4187|360|1581|2801|4183|355|5997|1202|1014|3566|128|686|3091|1148|4667|5703|4253|5427|974|4362
Reciprocal factor SAE,20260827,1,iot_hue_lightchange,469,36,97,20,0.9,0.8812908992306927,0.7500147919986399,0.9704600576019403,0.8095136518771331,0.8506224739156935,4803|3542|1960|4249|3050|2264|2975|4248|564|897|2542|3280|4826|2283|2551|263|3734|1217|456|2540
Reciprocal factor SAE,20260827,2,transport_ticket,2107,35,80,20,0.8,0.7219280948873623,0.5067713107446707,0.9840095465393796,0.9981009556481255,0.9275675340253345,12873|12874|12511|12306|12162|12802|12308|12160|5128|12235|12469|12722|12604|12618|12340|12536|12293|12818|12724|12453
Reciprocal factor SAE,20260827,3,takeaway_query,1497,35,337,20,0.65,0.4689955935892812,0.6098390969956362,0.9953825921776827,0.9925085616438357,0.9052252752645336,5488|2773|2480|1379|2338|132|3835|168|4224|3671|169|3413|4934|3021|3295|170|1831|2414|5324|2163
Reciprocal factor SAE,20260827,4,qa_stock,490,26,94,20,0.8,0.0,0.8627778571287115,0.9796122470323695,0.9641938250428816,0.8137446286574485,14644|14475|14544|14820|14342|14253|14904|14473|5016|14090|14189|4606|13934|14926|14925|14555|451|13639|680|14874
Reciprocal factor SAE,20260827,5,general_greet,2700,1,1,1,0.0,0.0,0.0,0.4998314796090327,0.4995748299319728,,3546
Reciprocal factor SAE,20260827,6,recommendation_events,1818,43,362,20,0.9,0.28639695711595625,0.5826457396981322,0.9564420592327568,0.9941121055110692,0.7950052730796492,11839|11782|13619|11969|11585|7113|11770|11911|12054|7946|11616|11844|11904|11916|12008|11841|11582|12098|7026|11767
Reciprocal factor SAE,20260827,7,music_dislikeness,1058,4,18,18,0.0,0.3095434291503252,-0.0013843763380858925,0.49696356275303644,0.49957555178268254,,10538|10150|150|4671|3030|1745|11858|4086|7609|6713|13986|9689|4477|1933|2917|11146|8302|10093
Reciprocal factor SAE,20260827,8,iot_wemo_off,857,18,39,20,0.7,0.6098403047164004,0.46422422609959446,0.9428813559322033,0.8740433673469388,0.8749452051376214,4201|1551|5652|3298|321|2566|4154|4966|4799|2690|4992|3774|3326|5856|3077|4026|4240|843|426|3775
Reciprocal factor SAE,20260827,9,cooking_recipe,1248,72,248,20,1.0,0.6098403047164004,0.7238013230549698,0.9896193024861879,0.9469827586206896,0.9201883429844003,10132|9966|9930|10206|10072|9961|10220|10105|10150|10099|9941|10177|9923|9962|10081|10164|10016|9943|10107|10100
Reciprocal factor SAE,20260827,10,qa_currency,650,39,110,20,0.95,0.28639695711595625,0.8914226607069058,0.99965858654831,0.9999279123414072,0.9294441625890584,14762|13796|281|14304|14973|14029|13738|13684|14453|14599|14620|13685|14241|14239|14658|13896|14437|14228|13982|14763
Reciprocal factor SAE,20260827,11,transport_traffic,2,15,119,20,0.65,0.0,0.32519315458848513,0.9632915678970538,0.936426116838488,0.845699222828911,12693|12717|12736|12413|12289|12240|12442|6295|12869|12685|12838|12672|12254|12675|16145|13215|17108|17142|12789|16048
Reciprocal factor SAE,20260827,12,general_quirky,979,169,651,20,0.8,0.8112781244591328,0.6132541930448316,0.8265314535410999,0.7958310283360994,0.622024035103245,6424|6304|6515|6388|6229|6533|6617|4955|6325|6516|6457|13871|13199|6195|6469|6645|3598|475|6710|1744
Reciprocal factor SAE,20260827,13,weather_query,2680,156,384,20,0.95,0.28639695711595625,0.8893348722395138,0.981132828172302,0.9988659274193549,0.9127881027345356,3507|4614|1933|2678|4227|3407|2611|790|2917|6473|3516|3614|2322|4383|3406|6039|1308|1655|1684|3253
Reciprocal factor SAE,20260827,14,audio_volume_up,2278,13,161,20,0.35,0.28639695711595625,0.7609663528259589,0.9127424183261748,0.9952136752136752,0.9338691846959459,443|4831|1639|1715|4090|5481|2207|5611|2796|1630|3809|1048|1374|1352|3474|3590|5219|5823|15127|1640
Reciprocal factor SAE,20260827,15,email_addcontact,1591,12,45,20,0.3,0.28639695711595625,0.20615174499413502,0.8294147496617049,0.6227678571428571,-0.004497313702883138,16781|16470|11146|15747|17116|16911|16446|16437|16914|16851|16506|16398|17069|16131|16694|15987|11536|11257|15829|16930
Reciprocal factor SAE,20260827,16,takeaway_order,299,22,242,20,0.6,0.6098403047164004,0.6921394071544492,0.9699669814231932,0.9945776255707762,0.9363670566647656,5488|1379|6112|1831|3835|1516|2414|2338|4934|3671|2480|3295|168|3021|4544|2255|5840|169|2610|2336
Reciprocal factor SAE,20260827,17,email_querycontact,2122,26,196,20,0.8,0.9927744539878083,0.6694031646039182,0.955747006222873,0.9114583333333335,0.7192490842519379,16907|15982|13154|15815|16583|17111|16797|16975|16529|16874|16672|16523|16983|16532|16777|16273|15948|16911|15829|15983
Reciprocal factor SAE,20260827,18,iot_hue_lightup,1227,27,73,20,0.75,0.8812908992306927,0.6437523869257422,0.9231679826715529,0.8698273401826485,0.5987476988640538,962|4283|3883|1756|1071|3762|5727|1090|5014|2591|2403|3595|6174|3008|665|6015|3543|3834|1804|4896
Reciprocal factor SAE,20260827,19,recommendation_locations,2523,31,351,20,0.55,0.9709505944546686,0.7044555110562994,0.9933550803431196,0.9951233505450372,0.8797090433379067,11802|11947|12930|12019|11778|11706|12066|11959|3671|3295|11796|11678|13031|13318|11916|5406|5840|4461|6072|3276
Reciprocal factor SAE,20260827,20,play_audiobook,2093,41,634,20,1.0,0.4689955935892812,0.6424777267660395,0.9813385885823327,0.8644759450171822,0.6766133846513197,9902|9768|9881|9691|9676|9844|9732|9767|9812|9726|9772|9878|9909|9896|9827|9720|3894|9855|9853|9689
Reciprocal factor SAE,20260827,21,lists_createoradd,1583,39,531,20,0.3,0.28639695711595625,0.7936611344629898,0.9790424665808756,0.9510661694396634,0.8562100467853098,10430|10895|10590|11023|10508|10790|11085|10858|10757|10940|10812|10887|11168|10756|10527|10462|11026|11215|10915|11029
Reciprocal factor SAE,20260827,22,news_query,487,124,690,20,1.0,0.9709505944546686,0.7964958860045724,0.9875104918107164,0.984132743362832,0.835453938390061,441|4391|3060|15214|2203|1061|2496|3603|5688|2651|5411|3624|3037|178|1474|3039|442|3605|2201|2594
Reciprocal factor SAE,20260827,23,alarm_query,1904,34,37,20,0.6,0.934068055375491,-0.005997805249709553,0.7326175869120655,0.7830801274197501,0.41740935899252585,4851|861|862|4121|5122|5006|508|3418|7844|1483|1658|3407|4227|6055|6101|3702|3870|2178|7496|5149
Reciprocal factor SAE,20260827,24,iot_wemo_on,2725,10,2,2,0.0,1.0,-0.00033704078193461036,0.49966193373901285,0.6655309483248154,-0.0033981682278776946,12844|6477
Reciprocal factor SAE,20260827,25,general_joke,1453,19,18,18,0.7777777777777778,0.9910760598382222,0.5275868429845607,0.868064107369135,0.8330494037478705,0.31152477620104285,412|2721|6147|4217|1256|4982|4216|6517|494|527|1158|1372|13074|5952|1579|411|3779|12008
Reciprocal factor SAE,20260827,26,qa_definition,908,57,557,20,1.0,0.9709505944546686,0.6733746132048553,0.9810217746358338,0.9981551263934684,0.7860453413950658,12957|13288|13863|14879|13069|12982|13900|13165|14857|14414|14761|12963|14622|13361|13908|13799|14147|14138|12986|14995
Reciprocal factor SAE,20260827,27,social_query,2056,25,40,20,0.4,0.9709505944546686,0.5194706891137043,0.6963302752293578,0.9361668088737202,0.6299553646615689,6500|15511|15138|15513|15280|15298|15274|15305|6968|8345|6726|15311|6959|6946|7851|15508|8390|9103|8525|15723
Reciprocal factor SAE,20260827,28,music_settings,1294,6,6,6,0.0,0.0,0.0,0.4989871708305199,0.5,,3819|11107|3513|3686|10755|8044
Reciprocal factor SAE,20260827,30,calendar_remove,1722,67,281,20,1.0,0.4689955935892812,0.6411725782272558,0.987785992478147,0.9642490504055026,0.7744192303809926,8430|6726|8410|8856|7891|9015|7080|7609|8666|6713|8431|8769|6918|7660|8276|6798|7993|7820|8409|7892
Reciprocal factor SAE,20260827,31,iot_hue_lightdim,2274,21,111,20,0.4,0.9927744539878083,0.4660639232431461,0.9433322022395656,0.8848627787307032,0.7734292453400944,6015|5727|158|3700|1756|5481|3280|5165|962|1071|5611|2128|3883|3222|2591|3543|80|3834|468|3762
Reciprocal factor SAE,20260827,32,calendar_query,26,126,909,20,0.8,0.6098403047164004,0.7524340096913884,0.9462596204327379,0.960154281148196,0.7976781991427645,7120|8044|8559|8494|8916|7570|8029|9043|8345|7978|11180|7496|8975|8822|8043|8782|6431|7013|6946|7690
Reciprocal factor SAE,20260827,33,email_sendemail,722,114,373,20,1.0,0.6098403047164004,0.8500231366338087,0.9800956490736301,0.9956521739130435,0.8246724595997544,16297|16622|16430|16780|15942|16535|16005|16266|16103|16496|17043|16613|17023|16995|15849|16377|16698|16375|16029|16605
Reciprocal factor SAE,20260827,34,iot_cleaning,1613,26,100,20,0.9,0.4689955935892812,0.5567137025909348,0.9792723422057209,0.9996581196581196,0.829324091177205,864|843|6159|2959|4201|4240|3841|5330|6701|1941|1059|4043|1924|1151|290|2960|2434|1575|2517|4173
Reciprocal factor SAE,20260827,35,audio_volume_down,720,11,16,16,0.375,0.5435644431995964,-0.0017279269629465108,0.7712823193039628,0.9984383872799546,0.646475902182311,1639|3838|3581|4854|1715|3474|5481|5611|2796|3837|5531|2207|3582|2056|5221|1352
Reciprocal factor SAE,20260827,36,play_radio,631,72,317,20,0.95,0.8812908992306927,0.729882283190311,0.966587054941682,0.9964037698412698,0.8988024169675838,9326|9520|9361|9406|9237|9561|9212|9402|3101|9362|9317|9321|9601|9632|9250|9303|9254|9594|9471|9263
Reciprocal factor SAE,20260827,38,datetime_convert,2752,15,38,20,0.55,0.9709505944546686,0.6600300907105102,0.898148775256801,0.9997874149659864,0.6179971442564121,944|5332|4112|3091|5497|5333|1266|4253|5204|3118|2309|50|5997|4845|5427|4772|17054|6118|1191|974
Reciprocal factor SAE,20260827,39,qa_maths,159,25,36,20,1.0,0.8812908992306927,0.7451571031292503,0.9395786612300373,0.8748937074829931,0.8153867932857821,13035|13552|14615|13040|13459|13391|13370|13460|14757|13412|13192|13122|13172|14223|13359|13766|13101|13102|14025|13310
Reciprocal factor SAE,20260827,40,iot_hue_lightoff,1954,43,203,20,0.95,0.6098403047164004,0.5484066827053575,0.9854422580003974,0.9959192439862543,0.8623028339279749,651|5157|427|2965|428|997|5243|4171|2230|5156|5047|4077|4088|3167|3785|1377|6073|6041|2578|3570
Reciprocal factor SAE,20260827,41,iot_hue_lighton,2135,3,8,8,0.0,0.8112781244591328,-0.0011517348712165912,0.49865092748735246,0.5,,5722|16886|3364|17019|2578|11426|6073|7151
Reciprocal factor SAE,20260827,42,transport_query,962,51,495,20,0.8,0.8112781244591328,0.6560630857170553,0.9683195870051827,0.9956492637215529,0.8795014931878301,12402|12634|12419|12908|12532|12252|12446|12245|12354|12366|12813|12835|12618|6403|12430|12797|14792|12537|12607|12824
Reciprocal factor SAE,20260827,43,music_likeness,1872,36,139,20,0.7,0.28639695711595625,0.6178124501359751,0.9098074882522359,0.8432478632478632,0.672293103404118,931|3114|5258|150|3030|3029|4671|4809|5198|3915|2400|3819|1745|4887|3103|9112|2056|2057|10709|4998
Reciprocal factor SAE,20260827,44,email_query,1412,119,270,20,1.0,0.7219280948873623,0.7503784276876125,0.9523671876613052,0.9531477647419677,0.8112679693090233,15785|17069|16399|16461|16666|16263|16170|16712|16677|16276|16467|16427|16758|16361|16061|16662|17156|15933|16987|16749
Reciprocal factor SAE,20260827,45,play_music,594,176,714,20,0.95,0.4689955935892812,0.7280047963054724,0.9828293907918728,0.9848212828464175,0.8974018553239727,2527|2573|3174|182|827|4477|3146|9519|397|3002|2781|362|576|4838|1940|296|1489|4116|3546|5683
Reciprocal factor SAE,20260827,46,audio_volume_mute,992,32,203,20,0.85,0.6098403047164004,0.6523274149184204,0.9819269414168937,0.9962899543378996,0.8065589279057659,2205|2795|189|5525|6166|3812|3582|3837|6064|3460|608|5813|2206|315|4653|2796|3|1639|4994|5221
Reciprocal factor SAE,20260827,47,social_post,760,81,675,20,0.95,0.7219280948873623,0.8268158373710006,0.9862388655830523,0.9266387195121951,0.8699348143849001,15647|15670|15459|15503|15556|15592|15708|15409|15557|15652|15472|15280|15548|15401|15518|15532|15593|15337|15731|15706
Reciprocal factor SAE,20260827,48,alarm_set,1111,41,55,20,0.8,0.0,0.11280283557023228,0.8385427516728192,0.8846168943319201,0.7552744449336264,533|5365|8741|174|1719|939|2957|1982|5292|862|612|5623|8880|5082|2166|2334|3986|4654|4121|5043
Reciprocal factor SAE,20260827,49,qa_factoid,2510,141,942,20,0.9,0.7219280948873623,0.7699383493142125,0.9745902605824784,0.9604613095238095,0.8200901134598023,13974|14653|13927|9700|14601|13798|13521|12999|13580|14395|14306|12951|14040|14308|14567|13853|13439|13124|13554|14661
Reciprocal factor SAE,20260827,50,calendar_set,749,209,764,20,1.0,0.28639695711595625,0.7902185292769787,0.9877998234572889,0.9859886363636363,0.8681938364431673,8358|7287|8868|7004|7955|8730|8073|8294|6836|8585|7563|7455|8390|9114|7808|8125|8453|8436|7565|8653
Reciprocal factor SAE,20260827,51,play_game,1651,35,56,20,1.0,0.8812908992306927,0.6753183588223454,0.9419414543860504,0.9685352233676976,0.8252810484297828,10288|10247|10317|10292|10346|10260|10350|10339|10319|10357|10276|10263|10268|10365|10352|10399|10355|10323|6633|10335
Reciprocal factor SAE,20260827,52,alarm_remove,2454,21,209,20,0.7,0.4689955935892812,0.28860394788370364,0.9720458254560732,0.9125285388127854,0.6491425950723659,920|2985|8410|1675|6162|399|7609|7953|2168|3435|1666|560|1454|6713|1774|1452|3829|5103|5116|1719
Reciprocal factor SAE,20260827,53,lists_remove,2226,52,33,20,0.45,0.7219280948873623,0.13417275375258028,0.5928695789806901,0.6419382504288165,0.8847033316449565,10808|10743|10430|10442|10590|10508|10895|4116|11162|8631|10824|11026|8888|15055|11124|4767|13819|333|951|14891
Reciprocal factor SAE,20260827,54,transport_taxi,2129,23,83,20,0.9,0.8812908992306927,0.8129023830923819,0.9768952535616742,0.9999145299145299,0.9036466331246404,12299|12212|12710|12161|12844|12383|12745|12553|12213|12608|12329|12244|12377|12905|12558|12121|12779|16797|12452|2480
Reciprocal factor SAE,20260827,55,recommendation_movies,1250,20,88,20,0.7,0.9709505944546686,0.6562949560486275,0.9213619402985076,1.0,0.8445258528826514,6621|11633|11990|13181|11920|11871|11600|11954|11861|11636|11812|11987|11607|11858|11744|11862|11634|6892|13575|11773
Reciprocal factor SAE,20260827,56,iot_coffee,1423,36,47,20,1.0,0.8812908992306927,0.9058588606430341,0.9859784750644233,0.9583333333333333,0.9717692965256899,4244|4084|6034|2512|2026|1276|6061|3321|2868|5917|2753|2812|4988|5017|3568|4798|448|4272|4271|2733
Reciprocal factor SAE,20260827,57,music_query,1233,35,232,20,0.85,0.8112781244591328,0.5191189918634677,0.9478495932979396,0.8835341365461846,0.6748617158198553,2387|3864|484|3178|2355|4560|4189|1176|5544|5615|2094|3742|5261|5531|5250|5912|6014|6134|2030|2085
Reciprocal factor SAE,20260827,58,play_podcasts,238,63,134,20,1.0,0.9709505944546686,0.6743727406243043,0.909988252329044,0.8965517241379309,0.8079971900302537,11409|11474|11459|11368|11539|11505|11458|11345|11467|11270|11376|11470|11438|11318|11341|11296|11420|11259|11279|11536
Reciprocal factor SAE,20260827,59,lists_query,2614,51,404,20,0.85,0.8812908992306927,0.5718378179726678,0.9804156835857415,0.9998774810095564,0.673225096920746,11075|10851|11081|11215|11107|6850|9061|10957|10757|10493|10440|10792|10512|10931|10588|10455|11174|10954|11172|10699
Reciprocal factor SAE,20260828,0,datetime_query,2367,88,488,20,0.95,0.0,0.7668151457181982,0.9974629103535354,0.9974492753623188,0.8299379101904749,4187|360|2801|355|5997|1581|3091|4183|128|4253|1014|1202|4112|2824|3566|1148|686|660|4667|5427
Reciprocal factor SAE,20260828,1,iot_hue_lightchange,547,36,206,20,0.95,0.934068055375491,0.7456011744644162,0.9699958314385326,0.9977602389078497,0.8288799644828879,1960|4803|2975|2283|564|3542|3050|2551|2264|456|3734|4826|2542|4248|4249|4299|263|2351|1427|1217
Reciprocal factor SAE,20260828,2,transport_ticket,69,35,60,20,0.85,0.9927744539878083,0.5216520702595001,0.9556426866689396,0.9628154864003922,0.863409845482252,12306|12802|12511|12873|12308|12160|12162|12874|5128|12536|12235|12604|12724|12722|12537|12340|12468|12453|12293|12618
Reciprocal factor SAE,20260828,3,takeaway_query,1251,35,252,20,0.65,0.0,0.6839527658333693,0.9958599191466563,0.9934360730593607,0.9431015025614815,5488|2480|168|169|3835|170|132|2773|4224|3671|5324|3295|1379|3021|2338|3413|4934|2163|1831|2255
Reciprocal factor SAE,20260828,4,qa_stock,2679,26,146,20,0.95,0.0,0.7787853972408554,0.979403074831355,0.9998774810095564,0.8129857579026978,14342|14253|14189|14644|14544|14090|14406|13639|14475|14473|14925|14820|14904|14874|13754|14926|14555|14190|4606|13934
Reciprocal factor SAE,20260828,5,general_greet,794,1,40,20,0.0,0.9927744539878083,0.0918866985038074,0.4932591843613077,0.49829931972789115,,411|6267|8681|7567|6572|3598|8679|494|13871|14817|3590|6623|15185|15647|1744|6439|783|4982|1256|1372
Reciprocal factor SAE,20260828,6,recommendation_events,1900,43,368,20,0.9,0.28639695711595625,0.6261633736810143,0.9580162989465315,0.9965850211964201,0.7623515042778907,11839|11782|7113|11616|11770|13619|7946|11841|11585|12008|11911|11999|11969|11867|7026|11582|11916|11844|11767|11612
Reciprocal factor SAE,20260828,7,music_dislikeness,2738,4,21,20,0.1,0.8112781244591328,0.09402118700516295,0.7483130904183536,0.5,,2056|5152|3029|16642|11424|4809|13896|3474|2205|16158|11455|8241|1941|6755|16772|1639|10927|13796|6372|12548
Reciprocal factor SAE,20260828,8,iot_wemo_off,655,18,5,5,0.4,0.0,0.0,0.5550282485875706,0.7495748299319729,0.9195251666935012,1551|4201|3298|4966|9254
Reciprocal factor SAE,20260828,9,cooking_recipe,273,72,463,20,0.95,0.4689955935892812,0.7295330278488856,0.9973286909146716,0.997801724137931,0.9093732273965919,9966|10206|9941|10177|10099|9930|10171|10132|10072|9962|10100|10150|10220|9961|10105|10164|10107|13242|10055|9943
Reciprocal factor SAE,20260828,10,qa_currency,340,39,65,20,0.95,0.28639695711595625,0.9215394918880112,0.999684849121517,0.9998918685121108,0.9319671874155384,14762|13796|14304|13684|14973|281|14029|13738|14239|14453|13896|14241|14074|14228|15124|14763|14620|14928|14437|14658
Reciprocal factor SAE,20260828,11,transport_traffic,2586,15,51,20,0.7,0.28639695711595625,0.5910693164687102,0.9659555254543403,0.9674613402061856,0.8638217713489758,12736|12717|12675|12413|12685|12838|12442|12869|12289|12672|12693|6295|12240|12789|13215|14457|11650|12254|4482|12256
Reciprocal factor SAE,20260828,12,general_quirky,716,169,832,20,0.8,0.6098403047164004,0.5748223554085745,0.8087302946318529,0.7499078001106398,0.48383204615310305,6304|6617|6515|475|6424|6533|14767|13199|6195|6469|6457|13871|6516|14857|6572|6645|6229|6388|6710|6325
Reciprocal factor SAE,20260828,13,weather_query,353,156,369,20,0.95,0.28639695711595625,0.8978725306702444,0.981555695371485,0.9989499327956989,0.9207124506634421,3507|4614|1933|2678|2611|4227|790|3407|6473|4383|2322|2917|6039|3516|3406|1308|1684|1655|299|3614
Reciprocal factor SAE,20260828,14,audio_volume_up,965,13,101,20,0.35,0.4689955935892812,0.7016007862670943,0.8777040218664584,0.9974358974358974,0.8349385025184156,443|4831|3590|4090|1374|1630|3486|1640|1048|3809|1639|5219|2796|2207|2591|5481|5611|1715|5823|1352
Reciprocal factor SAE,20260828,15,email_addcontact,517,12,53,20,0.35,0.9709505944546686,0.33139628255135717,0.9128326567433469,0.9997874149659864,0.8303061449159539,11146|16781|16519|15829|16470|15747|16846|16506|16791|16911|16459|2517|16131|16455|16029|16758|14553|10996|16797|16225
Reciprocal factor SAE,20260828,16,takeaway_order,1177,22,120,20,0.7,0.4689955935892812,0.6388781596490144,0.9732534098623712,0.995148401826484,0.898186236467374,5488|1831|6112|2338|2414|1379|1516|2255|3835|4544|5840|4934|11802|3671|1043|3295|2480|668|3021|5570
Reciprocal factor SAE,20260828,17,email_querycontact,814,26,325,20,0.8,0.8812908992306927,0.5974582223710825,0.934529101082466,0.9518764269406391,0.6240599091478711,16907|13154|15815|15982|16874|16583|16797|16532|16529|16983|16589|15983|17111|15948|11146|16523|16672|16975|9327|16777
Reciprocal factor SAE,20260828,18,iot_hue_lightup,107,27,246,20,0.4,0.9927744539878083,0.6097488473463317,0.9508355686526377,0.9079623287671234,0.7093084666698373,1756|3700|6015|962|3386|3834|3595|5727|5201|3543|5349|1071|3762|80|468|4896|964|5988|2082|1428
Reciprocal factor SAE,20260828,19,recommendation_locations,1568,31,357,20,0.65,0.8812908992306927,0.706755052031232,0.9944094808175997,0.9946452476572959,0.879703848412554,11802|11947|12019|11778|3295|12066|11959|12930|11706|11677|11678|2414|11796|11916|12020|5406|1379|11628|13031|3671
Reciprocal factor SAE,20260828,20,play_audiobook,686,41,563,20,1.0,0.6098403047164004,0.5956027886581706,0.9932920579632856,0.86205970790378,0.6544424159296438,9902|9768|9881|9844|9726|9691|9676|9732|9767|9812|9878|9772|9689|9909|9896|9855|9720|9754|9853|9680
Reciprocal factor SAE,20260828,21,lists_createoradd,1388,39,201,20,0.8,0.28639695711595625,0.5833205211951564,0.9536640666719192,0.8773187990055459,0.7046226724705088,11029|11026|10940|10915|10712|10709|11177|10812|10501|10640|11157|10982|10430|1874|10858|10893|10938|11124|10738|11085
Reciprocal factor SAE,20260828,22,news_query,195,124,574,20,1.0,0.9709505944546686,0.738603247274117,0.9842296742434554,0.978858407079646,0.77065606947141,441|4391|3060|15214|2496|1061|442|3624|1474|2203|3039|4953|3603|5286|1533|2201|5411|2594|6683|3037
Reciprocal factor SAE,20260828,23,alarm_query,705,34,65,20,0.8,0.0,0.09219368781082107,0.893830947511929,0.8871600098015191,0.7101169143329001,861|4851|61|4121|862|5006|3702|1483|1635|7844|1862|4145|5122|3870|1658|796|6055|5292|3986|63
Reciprocal factor SAE,20260828,24,iot_wemo_on,2014,10,0,0,0.0,0.0,0.0,0.5,0.4995741056218058,,
Reciprocal factor SAE,20260828,25,general_joke,1404,19,53,20,0.8,0.8812908992306927,0.5022369028876523,0.9464046688440327,0.8330494037478705,0.7991831280908299,6147|4217|412|1256|494|2721|5952|1579|4216|4982|1372|1158|411|17015|8672|6517|527|3330|4913|6618
Reciprocal factor SAE,20260828,26,qa_definition,2309,57,691,20,1.0,0.8812908992306927,0.6344726587212901,0.9816304760527219,0.9968990422358297,0.7775284243320246,12957|13288|13863|14879|13069|13900|14414|13361|14622|14857|12963|12982|13165|13907|14995|13799|13908|14761|14378|13494
Reciprocal factor SAE,20260828,27,social_query,1108,25,45,20,0.6,1.0,0.23253672502675515,0.8172477064220184,0.7473336177474403,0.6848111848669322,15138|15304|15333|15280|15511|4334|15321|15274|15225|15345|15326|15723|17019|15508|11339|11426|15177|15271|11157|6500
Reciprocal factor SAE,20260828,28,music_settings,1670,6,1,1,0.0,0.0,0.0,0.49983119513842,0.5833333333333334,,4116
Reciprocal factor SAE,20260828,30,calendar_remove,2275,67,413,20,0.9,0.7219280948873623,0.7708740678620379,0.993008072357962,0.9926342264654553,0.8727226068161275,8666|8856|7820|9015|8430|6918|8431|9030|8516|7080|7993|7836|8732|8241|7878|10828|8302|10590|8769|8853
Reciprocal factor SAE,20260828,31,iot_hue_lightdim,2269,21,54,20,0.3,0.934068055375491,0.48800454184004555,0.89944576405384,0.9231805929919137,0.8155958764829581,6015|5727|5014|6174|3543|1071|1756|14|158|3700|5349|4283|3280|2264|962|3222|80|1090|2350|1030
Reciprocal factor SAE,20260828,32,calendar_query,2342,126,1030,20,0.9,0.6098403047164004,0.7549258012322644,0.9456354791506093,0.9762892617862191,0.7922218325993553,8559|7120|8044|8043|8916|7496|6946|8782|8494|8345|7570|8056|8766|9043|7978|8029|9197|7232|8914|8469
Reciprocal factor SAE,20260828,33,email_sendemail,954,114,371,20,1.0,0.8112781244591328,0.8654563603734636,0.9860552748374088,0.9975652173913043,0.8506594197885744,16297|16622|16005|16780|17043|16496|16535|15942|16375|16698|17113|16605|16103|15849|16995|17042|15802|16430|16630|16056
Reciprocal factor SAE,20260828,34,iot_cleaning,1148,26,314,20,0.95,0.28639695711595625,0.6306373879974818,0.9787624849657481,1.0,0.9135492982773402,864|1575|292|2903|4013|5697|2959|843|1059|4043|2960|290|2434|1151|1924|5330|3841|4173|4201|4240
Reciprocal factor SAE,20260828,35,audio_volume_down,1967,11,2,2,0.0,0.0,0.0,0.4996618194115658,0.5814877910278251,0.48025571299665326,10349|8516
Reciprocal factor SAE,20260828,36,play_radio,1075,72,343,20,0.95,1.0,0.7257227174330783,0.9676037829957029,0.9965587797619049,0.9141313454290626,9326|9520|9361|9406|9561|9321|9317|3101|9237|9212|9362|9225|9303|9408|9542|9394|9632|9263|9402|9601
Reciprocal factor SAE,20260828,38,datetime_convert,1630,15,13,13,0.5384615384615384,0.9957274520849255,0.5018212726960555,0.7325883282537533,1.0,0.6730164453689131,5497|5332|944|5333|3091|10125|4845|3118|4112|10433|5204|14822|4253
Reciprocal factor SAE,20260828,39,qa_maths,527,25,74,20,0.95,0.9927744539878083,0.8492359107140416,0.9789398572884812,0.8747874149659864,0.8928797062920094,13035|13552|13459|13412|13102|13370|14615|13359|13040|14025|13101|13172|13460|13310|14223|13766|13122|13391|13192|14074
Reciprocal factor SAE,20260828,40,iot_hue_lightoff,1473,43,82,20,1.0,0.6098403047164004,0.2376176395673373,0.9868535082488572,0.9956507731958764,0.8629573697347158,4171|2230|3570|369|651|5243|6073|4088|3098|2711|2774|2578|2965|2441|4346|428|6041|3993|914|2298
Reciprocal factor SAE,20260828,41,iot_hue_lighton,615,3,9,9,0.0,0.5032583347756457,-0.0009528822085300777,0.4984822934232715,0.49872665534804755,-0.002399122923297981,4013|7966|8413|8541|1653|8260|6582|1617|4833
Reciprocal factor SAE,20260828,42,transport_query,2470,51,256,20,0.8,0.6098403047164004,0.6688972796007934,0.9505199405782195,0.9934978007267165,0.8981512495124158,12813|12835|12402|12908|12366|12430|12252|6403|12354|12634|12446|12797|12245|13215|12339|12343|12532|12722|12581|12162
Reciprocal factor SAE,20260828,43,music_likeness,2383,36,51,20,0.6,0.7219280948873623,0.6033734418694854,0.7040226618159771,0.7982051282051282,0.5862432615256029,3030|150|4671|5229|931|71|1745|3029|1428|3654|9871|3204|5707|4809|11470|1527|1336|3114|6559|6485
Reciprocal factor SAE,20260828,44,email_query,2546,119,444,20,0.65,0.8812908992306927,0.8954598008508863,0.9762735561054889,0.9913158500115021,0.9360542582372624,17069|15942|15785|16170|16399|16851|16459|16005|17156|16814|17043|17051|17107|16766|16914|17020|16263|16373|16613|16780
Reciprocal factor SAE,20260828,45,play_music,310,176,743,20,0.95,0.28639695711595625,0.7311061563831422,0.9839374674394372,0.9871198520211087,0.8914779928099859,4477|4116|11265|2527|2573|362|3174|5619|827|3002|397|182|4838|296|1940|3124|3146|2781|391|1489
Reciprocal factor SAE,20260828,46,audio_volume_mute,497,32,333,20,0.75,0.7219280948873623,0.6818036345783663,0.9795640326975477,0.9910102739726028,0.8272149097966441,2205|2795|189|5525|3837|3812|6166|6064|1715|3582|1639|3581|3809|3838|4854|4653|2796|5221|15127|5813
Reciprocal factor SAE,20260828,47,social_post,2399,81,419,20,0.9,0.6098403047164004,0.8572571768502146,0.9752915367740446,0.9423726045296167,0.8821410328939314,15647|15670|15459|15556|15503|15409|15280|15592|15472|15557|15401|15548|15337|15177|15518|15532|15708|15652|15723|6500
Reciprocal factor SAE,20260828,48,alarm_set,1553,41,408,20,0.35,0.0,0.6881439417158631,0.9813010907697051,0.9908933898571204,0.9042156900285978,862|4121|5365|1509|5292|3986|533|861|174|1862|5122|4851|8741|399|5082|6162|1635|3435|2985|5006
Reciprocal factor SAE,20260828,49,qa_factoid,1100,141,427,20,0.95,0.28639695711595625,0.6627063715296702,0.9350086676852137,0.8965104166666668,0.7699907479301431,12951|13798|14653|13853|13124|14395|13513|14567|13521|13679|13383|13823|12972|13516|14306|14601|14884|14096|13580|13974
Reciprocal factor SAE,20260828,50,calendar_set,1693,209,754,20,1.0,0.28639695711595625,0.8117051850264347,0.9850641051209525,0.9878636363636363,0.8848545618526243,8358|7455|7287|6836|8390|8868|8585|7563|7565|7057|8073|7808|7196|7004|7055|7542|7955|8539|7140|6725
Reciprocal factor SAE,20260828,51,play_game,1871,35,96,20,1.0,0.8112781244591328,0.5757213653224909,0.9117139934732844,0.9686963058419243,0.8683113260433667,10247|10292|10357|10288|10268|10346|10276|10317|10260|10319|10296|10321|10350|6633|10323|10302|10333|10352|10365|10406
Reciprocal factor SAE,20260828,52,alarm_remove,918,21,63,20,0.15,0.4689955935892812,0.4417525917317792,0.8239210173380515,0.74136700913242,0.7542105347630906,174|1509|533|5365|1719|5082|939|1675|5635|2334|8741|612|862|7291|399|8880|3418|3435|5568|3986
Reciprocal factor SAE,20260828,53,lists_remove,414,52,46,20,0.75,0.0,0.2178437115367531,0.6989520681650311,0.7843053173241852,0.7284341509233875,10430|10590|10808|10508|10743|10970|10895|11023|10790|11162|3435|10565|399|10433|7836|8516|10462|10527|10848|7892
Reciprocal factor SAE,20260828,54,transport_taxi,881,23,33,20,0.95,0.8112781244591328,0.8019840368702031,0.9562559976378534,1.0,0.9782846891250648,12299|12212|12710|12213|12844|12383|12608|12553|12161|12329|12745|12244|12121|12558|12377|16797|12905|12779|12159|12452
Reciprocal factor SAE,20260828,55,recommendation_movies,1421,20,111,20,0.45,0.6098403047164004,0.25039928465201106,0.8146879240162822,0.9155309483248154,0.5650289934807149,6621|11871|11920|11990|4587|11633|11987|11862|11812|9871|11636|16529|3492|3779|4477|13181|11265|14229|11306|5948
Reciprocal factor SAE,20260828,56,iot_coffee,139,36,86,20,1.0,0.8112781244591328,0.9098486005979011,0.9857937319993937,1.0,0.9524432792067512,4084|6034|2026|4244|2868|2512|3321|5917|2812|4988|6061|4271|4272|1276|5017|2288|2753|448|3568|1812
Reciprocal factor SAE,20260828,57,music_query,2603,35,153,20,0.75,0.7219280948873623,0.6564915826082719,0.9358238760898154,0.9069133677567413,0.616136656540673,2387|1940|1807|4560|484|5250|2373|2355|3178|6014|5531|5544|1777|4477|4998|1622|4428|1176|5615|6134
Reciprocal factor SAE,20260828,58,play_podcasts,1559,63,93,20,1.0,0.9709505944546686,0.7071411579931723,0.9112313198371718,0.9238793103448276,0.8433284447570287,11474|11409|11459|11345|11539|11259|11270|11318|11438|11296|11458|11470|11376|11368|11279|11529|11366|11322|11303|11476
Reciprocal factor SAE,20260828,59,lists_query,620,51,556,20,0.45,0.6098403047164004,0.7885737200375502,0.9645620332466207,0.9906272972310708,0.8865011748330792,10430|10757|10895|10858|11085|11215|10979|6850|10756|10440|11023|10590|10493|10792|10508|11124|10790|10931|10455|10588
Reciprocal factor SAE,20260829,0,datetime_query,806,88,211,20,0.9,0.6098403047164004,0.8064935934431767,0.8765703914141415,0.9281449275362319,0.8382535462189027,360|4112|2801|3091|4187|5997|4183|5774|4253|4667|5703|660|4772|4881|3606|1202|2472|3118|1252|3669
Reciprocal factor SAE,20260829,1,iot_hue_lightchange,1178,36,87,20,0.95,0.7219280948873623,0.6519341519601956,0.9556711383962405,0.7473336177474402,0.777061095153361,1960|2551|3542|4249|4826|456|3734|4247|4248|263|4803|897|2283|2540|2542|3280|3050|2975|1217|3387
Reciprocal factor SAE,20260829,2,transport_ticket,2665,35,68,20,0.8,0.7219280948873623,0.5865714438795725,0.9841556670400857,0.9966307277628033,0.8954053025390944,12873|12306|12874|12511|5128|12308|12162|12235|12802|12722|12536|12618|12160|12469|12724|12537|12818|12604|12381|12293
Reciprocal factor SAE,20260829,3,takeaway_query,130,35,407,20,0.75,0.0,0.6154112028825868,0.9962398324484926,0.9948630136986302,0.885061418100689,169|168|2773|170|5488|3671|2480|5324|4224|3021|1379|3295|3835|2035|3413|2908|132|4934|2338|2432
Reciprocal factor SAE,20260829,4,qa_stock,1710,26,79,20,0.85,0.0,0.8949721660631664,0.9798802489149193,0.9638262680715511,0.8239566745775431,14644|14475|14253|14342|14904|14544|14820|14090|13934|14189|14473|5016|14925|13639|14926|4606|14555|14406|680|13734
Reciprocal factor SAE,20260829,5,general_greet,1318,1,60,20,0.0,0.28639695711595625,0.24409750565225796,0.48988877654196156,0.7493622448979591,-0.00237725062012063,6424|6304|6582|6267|15208|16501|16763|6289|15686|4966|702|6559|2201|6469|6195|6533|4391|16703|16163|6382
Reciprocal factor SAE,20260829,6,recommendation_events,2052,43,208,20,0.8,0.7219280948873623,0.6252427397429213,0.9595905386603061,0.9486968126864501,0.8002341579253816,7946|11839|11616|11782|13619|7113|11770|11999|11585|11841|12098|7026|12008|11598|11767|7013|6860|11860|11705|12073
Reciprocal factor SAE,20260829,7,music_dislikeness,2619,4,6,6,0.0,0.6500224216483541,-0.0007517675316344119,0.49898785425101216,0.49787775891341257,,9768|9726|10696|10308|11455|14453
Reciprocal factor SAE,20260829,8,iot_wemo_off,726,18,45,20,0.5,0.8112781244591328,0.5953946950818452,0.8302824858757061,0.8732993197278912,0.8538885030705214,4201|1551|3298|2566|5652|321|4799|4966|4240|3774|843|3775|4154|5856|3326|2311|2283|4550|5243|13102
Reciprocal factor SAE,20260829,9,cooking_recipe,2522,72,394,20,1.0,0.7219280948873623,0.7659646052991792,0.9974581798649478,0.9970689655172413,0.8825920045796842,9941|9966|10171|10099|10206|10177|9930|9962|10150|10100|10072|10132|10055|9943|10164|10016|9961|10080|10226|10107
Reciprocal factor SAE,20260829,10,qa_currency,1552,39,54,20,0.95,0.28639695711595625,0.8679731047833563,0.999667340739379,1.0,0.933739653216088,14762|281|13796|14453|14029|14973|13684|14239|14241|13738|13896|13685|14620|14304|14599|13982|14658|14437|14228|14742
Reciprocal factor SAE,20260829,11,transport_traffic,2364,15,102,20,0.7,0.28639695711595625,0.5378217016359366,0.9653798397110283,0.9675955756013747,0.8850352538761379,12736|12717|12413|12675|12685|12838|12289|12869|12442|12672|6295|12240|12789|12254|13215|12693|12759|14457|11650|12256
Reciprocal factor SAE,20260829,12,general_quirky,1680,169,749,20,0.95,0.6098403047164004,0.49960692457169587,0.7572822922810556,0.745712705144754,0.6018203020722901,6325|6201|6229|6388|6516|6515|6241|11650|6550|6424|14564|6694|13618|6304|6227|6431|6438|6243|13521|6594
Reciprocal factor SAE,20260829,13,weather_query,397,156,279,20,0.95,0.4689955935892812,0.8862700309558503,0.9788543604333079,0.9990059363799283,0.939155450181846,3507|4614|1933|790|4227|2678|3407|2611|2917|6473|3406|2322|4383|3516|1308|2890|1655|6039|299|2545
Reciprocal factor SAE,20260829,14,audio_volume_up,2433,13,3,3,0.3333333333333333,0.9182958340544896,-0.0004766744967346559,0.5381231289860732,0.6976923076923076,0.8483711595464474,2108|443|6446
Reciprocal factor SAE,20260829,15,email_addcontact,1932,12,38,20,0.2,0.0,0.19588975436541803,0.7445308976093821,0.8740433673469389,0.6645583829247584,11146|16225|10956|15829|17111|10954|16777|15948|15946|17090|16711|16455|10996|16797|16710|13694|16872|16781|13154|16846
Reciprocal factor SAE,20260829,16,takeaway_order,2089,22,81,20,0.6,0.6098403047164004,0.36708183279719736,0.8820897364685552,0.914597602739726,0.8445815656546511,2480|5488|132|1831|2338|2414|3835|3671|5570|168|2255|1379|6112|170|668|13031|4934|1516|3020|2163
Reciprocal factor SAE,20260829,17,email_querycontact,2747,26,124,20,0.8,0.9927744539878083,0.6436515926496273,0.9180044972023219,0.8711115867579908,0.5656276465890945,16907|13154|15982|15815|16583|16874|16529|16797|16532|16983|11146|16777|16975|17111|16672|15983|13370|16711|15948|16523
Reciprocal factor SAE,20260829,18,iot_hue_lightup,1433,27,78,20,0.7,0.9927744539878083,0.5837101092397453,0.9223242283425895,0.8286244292237442,0.6375465227727325,962|1756|3883|6015|5727|3762|1071|4283|2906|80|2591|3543|2403|6174|4896|1993|3595|3700|5574|3834
Reciprocal factor SAE,20260829,19,recommendation_locations,33,31,391,20,0.8,0.8112781244591328,0.692666321133714,0.9971662987248344,0.9967010900745841,0.8429325732780945,12930|11778|11802|12066|11947|11959|11706|12019|11916|11678|11841|11942|12020|13318|11796|11751|11954|13630|11969|11628
Reciprocal factor SAE,20260829,20,play_audiobook,2382,41,399,20,0.95,0.6098403047164004,0.6344405096508894,0.9810844367411901,0.926331615120275,0.6833693338492187,9902|9881|9844|9768|9691|9732|9676|9726|9812|9772|9878|9767|9720|9827|9855|12800|9689|9909|9853|9754
Reciprocal factor SAE,20260829,21,lists_createoradd,2390,39,186,20,0.8,0.8112781244591328,0.5890696778285779,0.9124931060745333,0.908467202141901,0.7362147894079062,10915|10712|10940|11157|11026|10858|11238|10471|10636|7000|10816|10893|10812|10776|6850|11029|15203|10563|10513|10472
Reciprocal factor SAE,20260829,22,news_query,2307,124,581,20,1.0,0.9927744539878083,0.7972562730049327,0.9846734494805136,0.9916814159292034,0.8598364713657142,441|15214|3060|4391|1061|2203|442|5411|5688|2496|3039|2651|178|3037|3603|3605|1474|2315|1533|5270
Reciprocal factor SAE,20260829,23,alarm_query,2663,34,17,17,0.29411764705882354,0.8739810481273578,-0.0026008202315000273,0.5716448133445607,0.7481622151433472,0.5720746991630514,5122|4121|1635|3829|7140|14567|13363|4851|5568|7292|174|8766|11582|7224|3870|15686|7181
Reciprocal factor SAE,20260829,24,iot_wemo_on,748,10,33,20,0.35,0.7219280948873623,0.08977839236569271,0.8467545638945233,0.4995741056218058,,3841|3320|4201|4240|4173|843|4618|10440|1551|10636|2959|1423|15133|4620|389|5050|11644|322|4799|2960
Reciprocal factor SAE,20260829,25,general_joke,1596,19,132,20,0.85,0.9709505944546686,0.7617798668243801,0.9725062911602504,1.0,0.8666655363667266,2721|6147|412|4982|1256|4217|1372|1158|494|5952|4216|411|527|6517|4913|1579|3330|8672|13074|124
Reciprocal factor SAE,20260829,26,qa_definition,1395,57,409,20,1.0,0.4689955935892812,0.7005364999808448,0.9669131606067728,0.9728960590359553,0.7399749475127317,12957|13288|13863|13069|13494|14138|14147|12963|14622|13166|13799|14857|14378|14761|14414|13900|13361|13706|14023|14879
Reciprocal factor SAE,20260829,27,social_query,1485,25,17,17,0.4117647058823529,0.6722948170756379,0.3563459189093578,0.6386000679578662,0.6222269624573379,0.6502957273617367,15138|15304|10979|15333|15445|6500|16924|15508|2573|15271|15511|15274|15610|15155|15634|10570|15387
Reciprocal factor SAE,20260829,28,music_settings,1875,6,39,20,0.0,0.7219280948873623,0.18248792991962445,0.4934166103983795,0.5823395797842136,-0.0024022529905990066,16225|1318|15829|1811|14620|1874|5279|3741|6248|1677|2770|5204|3568|9619|3779|185|1042|16506|15948|16170
Reciprocal factor SAE,20260829,30,calendar_remove,1136,67,510,20,0.8,0.0,0.8011677755488268,0.9909809792814623,0.9922492557232317,0.8923975725067389,8856|9015|8666|7820|8516|6918|8430|7993|7836|7878|7080|6798|8732|10828|10433|8769|10743|10590|8888|9030
Reciprocal factor SAE,20260829,31,iot_hue_lightdim,1695,21,131,20,0.5,0.9927744539878083,0.47081141809499666,0.9469193853313296,0.8877726047537368,0.7436783821431919,6015|1756|80|2128|158|3700|5988|468|964|3280|5201|3595|14|5349|3222|2234|3762|3543|3386|4299
Reciprocal factor SAE,20260829,32,calendar_query,1664,126,946,20,0.9,0.4689955935892812,0.7092034406735583,0.9383985121142054,0.9537002888929867,0.770037625145936,7120|8044|8559|8494|8916|8129|7570|7266|7539|7690|8043|7978|8975|9043|7496|6722|9197|7087|8782|7762
Reciprocal factor SAE,20260829,33,email_sendemail,1049,114,255,20,1.0,1.0,0.8383059108964013,0.9674602589163869,0.9459275362318841,0.8335463746272813,17011|16005|16297|16622|15849|16838|16780|17043|16314|16995|15756|15796|16377|17123|16103|16496|17143|16535|15942|17113
Reciprocal factor SAE,20260829,34,iot_cleaning,258,26,32,20,0.95,0.0,0.7843317160035834,0.9611854834492496,0.849102564102564,0.7964679307175547,864|6159|1575|2959|4240|4201|4173|2517|3841|1059|2960|2434|290|1924|1151|4043|843|292|5330|2903
Reciprocal factor SAE,20260829,35,audio_volume_down,1564,11,47,20,0.15,0.8812908992306927,0.1976501707134024,0.7209702708519076,0.9974446337308347,0.5625970884862631,1639|261|6221|665|3543|3590|6967|6434|751|315|14857|3486|2056|10349|15880|5970|3474|12161|10224|13717
Reciprocal factor SAE,20260829,36,play_radio,525,72,339,20,0.95,0.9927744539878083,0.7281403948822031,0.9810178790669123,0.9966517857142858,0.908041072435876,9326|9520|9361|9406|9317|9321|9237|9561|9225|9212|9394|9408|9542|3101|9402|9362|9601|9303|9250|9263
Reciprocal factor SAE,20260829,38,datetime_convert,1194,15,20,20,0.25,0.9709505944546686,0.2032663637639282,0.6641833164013996,0.4995748299319728,,7291|4112|3214|7711|7712|7098|5204|4254|7955|4253|2309|7080|16624|3532|5997|1266|7680|4121|13554|15488
Reciprocal factor SAE,20260829,39,qa_maths,1236,25,23,20,0.8,0.8812908992306927,0.35380023701275737,0.8395786612300373,0.8748937074829931,0.747952444339717,13035|13391|13552|13459|14615|13122|13370|13359|13040|13412|13102|14223|13310|13460|8188|13172|13192|16851|17116|13997
Reciprocal factor SAE,20260829,40,iot_hue_lightoff,1505,43,166,20,0.8,0.6098403047164004,0.5571798454909805,0.9596302921884317,0.9951138316151202,0.8891864465816895,4171|2230|4077|5157|2965|997|428|651|427|5156|1030|5574|3785|1377|5047|19|5243|1071|3378|3167
Reciprocal factor SAE,20260829,41,iot_hue_lighton,2395,3,30,20,0.05,0.0,-0.0025208813077726108,0.6627318718381112,0.49787775891341257,-0.004164476208416707,5047|6073|11681|6041|3570|16248|3522|5856|2647|16005|9198|11610|14673|11384|3993|2780|13679|2414|3774|3775
Reciprocal factor SAE,20260829,42,transport_query,57,51,382,20,0.8,0.28639695711595625,0.7390913964334642,0.968541410393434,0.9946452476572959,0.8815937840767195,12813|12908|12252|12835|12354|12402|12797|12634|12366|12824|12446|12430|12581|12873|12343|12607|12245|12618|12724|6403
Reciprocal factor SAE,20260829,43,music_likeness,2483,36,57,20,0.6,0.8812908992306927,0.5801346795724909,0.7034731696225557,0.6971794871794871,0.6599885340579639,3029|3030|150|4671|71|931|5229|1745|9541|1336|4086|6901|3204|15350|1872|3178|6109|5250|3741|9871
Reciprocal factor SAE,20260829,44,email_query,1684,119,467,20,0.95,0.8112781244591328,0.7934967826198077,0.9794532063439627,0.9969902614830151,0.8408648051486923,17069|16399|15785|16263|16677|16170|16666|16163|16719|16662|16461|16712|16427|15305|16642|16276|16467|16373|17156|17157
Reciprocal factor SAE,20260829,45,play_music,1720,176,805,20,0.95,0.8112781244591328,0.7273150762787252,0.9849122492836676,0.9856101409063707,0.885678347328633,2527|182|2573|3546|827|3146|4477|1489|1047|9364|4116|3002|362|540|1546|397|2781|3174|296|3481
Reciprocal factor SAE,20260829,46,audio_volume_mute,2031,32,41,20,0.85,0.8112781244591328,0.3511143761986085,0.8892306709809265,0.8713969748858447,0.4742183316932949,2795|189|5813|2205|5525|3837|3812|3582|608|3|6166|3460|4653|2206|2207|12104|315|2796|1510|4854
Reciprocal factor SAE,20260829,47,social_post,814,81,436,20,1.0,0.4689955935892812,0.8267143815168602,0.9750542021065055,0.92731925087108,0.8595962544423739,15647|15459|15670|15503|15592|15652|15708|15472|15532|15409|15548|15518|15593|15731|15556|15626|15635|15557|15399|15651
Reciprocal factor SAE,20260829,48,alarm_set,2558,41,400,20,0.6,0.6098403047164004,0.5929330677404676,0.9761972218287266,0.9253807505102842,0.8102755863223005,533|5082|5365|862|1509|8741|5623|2957|174|2334|4654|939|5292|3986|560|1982|4121|59|7291|2288
Reciprocal factor SAE,20260829,49,qa_factoid,1415,141,641,20,0.95,0.28639695711595625,0.7523478662059035,0.9729558186384082,0.9635119047619048,0.8354546087341399,13798|14395|14653|13521|14567|13853|13124|12951|14306|13974|14317|14770|12972|14096|13823|14417|13580|15055|13513|13516
Reciprocal factor SAE,20260829,50,calendar_set,2331,209,832,20,1.0,0.4689955935892812,0.8075566010155235,0.9831824858531711,0.9846022727272727,0.862691219357489,6836|8358|7455|8585|8868|7287|8390|8073|8730|8553|7563|7196|7055|7004|7565|7057|7477|8436|8900|8618
Reciprocal factor SAE,20260829,51,play_game,460,35,112,20,0.95,0.8112781244591328,0.6798218914226932,0.9549315668988358,0.967944587628866,0.7723298006969876,10288|10292|10317|10247|10346|10260|10352|10350|10268|10357|10319|10321|10276|10339|6633|10365|10296|10406|10263|14701
Reciprocal factor SAE,20260829,52,alarm_remove,2230,21,116,20,0.3,0.9927744539878083,0.175234266639326,0.8199702683923925,0.9545876141552511,0.5686462091418468,1452|399|2985|6162|3435|9619|13684|920|14239|14526|8888|11505|15906|4854|3581|16318|16056|16947|940|6039
Reciprocal factor SAE,20260829,53,lists_remove,391,52,186,20,0.95,0.7219280948873623,0.6086762372754515,0.9852504748338082,0.9988973290860084,0.8201651119443023,10430|10590|10895|10508|8888|10743|11162|10433|10887|11168|10808|11023|10462|10527|10674|10444|11024|10790|10755|11164
Reciprocal factor SAE,20260829,54,transport_taxi,889,23,34,20,0.85,0.6098403047164004,0.7617928079053035,0.9558573853989814,1.0,0.908458967537741,12299|12710|12212|12383|12844|12329|12553|12608|12213|12558|12161|12745|12244|12121|12905|12377|16797|2480|12159|16532
Reciprocal factor SAE,20260829,55,recommendation_movies,722,20,23,20,0.7,0.9709505944546686,0.6042602704131832,0.8740502035278155,0.9991482112436115,0.7218499278247982,11633|11812|11636|11987|11600|13181|11634|11920|11990|14229|6621|11744|11871|11954|11861|14608|11695|11858|11862|11607
Reciprocal factor SAE,20260829,56,iot_coffee,2319,36,148,20,1.0,0.8812908992306927,0.7627805734365364,0.9852537138093073,0.9581549657534245,0.9091964608794846,6034|4084|2026|4244|2512|6061|4988|1276|2753|3321|5917|3568|5017|448|4271|2812|2868|5149|2733|6060
Reciprocal factor SAE,20260829,57,music_query,465,35,278,20,0.85,0.934068055375491,0.6928303156624649,0.9797915347523257,0.9331612162937464,0.7348517031084132,5250|2387|1807|484|1940|4560|6014|2373|2355|1176|4189|5544|6134|761|3864|3178|5261|4428|5531|4998
Reciprocal factor SAE,20260829,58,play_podcasts,2009,63,449,20,0.85,0.4689955935892812,0.6800786645882242,0.9843674015791056,0.968103448275862,0.8087960205022142,11409|11259|11539|11417|11345|11318|11458|11270|11455|11459|11438|11474|11476|1777|11265|11490|9361|11366|4477|11303
Reciprocal factor SAE,20260829,59,lists_query,723,51,77,20,0.45,0.6098403047164004,0.4895354120322286,0.8265408323082404,0.784366576819407,0.4326642738631149,10915|10712|10858|11238|11124|11215|10636|11157|10940|6850|10792|10851|11081|10895|11026|10979|11107|11166|10855|10440
