fact_id,C_domain,C_relation,C_subject_id,C_subject_label,C_value_id,C_value_label,C_subject_type,C_value_type,source_name,source_record_id,source_provenance,C_split,example_id,S_family,S_variant,S_split,text,generator,template_version,generation_seed
geography-Q1014-continent_of,geography,continent_of,Q1014,Liberia,Q15,Africa,country,continent,Wikidata,wd:Q1014:P30,https://www.wikidata.org/wiki/Q1014#P30,C_train,geography-Q1014-continent_of-declarative-v1,declarative,v1,S_train,Liberia is in Africa.,code/generate_controlled_surface_dataset.py,surface-v2,20260825
geography-Q1014-continent_of,geography,continent_of,Q1014,Liberia,Q15,Africa,country,continent,Wikidata,wd:Q1014:P30,https://www.wikidata.org/wiki/Q1014#P30,C_train,geography-Q1014-continent_of-declarative-v2,declarative,v2,S_train,Liberia lies in Africa.,code/generate_controlled_surface_dataset.py,surface-v2,20260825
geography-Q1014-continent_of,geography,continent_of,Q1014,Liberia,Q15,Africa,country,continent,Wikidata,wd:Q1014:P30,https://www.wikidata.org/wiki/Q1014#P30,C_train,geography-Q1014-continent_of-declarative-v3,declarative,v3,S_train,Africa includes Liberia.,code/generate_controlled_surface_dataset.py,surface-v2,20260825
geography-Q1014-continent_of,geography,continent_of,Q1014,Liberia,Q15,Africa,country,continent,Wikidata,wd:Q1014:P30,https://www.wikidata.org/wiki/Q1014#P30,C_train,geography-Q1014-continent_of-question-v1,question,v1,S_train,Which continent is Liberia in? Africa.,code/generate_controlled_surface_dataset.py,surface-v2,20260825
geography-Q1014-continent_of,geography,continent_of,Q1014,Liberia,Q15,Africa,country,continent,Wikidata,wd:Q1014:P30,https://www.wikidata.org/wiki/Q1014#P30,C_train,geography-Q1014-continent_of-question-v2,question,v2,S_train,Liberia belongs to which continent? Africa.,code/generate_controlled_surface_dataset.py,surface-v2,20260825
geography-Q1014-continent_of,geography,continent_of,Q1014,Liberia,Q15,Africa,country,continent,Wikidata,wd:Q1014:P30,https://www.wikidata.org/wiki/Q1014#P30,C_train,geography-Q1014-continent_of-question-v3,question,v3,S_train,What continent contains Liberia? Africa.,code/generate_controlled_surface_dataset.py,surface-v2,20260825
geography-Q1014-continent_of,geography,continent_of,Q1014,Liberia,Q15,Africa,country,continent,Wikidata,wd:Q1014:P30,https://www.wikidata.org/wiki/Q1014#P30,C_train,geography-Q1014-continent_of-paraphrase-v1,paraphrase,v1,S_train,The continent containing Liberia is Africa.,code/generate_controlled_surface_dataset.py,surface-v2,20260825
geography-Q1014-continent_of,geography,continent_of,Q1014,Liberia,Q15,Africa,country,continent,Wikidata,wd:Q1014:P30,https://www.wikidata.org/wiki/Q1014#P30,C_train,geography-Q1014-continent_of-paraphrase-v2,paraphrase,v2,S_train,Liberia is part of Africa.,code/generate_controlled_surface_dataset.py,surface-v2,20260825
geography-Q1014-continent_of,geography,continent_of,Q1014,Liberia,Q15,Africa,country,continent,Wikidata,wd:Q1014:P30,https://www.wikidata.org/wiki/Q1014#P30,C_train,geography-Q1014-continent_of-paraphrase-v3,paraphrase,v3,S_train,"For Liberia, the relevant continent is Africa.",code/generate_controlled_surface_dataset.py,surface-v2,20260825
geography-Q1014-continent_of,geography,continent_of,Q1014,Liberia,Q15,Africa,country,continent,Wikidata,wd:Q1014:P30,https://www.wikidata.org/wiki/Q1014#P30,C_train,geography-Q1014-continent_of-formal-v1,formal,v1,S_test,Country: Liberia. Continent: Africa.,code/generate_controlled_surface_dataset.py,surface-v2,20260825
geography-Q1014-continent_of,geography,continent_of,Q1014,Liberia,Q15,Africa,country,continent,Wikidata,wd:Q1014:P30,https://www.wikidata.org/wiki/Q1014#P30,C_train,geography-Q1014-continent_of-formal-v2,formal,v2,S_test,Continent — Africa; country — Liberia.,code/generate_controlled_surface_dataset.py,surface-v2,20260825
geography-Q1014-continent_of,geography,continent_of,Q1014,Liberia,Q15,Africa,country,continent,Wikidata,wd:Q1014:P30,https://www.wikidata.org/wiki/Q1014#P30,C_train,geography-Q1014-continent_of-structured-v1,structured,v1,S_test,"{""continent"": ""Africa"", ""country"": ""Liberia""}",code/generate_controlled_surface_dataset.py,surface-v2,20260825
geography-Q1014-currency_of,geography,currency_of,Q1014,Liberia,Q242988,Liberian dollar,country,currency,Wikidata,wd:Q1014:P38,https://www.wikidata.org/wiki/Q1014#P38,C_train,geography-Q1014-currency_of-declarative-v1,declarative,v1,S_train,Liberia uses the Liberian dollar.,code/generate_controlled_surface_dataset.py,surface-v2,20260825
geography-Q1014-currency_of,geography,currency_of,Q1014,Liberia,Q242988,Liberian dollar,country,currency,Wikidata,wd:Q1014:P38,https://www.wikidata.org/wiki/Q1014#P38,C_train,geography-Q1014-currency_of-declarative-v2,declarative,v2,S_train,The Liberian dollar is used in Liberia.,code/generate_controlled_surface_dataset.py,surface-v2,20260825
geography-Q1014-currency_of,geography,currency_of,Q1014,Liberia,Q242988,Liberian dollar,country,currency,Wikidata,wd:Q1014:P38,https://www.wikidata.org/wiki/Q1014#P38,C_train,geography-Q1014-currency_of-declarative-v3,declarative,v3,S_train,Liberia's currency is the Liberian dollar.,code/generate_controlled_surface_dataset.py,surface-v2,20260825
geography-Q1014-currency_of,geography,currency_of,Q1014,Liberia,Q242988,Liberian dollar,country,currency,Wikidata,wd:Q1014:P38,https://www.wikidata.org/wiki/Q1014#P38,C_train,geography-Q1014-currency_of-question-v1,question,v1,S_train,Which currency does Liberia use? Liberian dollar.,code/generate_controlled_surface_dataset.py,surface-v2,20260825
geography-Q1014-currency_of,geography,currency_of,Q1014,Liberia,Q242988,Liberian dollar,country,currency,Wikidata,wd:Q1014:P38,https://www.wikidata.org/wiki/Q1014#P38,C_train,geography-Q1014-currency_of-question-v2,question,v2,S_train,What currency is used in Liberia? Liberian dollar.,code/generate_controlled_surface_dataset.py,surface-v2,20260825
geography-Q1014-currency_of,geography,currency_of,Q1014,Liberia,Q242988,Liberian dollar,country,currency,Wikidata,wd:Q1014:P38,https://www.wikidata.org/wiki/Q1014#P38,C_train,geography-Q1014-currency_of-question-v3,question,v3,S_train,Liberia uses which currency? Liberian dollar.,code/generate_controlled_surface_dataset.py,surface-v2,20260825
geography-Q1014-currency_of,geography,currency_of,Q1014,Liberia,Q242988,Liberian dollar,country,currency,Wikidata,wd:Q1014:P38,https://www.wikidata.org/wiki/Q1014#P38,C_train,geography-Q1014-currency_of-paraphrase-v1,paraphrase,v1,S_train,"For Liberia, the currency is the Liberian dollar.",code/generate_controlled_surface_dataset.py,surface-v2,20260825
geography-Q1014-currency_of,geography,currency_of,Q1014,Liberia,Q242988,Liberian dollar,country,currency,Wikidata,wd:Q1014:P38,https://www.wikidata.org/wiki/Q1014#P38,C_train,geography-Q1014-currency_of-paraphrase-v2,paraphrase,v2,S_train,The currency associated with Liberia is the Liberian dollar.,code/generate_controlled_surface_dataset.py,surface-v2,20260825
geography-Q1014-currency_of,geography,currency_of,Q1014,Liberia,Q242988,Liberian dollar,country,currency,Wikidata,wd:Q1014:P38,https://www.wikidata.org/wiki/Q1014#P38,C_train,geography-Q1014-currency_of-paraphrase-v3,paraphrase,v3,S_train,"In Liberia, payment uses the Liberian dollar.",code/generate_controlled_surface_dataset.py,surface-v2,20260825
geography-Q1014-currency_of,geography,currency_of,Q1014,Liberia,Q242988,Liberian dollar,country,currency,Wikidata,wd:Q1014:P38,https://www.wikidata.org/wiki/Q1014#P38,C_train,geography-Q1014-currency_of-formal-v1,formal,v1,S_test,Country: Liberia. Currency: Liberian dollar.,code/generate_controlled_surface_dataset.py,surface-v2,20260825
geography-Q1014-currency_of,geography,currency_of,Q1014,Liberia,Q242988,Liberian dollar,country,currency,Wikidata,wd:Q1014:P38,https://www.wikidata.org/wiki/Q1014#P38,C_train,geography-Q1014-currency_of-formal-v2,formal,v2,S_test,Currency — Liberian dollar; country — Liberia.,code/generate_controlled_surface_dataset.py,surface-v2,20260825
geography-Q1014-currency_of,geography,currency_of,Q1014,Liberia,Q242988,Liberian dollar,country,currency,Wikidata,wd:Q1014:P38,https://www.wikidata.org/wiki/Q1014#P38,C_train,geography-Q1014-currency_of-structured-v1,structured,v1,S_test,"{""country"": ""Liberia"", ""currency"": ""Liberian dollar""}",code/generate_controlled_surface_dataset.py,surface-v2,20260825
geography-Q1016-currency_of,geography,currency_of,Q1016,Libya,Q190699,Libyan dinar,country,currency,Wikidata,wd:Q1016:P38,https://www.wikidata.org/wiki/Q1016#P38,C_train,geography-Q1016-currency_of-declarative-v1,declarative,v1,S_train,Libya uses the Libyan dinar.,code/generate_controlled_surface_dataset.py,surface-v2,20260825
geography-Q1016-currency_of,geography,currency_of,Q1016,Libya,Q190699,Libyan dinar,country,currency,Wikidata,wd:Q1016:P38,https://www.wikidata.org/wiki/Q1016#P38,C_train,geography-Q1016-currency_of-declarative-v2,declarative,v2,S_train,The Libyan dinar is used in Libya.,code/generate_controlled_surface_dataset.py,surface-v2,20260825
geography-Q1016-currency_of,geography,currency_of,Q1016,Libya,Q190699,Libyan dinar,country,currency,Wikidata,wd:Q1016:P38,https://www.wikidata.org/wiki/Q1016#P38,C_train,geography-Q1016-currency_of-declarative-v3,declarative,v3,S_train,Libya's currency is the Libyan dinar.,code/generate_controlled_surface_dataset.py,surface-v2,20260825
geography-Q1016-currency_of,geography,currency_of,Q1016,Libya,Q190699,Libyan dinar,country,currency,Wikidata,wd:Q1016:P38,https://www.wikidata.org/wiki/Q1016#P38,C_train,geography-Q1016-currency_of-question-v1,question,v1,S_train,Which currency does Libya use? Libyan dinar.,code/generate_controlled_surface_dataset.py,surface-v2,20260825
geography-Q1016-currency_of,geography,currency_of,Q1016,Libya,Q190699,Libyan dinar,country,currency,Wikidata,wd:Q1016:P38,https://www.wikidata.org/wiki/Q1016#P38,C_train,geography-Q1016-currency_of-question-v2,question,v2,S_train,What currency is used in Libya? Libyan dinar.,code/generate_controlled_surface_dataset.py,surface-v2,20260825
geography-Q1016-currency_of,geography,currency_of,Q1016,Libya,Q190699,Libyan dinar,country,currency,Wikidata,wd:Q1016:P38,https://www.wikidata.org/wiki/Q1016#P38,C_train,geography-Q1016-currency_of-question-v3,question,v3,S_train,Libya uses which currency? Libyan dinar.,code/generate_controlled_surface_dataset.py,surface-v2,20260825
geography-Q1016-currency_of,geography,currency_of,Q1016,Libya,Q190699,Libyan dinar,country,currency,Wikidata,wd:Q1016:P38,https://www.wikidata.org/wiki/Q1016#P38,C_train,geography-Q1016-currency_of-paraphrase-v1,paraphrase,v1,S_train,"For Libya, the currency is the Libyan dinar.",code/generate_controlled_surface_dataset.py,surface-v2,20260825
geography-Q1016-currency_of,geography,currency_of,Q1016,Libya,Q190699,Libyan dinar,country,currency,Wikidata,wd:Q1016:P38,https://www.wikidata.org/wiki/Q1016#P38,C_train,geography-Q1016-currency_of-paraphrase-v2,paraphrase,v2,S_train,The currency associated with Libya is the Libyan dinar.,code/generate_controlled_surface_dataset.py,surface-v2,20260825
geography-Q1016-currency_of,geography,currency_of,Q1016,Libya,Q190699,Libyan dinar,country,currency,Wikidata,wd:Q1016:P38,https://www.wikidata.org/wiki/Q1016#P38,C_train,geography-Q1016-currency_of-paraphrase-v3,paraphrase,v3,S_train,"In Libya, payment uses the Libyan dinar.",code/generate_controlled_surface_dataset.py,surface-v2,20260825
geography-Q1016-currency_of,geography,currency_of,Q1016,Libya,Q190699,Libyan dinar,country,currency,Wikidata,wd:Q1016:P38,https://www.wikidata.org/wiki/Q1016#P38,C_train,geography-Q1016-currency_of-formal-v1,formal,v1,S_test,Country: Libya. Currency: Libyan dinar.,code/generate_controlled_surface_dataset.py,surface-v2,20260825
geography-Q1016-currency_of,geography,currency_of,Q1016,Libya,Q190699,Libyan dinar,country,currency,Wikidata,wd:Q1016:P38,https://www.wikidata.org/wiki/Q1016#P38,C_train,geography-Q1016-currency_of-formal-v2,formal,v2,S_test,Currency — Libyan dinar; country — Libya.,code/generate_controlled_surface_dataset.py,surface-v2,20260825
geography-Q1016-currency_of,geography,currency_of,Q1016,Libya,Q190699,Libyan dinar,country,currency,Wikidata,wd:Q1016:P38,https://www.wikidata.org/wiki/Q1016#P38,C_train,geography-Q1016-currency_of-structured-v1,structured,v1,S_test,"{""country"": ""Libya"", ""currency"": ""Libyan dinar""}",code/generate_controlled_surface_dataset.py,surface-v2,20260825
geography-Q1020-currency_of,geography,currency_of,Q1020,Malawi,Q211694,Malawian kwacha,country,currency,Wikidata,wd:Q1020:P38,https://www.wikidata.org/wiki/Q1020#P38,C_train,geography-Q1020-currency_of-declarative-v1,declarative,v1,S_train,Malawi uses the Malawian kwacha.,code/generate_controlled_surface_dataset.py,surface-v2,20260825
geography-Q1020-currency_of,geography,currency_of,Q1020,Malawi,Q211694,Malawian kwacha,country,currency,Wikidata,wd:Q1020:P38,https://www.wikidata.org/wiki/Q1020#P38,C_train,geography-Q1020-currency_of-declarative-v2,declarative,v2,S_train,The Malawian kwacha is used in Malawi.,code/generate_controlled_surface_dataset.py,surface-v2,20260825
geography-Q1020-currency_of,geography,currency_of,Q1020,Malawi,Q211694,Malawian kwacha,country,currency,Wikidata,wd:Q1020:P38,https://www.wikidata.org/wiki/Q1020#P38,C_train,geography-Q1020-currency_of-declarative-v3,declarative,v3,S_train,Malawi's currency is the Malawian kwacha.,code/generate_controlled_surface_dataset.py,surface-v2,20260825
geography-Q1020-currency_of,geography,currency_of,Q1020,Malawi,Q211694,Malawian kwacha,country,currency,Wikidata,wd:Q1020:P38,https://www.wikidata.org/wiki/Q1020#P38,C_train,geography-Q1020-currency_of-question-v1,question,v1,S_train,Which currency does Malawi use? Malawian kwacha.,code/generate_controlled_surface_dataset.py,surface-v2,20260825
geography-Q1020-currency_of,geography,currency_of,Q1020,Malawi,Q211694,Malawian kwacha,country,currency,Wikidata,wd:Q1020:P38,https://www.wikidata.org/wiki/Q1020#P38,C_train,geography-Q1020-currency_of-question-v2,question,v2,S_train,What currency is used in Malawi? Malawian kwacha.,code/generate_controlled_surface_dataset.py,surface-v2,20260825
geography-Q1020-currency_of,geography,currency_of,Q1020,Malawi,Q211694,Malawian kwacha,country,currency,Wikidata,wd:Q1020:P38,https://www.wikidata.org/wiki/Q1020#P38,C_train,geography-Q1020-currency_of-question-v3,question,v3,S_train,Malawi uses which currency? Malawian kwacha.,code/generate_controlled_surface_dataset.py,surface-v2,20260825
geography-Q1020-currency_of,geography,currency_of,Q1020,Malawi,Q211694,Malawian kwacha,country,currency,Wikidata,wd:Q1020:P38,https://www.wikidata.org/wiki/Q1020#P38,C_train,geography-Q1020-currency_of-paraphrase-v1,paraphrase,v1,S_train,"For Malawi, the currency is the Malawian kwacha.",code/generate_controlled_surface_dataset.py,surface-v2,20260825
geography-Q1020-currency_of,geography,currency_of,Q1020,Malawi,Q211694,Malawian kwacha,country,currency,Wikidata,wd:Q1020:P38,https://www.wikidata.org/wiki/Q1020#P38,C_train,geography-Q1020-currency_of-paraphrase-v2,paraphrase,v2,S_train,The currency associated with Malawi is the Malawian kwacha.,code/generate_controlled_surface_dataset.py,surface-v2,20260825
geography-Q1020-currency_of,geography,currency_of,Q1020,Malawi,Q211694,Malawian kwacha,country,currency,Wikidata,wd:Q1020:P38,https://www.wikidata.org/wiki/Q1020#P38,C_train,geography-Q1020-currency_of-paraphrase-v3,paraphrase,v3,S_train,"In Malawi, payment uses the Malawian kwacha.",code/generate_controlled_surface_dataset.py,surface-v2,20260825
geography-Q1020-currency_of,geography,currency_of,Q1020,Malawi,Q211694,Malawian kwacha,country,currency,Wikidata,wd:Q1020:P38,https://www.wikidata.org/wiki/Q1020#P38,C_train,geography-Q1020-currency_of-formal-v1,formal,v1,S_test,Country: Malawi. Currency: Malawian kwacha.,code/generate_controlled_surface_dataset.py,surface-v2,20260825
geography-Q1020-currency_of,geography,currency_of,Q1020,Malawi,Q211694,Malawian kwacha,country,currency,Wikidata,wd:Q1020:P38,https://www.wikidata.org/wiki/Q1020#P38,C_train,geography-Q1020-currency_of-formal-v2,formal,v2,S_test,Currency — Malawian kwacha; country — Malawi.,code/generate_controlled_surface_dataset.py,surface-v2,20260825
geography-Q1020-currency_of,geography,currency_of,Q1020,Malawi,Q211694,Malawian kwacha,country,currency,Wikidata,wd:Q1020:P38,https://www.wikidata.org/wiki/Q1020#P38,C_train,geography-Q1020-currency_of-structured-v1,structured,v1,S_test,"{""country"": ""Malawi"", ""currency"": ""Malawian kwacha""}",code/generate_controlled_surface_dataset.py,surface-v2,20260825
geography-Q1025-capital_of,geography,capital_of,Q1025,Mauritania,Q3688,Nouakchott,country,city,Wikidata,wd:Q1025:P36,https://www.wikidata.org/wiki/Q1025#P36,C_train,geography-Q1025-capital_of-declarative-v1,declarative,v1,S_train,Nouakchott is the capital city of Mauritania.,code/generate_controlled_surface_dataset.py,surface-v2,20260825
geography-Q1025-capital_of,geography,capital_of,Q1025,Mauritania,Q3688,Nouakchott,country,city,Wikidata,wd:Q1025:P36,https://www.wikidata.org/wiki/Q1025#P36,C_train,geography-Q1025-capital_of-declarative-v2,declarative,v2,S_train,Mauritania has Nouakchott as its capital.,code/generate_controlled_surface_dataset.py,surface-v2,20260825
geography-Q1025-capital_of,geography,capital_of,Q1025,Mauritania,Q3688,Nouakchott,country,city,Wikidata,wd:Q1025:P36,https://www.wikidata.org/wiki/Q1025#P36,C_train,geography-Q1025-capital_of-declarative-v3,declarative,v3,S_train,The capital of Mauritania is Nouakchott.,code/generate_controlled_surface_dataset.py,surface-v2,20260825
geography-Q1025-capital_of,geography,capital_of,Q1025,Mauritania,Q3688,Nouakchott,country,city,Wikidata,wd:Q1025:P36,https://www.wikidata.org/wiki/Q1025#P36,C_train,geography-Q1025-capital_of-question-v1,question,v1,S_train,Which city is the capital of Mauritania? Nouakchott.,code/generate_controlled_surface_dataset.py,surface-v2,20260825
geography-Q1025-capital_of,geography,capital_of,Q1025,Mauritania,Q3688,Nouakchott,country,city,Wikidata,wd:Q1025:P36,https://www.wikidata.org/wiki/Q1025#P36,C_train,geography-Q1025-capital_of-question-v2,question,v2,S_train,What is the capital of Mauritania? Nouakchott.,code/generate_controlled_surface_dataset.py,surface-v2,20260825
geography-Q1025-capital_of,geography,capital_of,Q1025,Mauritania,Q3688,Nouakchott,country,city,Wikidata,wd:Q1025:P36,https://www.wikidata.org/wiki/Q1025#P36,C_train,geography-Q1025-capital_of-question-v3,question,v3,S_train,Mauritania has which city as its capital? Nouakchott.,code/generate_controlled_surface_dataset.py,surface-v2,20260825
geography-Q1025-capital_of,geography,capital_of,Q1025,Mauritania,Q3688,Nouakchott,country,city,Wikidata,wd:Q1025:P36,https://www.wikidata.org/wiki/Q1025#P36,C_train,geography-Q1025-capital_of-paraphrase-v1,paraphrase,v1,S_train,"In Mauritania, the capital city is Nouakchott.",code/generate_controlled_surface_dataset.py,surface-v2,20260825
geography-Q1025-capital_of,geography,capital_of,Q1025,Mauritania,Q3688,Nouakchott,country,city,Wikidata,wd:Q1025:P36,https://www.wikidata.org/wiki/Q1025#P36,C_train,geography-Q1025-capital_of-paraphrase-v2,paraphrase,v2,S_train,Nouakchott holds the role of capital for Mauritania.,code/generate_controlled_surface_dataset.py,surface-v2,20260825
geography-Q1025-capital_of,geography,capital_of,Q1025,Mauritania,Q3688,Nouakchott,country,city,Wikidata,wd:Q1025:P36,https://www.wikidata.org/wiki/Q1025#P36,C_train,geography-Q1025-capital_of-paraphrase-v3,paraphrase,v3,S_train,"For Mauritania, the capital is Nouakchott.",code/generate_controlled_surface_dataset.py,surface-v2,20260825
geography-Q1025-capital_of,geography,capital_of,Q1025,Mauritania,Q3688,Nouakchott,country,city,Wikidata,wd:Q1025:P36,https://www.wikidata.org/wiki/Q1025#P36,C_train,geography-Q1025-capital_of-formal-v1,formal,v1,S_test,Country: Mauritania. Capital city: Nouakchott.,code/generate_controlled_surface_dataset.py,surface-v2,20260825
geography-Q1025-capital_of,geography,capital_of,Q1025,Mauritania,Q3688,Nouakchott,country,city,Wikidata,wd:Q1025:P36,https://www.wikidata.org/wiki/Q1025#P36,C_train,geography-Q1025-capital_of-formal-v2,formal,v2,S_test,Capital city — Nouakchott; country — Mauritania.,code/generate_controlled_surface_dataset.py,surface-v2,20260825
geography-Q1025-capital_of,geography,capital_of,Q1025,Mauritania,Q3688,Nouakchott,country,city,Wikidata,wd:Q1025:P36,https://www.wikidata.org/wiki/Q1025#P36,C_train,geography-Q1025-capital_of-structured-v1,structured,v1,S_test,"{""capital_city"": ""Nouakchott"", ""country"": ""Mauritania""}",code/generate_controlled_surface_dataset.py,surface-v2,20260825
geography-Q1029-currency_of,geography,currency_of,Q1029,Mozambique,Q200753,Mozambican metical,country,currency,Wikidata,wd:Q1029:P38,https://www.wikidata.org/wiki/Q1029#P38,C_train,geography-Q1029-currency_of-declarative-v1,declarative,v1,S_train,Mozambique uses the Mozambican metical.,code/generate_controlled_surface_dataset.py,surface-v2,20260825
geography-Q1029-currency_of,geography,currency_of,Q1029,Mozambique,Q200753,Mozambican metical,country,currency,Wikidata,wd:Q1029:P38,https://www.wikidata.org/wiki/Q1029#P38,C_train,geography-Q1029-currency_of-declarative-v2,declarative,v2,S_train,The Mozambican metical is used in Mozambique.,code/generate_controlled_surface_dataset.py,surface-v2,20260825
geography-Q1029-currency_of,geography,currency_of,Q1029,Mozambique,Q200753,Mozambican metical,country,currency,Wikidata,wd:Q1029:P38,https://www.wikidata.org/wiki/Q1029#P38,C_train,geography-Q1029-currency_of-declarative-v3,declarative,v3,S_train,Mozambique's currency is the Mozambican metical.,code/generate_controlled_surface_dataset.py,surface-v2,20260825
geography-Q1029-currency_of,geography,currency_of,Q1029,Mozambique,Q200753,Mozambican metical,country,currency,Wikidata,wd:Q1029:P38,https://www.wikidata.org/wiki/Q1029#P38,C_train,geography-Q1029-currency_of-question-v1,question,v1,S_train,Which currency does Mozambique use? Mozambican metical.,code/generate_controlled_surface_dataset.py,surface-v2,20260825
geography-Q1029-currency_of,geography,currency_of,Q1029,Mozambique,Q200753,Mozambican metical,country,currency,Wikidata,wd:Q1029:P38,https://www.wikidata.org/wiki/Q1029#P38,C_train,geography-Q1029-currency_of-question-v2,question,v2,S_train,What currency is used in Mozambique? Mozambican metical.,code/generate_controlled_surface_dataset.py,surface-v2,20260825
geography-Q1029-currency_of,geography,currency_of,Q1029,Mozambique,Q200753,Mozambican metical,country,currency,Wikidata,wd:Q1029:P38,https://www.wikidata.org/wiki/Q1029#P38,C_train,geography-Q1029-currency_of-question-v3,question,v3,S_train,Mozambique uses which currency? Mozambican metical.,code/generate_controlled_surface_dataset.py,surface-v2,20260825
geography-Q1029-currency_of,geography,currency_of,Q1029,Mozambique,Q200753,Mozambican metical,country,currency,Wikidata,wd:Q1029:P38,https://www.wikidata.org/wiki/Q1029#P38,C_train,geography-Q1029-currency_of-paraphrase-v1,paraphrase,v1,S_train,"For Mozambique, the currency is the Mozambican metical.",code/generate_controlled_surface_dataset.py,surface-v2,20260825
geography-Q1029-currency_of,geography,currency_of,Q1029,Mozambique,Q200753,Mozambican metical,country,currency,Wikidata,wd:Q1029:P38,https://www.wikidata.org/wiki/Q1029#P38,C_train,geography-Q1029-currency_of-paraphrase-v2,paraphrase,v2,S_train,The currency associated with Mozambique is the Mozambican metical.,code/generate_controlled_surface_dataset.py,surface-v2,20260825
geography-Q1029-currency_of,geography,currency_of,Q1029,Mozambique,Q200753,Mozambican metical,country,currency,Wikidata,wd:Q1029:P38,https://www.wikidata.org/wiki/Q1029#P38,C_train,geography-Q1029-currency_of-paraphrase-v3,paraphrase,v3,S_train,"In Mozambique, payment uses the Mozambican metical.",code/generate_controlled_surface_dataset.py,surface-v2,20260825
geography-Q1029-currency_of,geography,currency_of,Q1029,Mozambique,Q200753,Mozambican metical,country,currency,Wikidata,wd:Q1029:P38,https://www.wikidata.org/wiki/Q1029#P38,C_train,geography-Q1029-currency_of-formal-v1,formal,v1,S_test,Country: Mozambique. Currency: Mozambican metical.,code/generate_controlled_surface_dataset.py,surface-v2,20260825
geography-Q1029-currency_of,geography,currency_of,Q1029,Mozambique,Q200753,Mozambican metical,country,currency,Wikidata,wd:Q1029:P38,https://www.wikidata.org/wiki/Q1029#P38,C_train,geography-Q1029-currency_of-formal-v2,formal,v2,S_test,Currency — Mozambican metical; country — Mozambique.,code/generate_controlled_surface_dataset.py,surface-v2,20260825
geography-Q1029-currency_of,geography,currency_of,Q1029,Mozambique,Q200753,Mozambican metical,country,currency,Wikidata,wd:Q1029:P38,https://www.wikidata.org/wiki/Q1029#P38,C_train,geography-Q1029-currency_of-structured-v1,structured,v1,S_test,"{""country"": ""Mozambique"", ""currency"": ""Mozambican metical""}",code/generate_controlled_surface_dataset.py,surface-v2,20260825
geography-Q1033-currency_of,geography,currency_of,Q1033,Nigeria,Q203567,naira,country,currency,Wikidata,wd:Q1033:P38,https://www.wikidata.org/wiki/Q1033#P38,C_train,geography-Q1033-currency_of-declarative-v1,declarative,v1,S_train,Nigeria uses the naira.,code/generate_controlled_surface_dataset.py,surface-v2,20260825
geography-Q1033-currency_of,geography,currency_of,Q1033,Nigeria,Q203567,naira,country,currency,Wikidata,wd:Q1033:P38,https://www.wikidata.org/wiki/Q1033#P38,C_train,geography-Q1033-currency_of-declarative-v2,declarative,v2,S_train,The naira is used in Nigeria.,code/generate_controlled_surface_dataset.py,surface-v2,20260825
geography-Q1033-currency_of,geography,currency_of,Q1033,Nigeria,Q203567,naira,country,currency,Wikidata,wd:Q1033:P38,https://www.wikidata.org/wiki/Q1033#P38,C_train,geography-Q1033-currency_of-declarative-v3,declarative,v3,S_train,Nigeria's currency is the naira.,code/generate_controlled_surface_dataset.py,surface-v2,20260825
geography-Q1033-currency_of,geography,currency_of,Q1033,Nigeria,Q203567,naira,country,currency,Wikidata,wd:Q1033:P38,https://www.wikidata.org/wiki/Q1033#P38,C_train,geography-Q1033-currency_of-question-v1,question,v1,S_train,Which currency does Nigeria use? naira.,code/generate_controlled_surface_dataset.py,surface-v2,20260825
geography-Q1033-currency_of,geography,currency_of,Q1033,Nigeria,Q203567,naira,country,currency,Wikidata,wd:Q1033:P38,https://www.wikidata.org/wiki/Q1033#P38,C_train,geography-Q1033-currency_of-question-v2,question,v2,S_train,What currency is used in Nigeria? naira.,code/generate_controlled_surface_dataset.py,surface-v2,20260825
geography-Q1033-currency_of,geography,currency_of,Q1033,Nigeria,Q203567,naira,country,currency,Wikidata,wd:Q1033:P38,https://www.wikidata.org/wiki/Q1033#P38,C_train,geography-Q1033-currency_of-question-v3,question,v3,S_train,Nigeria uses which currency? naira.,code/generate_controlled_surface_dataset.py,surface-v2,20260825
geography-Q1033-currency_of,geography,currency_of,Q1033,Nigeria,Q203567,naira,country,currency,Wikidata,wd:Q1033:P38,https://www.wikidata.org/wiki/Q1033#P38,C_train,geography-Q1033-currency_of-paraphrase-v1,paraphrase,v1,S_train,"For Nigeria, the currency is the naira.",code/generate_controlled_surface_dataset.py,surface-v2,20260825
geography-Q1033-currency_of,geography,currency_of,Q1033,Nigeria,Q203567,naira,country,currency,Wikidata,wd:Q1033:P38,https://www.wikidata.org/wiki/Q1033#P38,C_train,geography-Q1033-currency_of-paraphrase-v2,paraphrase,v2,S_train,The currency associated with Nigeria is the naira.,code/generate_controlled_surface_dataset.py,surface-v2,20260825
geography-Q1033-currency_of,geography,currency_of,Q1033,Nigeria,Q203567,naira,country,currency,Wikidata,wd:Q1033:P38,https://www.wikidata.org/wiki/Q1033#P38,C_train,geography-Q1033-currency_of-paraphrase-v3,paraphrase,v3,S_train,"In Nigeria, payment uses the naira.",code/generate_controlled_surface_dataset.py,surface-v2,20260825
geography-Q1033-currency_of,geography,currency_of,Q1033,Nigeria,Q203567,naira,country,currency,Wikidata,wd:Q1033:P38,https://www.wikidata.org/wiki/Q1033#P38,C_train,geography-Q1033-currency_of-formal-v1,formal,v1,S_test,Country: Nigeria. Currency: naira.,code/generate_controlled_surface_dataset.py,surface-v2,20260825
geography-Q1033-currency_of,geography,currency_of,Q1033,Nigeria,Q203567,naira,country,currency,Wikidata,wd:Q1033:P38,https://www.wikidata.org/wiki/Q1033#P38,C_train,geography-Q1033-currency_of-formal-v2,formal,v2,S_test,Currency — naira; country — Nigeria.,code/generate_controlled_surface_dataset.py,surface-v2,20260825
geography-Q1033-currency_of,geography,currency_of,Q1033,Nigeria,Q203567,naira,country,currency,Wikidata,wd:Q1033:P38,https://www.wikidata.org/wiki/Q1033#P38,C_train,geography-Q1033-currency_of-structured-v1,structured,v1,S_test,"{""country"": ""Nigeria"", ""currency"": ""naira""}",code/generate_controlled_surface_dataset.py,surface-v2,20260825
geography-Q1036-currency_of,geography,currency_of,Q1036,Uganda,Q4598,Ugandan shilling,country,currency,Wikidata,wd:Q1036:P38,https://www.wikidata.org/wiki/Q1036#P38,C_train,geography-Q1036-currency_of-declarative-v1,declarative,v1,S_train,Uganda uses the Ugandan shilling.,code/generate_controlled_surface_dataset.py,surface-v2,20260825
geography-Q1036-currency_of,geography,currency_of,Q1036,Uganda,Q4598,Ugandan shilling,country,currency,Wikidata,wd:Q1036:P38,https://www.wikidata.org/wiki/Q1036#P38,C_train,geography-Q1036-currency_of-declarative-v2,declarative,v2,S_train,The Ugandan shilling is used in Uganda.,code/generate_controlled_surface_dataset.py,surface-v2,20260825
geography-Q1036-currency_of,geography,currency_of,Q1036,Uganda,Q4598,Ugandan shilling,country,currency,Wikidata,wd:Q1036:P38,https://www.wikidata.org/wiki/Q1036#P38,C_train,geography-Q1036-currency_of-declarative-v3,declarative,v3,S_train,Uganda's currency is the Ugandan shilling.,code/generate_controlled_surface_dataset.py,surface-v2,20260825
geography-Q1036-currency_of,geography,currency_of,Q1036,Uganda,Q4598,Ugandan shilling,country,currency,Wikidata,wd:Q1036:P38,https://www.wikidata.org/wiki/Q1036#P38,C_train,geography-Q1036-currency_of-question-v1,question,v1,S_train,Which currency does Uganda use? Ugandan shilling.,code/generate_controlled_surface_dataset.py,surface-v2,20260825
geography-Q1036-currency_of,geography,currency_of,Q1036,Uganda,Q4598,Ugandan shilling,country,currency,Wikidata,wd:Q1036:P38,https://www.wikidata.org/wiki/Q1036#P38,C_train,geography-Q1036-currency_of-question-v2,question,v2,S_train,What currency is used in Uganda? Ugandan shilling.,code/generate_controlled_surface_dataset.py,surface-v2,20260825
geography-Q1036-currency_of,geography,currency_of,Q1036,Uganda,Q4598,Ugandan shilling,country,currency,Wikidata,wd:Q1036:P38,https://www.wikidata.org/wiki/Q1036#P38,C_train,geography-Q1036-currency_of-question-v3,question,v3,S_train,Uganda uses which currency? Ugandan shilling.,code/generate_controlled_surface_dataset.py,surface-v2,20260825
geography-Q1036-currency_of,geography,currency_of,Q1036,Uganda,Q4598,Ugandan shilling,country,currency,Wikidata,wd:Q1036:P38,https://www.wikidata.org/wiki/Q1036#P38,C_train,geography-Q1036-currency_of-paraphrase-v1,paraphrase,v1,S_train,"For Uganda, the currency is the Ugandan shilling.",code/generate_controlled_surface_dataset.py,surface-v2,20260825
geography-Q1036-currency_of,geography,currency_of,Q1036,Uganda,Q4598,Ugandan shilling,country,currency,Wikidata,wd:Q1036:P38,https://www.wikidata.org/wiki/Q1036#P38,C_train,geography-Q1036-currency_of-paraphrase-v2,paraphrase,v2,S_train,The currency associated with Uganda is the Ugandan shilling.,code/generate_controlled_surface_dataset.py,surface-v2,20260825
geography-Q1036-currency_of,geography,currency_of,Q1036,Uganda,Q4598,Ugandan shilling,country,currency,Wikidata,wd:Q1036:P38,https://www.wikidata.org/wiki/Q1036#P38,C_train,geography-Q1036-currency_of-paraphrase-v3,paraphrase,v3,S_train,"In Uganda, payment uses the Ugandan shilling.",code/generate_controlled_surface_dataset.py,surface-v2,20260825
geography-Q1036-currency_of,geography,currency_of,Q1036,Uganda,Q4598,Ugandan shilling,country,currency,Wikidata,wd:Q1036:P38,https://www.wikidata.org/wiki/Q1036#P38,C_train,geography-Q1036-currency_of-formal-v1,formal,v1,S_test,Country: Uganda. Currency: Ugandan shilling.,code/generate_controlled_surface_dataset.py,surface-v2,20260825
geography-Q1036-currency_of,geography,currency_of,Q1036,Uganda,Q4598,Ugandan shilling,country,currency,Wikidata,wd:Q1036:P38,https://www.wikidata.org/wiki/Q1036#P38,C_train,geography-Q1036-currency_of-formal-v2,formal,v2,S_test,Currency — Ugandan shilling; country — Uganda.,code/generate_controlled_surface_dataset.py,surface-v2,20260825
geography-Q1036-currency_of,geography,currency_of,Q1036,Uganda,Q4598,Ugandan shilling,country,currency,Wikidata,wd:Q1036:P38,https://www.wikidata.org/wiki/Q1036#P38,C_train,geography-Q1036-currency_of-structured-v1,structured,v1,S_test,"{""country"": ""Uganda"", ""currency"": ""Ugandan shilling""}",code/generate_controlled_surface_dataset.py,surface-v2,20260825
geography-Q1037-capital_of,geography,capital_of,Q1037,Rwanda,Q3859,Kigali,country,city,Wikidata,wd:Q1037:P36,https://www.wikidata.org/wiki/Q1037#P36,C_train,geography-Q1037-capital_of-declarative-v1,declarative,v1,S_train,Kigali is the capital city of Rwanda.,code/generate_controlled_surface_dataset.py,surface-v2,20260825
geography-Q1037-capital_of,geography,capital_of,Q1037,Rwanda,Q3859,Kigali,country,city,Wikidata,wd:Q1037:P36,https://www.wikidata.org/wiki/Q1037#P36,C_train,geography-Q1037-capital_of-declarative-v2,declarative,v2,S_train,Rwanda has Kigali as its capital.,code/generate_controlled_surface_dataset.py,surface-v2,20260825
geography-Q1037-capital_of,geography,capital_of,Q1037,Rwanda,Q3859,Kigali,country,city,Wikidata,wd:Q1037:P36,https://www.wikidata.org/wiki/Q1037#P36,C_train,geography-Q1037-capital_of-declarative-v3,declarative,v3,S_train,The capital of Rwanda is Kigali.,code/generate_controlled_surface_dataset.py,surface-v2,20260825
geography-Q1037-capital_of,geography,capital_of,Q1037,Rwanda,Q3859,Kigali,country,city,Wikidata,wd:Q1037:P36,https://www.wikidata.org/wiki/Q1037#P36,C_train,geography-Q1037-capital_of-question-v1,question,v1,S_train,Which city is the capital of Rwanda? Kigali.,code/generate_controlled_surface_dataset.py,surface-v2,20260825
geography-Q1037-capital_of,geography,capital_of,Q1037,Rwanda,Q3859,Kigali,country,city,Wikidata,wd:Q1037:P36,https://www.wikidata.org/wiki/Q1037#P36,C_train,geography-Q1037-capital_of-question-v2,question,v2,S_train,What is the capital of Rwanda? Kigali.,code/generate_controlled_surface_dataset.py,surface-v2,20260825
geography-Q1037-capital_of,geography,capital_of,Q1037,Rwanda,Q3859,Kigali,country,city,Wikidata,wd:Q1037:P36,https://www.wikidata.org/wiki/Q1037#P36,C_train,geography-Q1037-capital_of-question-v3,question,v3,S_train,Rwanda has which city as its capital? Kigali.,code/generate_controlled_surface_dataset.py,surface-v2,20260825
geography-Q1037-capital_of,geography,capital_of,Q1037,Rwanda,Q3859,Kigali,country,city,Wikidata,wd:Q1037:P36,https://www.wikidata.org/wiki/Q1037#P36,C_train,geography-Q1037-capital_of-paraphrase-v1,paraphrase,v1,S_train,"In Rwanda, the capital city is Kigali.",code/generate_controlled_surface_dataset.py,surface-v2,20260825
geography-Q1037-capital_of,geography,capital_of,Q1037,Rwanda,Q3859,Kigali,country,city,Wikidata,wd:Q1037:P36,https://www.wikidata.org/wiki/Q1037#P36,C_train,geography-Q1037-capital_of-paraphrase-v2,paraphrase,v2,S_train,Kigali holds the role of capital for Rwanda.,code/generate_controlled_surface_dataset.py,surface-v2,20260825
geography-Q1037-capital_of,geography,capital_of,Q1037,Rwanda,Q3859,Kigali,country,city,Wikidata,wd:Q1037:P36,https://www.wikidata.org/wiki/Q1037#P36,C_train,geography-Q1037-capital_of-paraphrase-v3,paraphrase,v3,S_train,"For Rwanda, the capital is Kigali.",code/generate_controlled_surface_dataset.py,surface-v2,20260825
geography-Q1037-capital_of,geography,capital_of,Q1037,Rwanda,Q3859,Kigali,country,city,Wikidata,wd:Q1037:P36,https://www.wikidata.org/wiki/Q1037#P36,C_train,geography-Q1037-capital_of-formal-v1,formal,v1,S_test,Country: Rwanda. Capital city: Kigali.,code/generate_controlled_surface_dataset.py,surface-v2,20260825
geography-Q1037-capital_of,geography,capital_of,Q1037,Rwanda,Q3859,Kigali,country,city,Wikidata,wd:Q1037:P36,https://www.wikidata.org/wiki/Q1037#P36,C_train,geography-Q1037-capital_of-formal-v2,formal,v2,S_test,Capital city — Kigali; country — Rwanda.,code/generate_controlled_surface_dataset.py,surface-v2,20260825
geography-Q1037-capital_of,geography,capital_of,Q1037,Rwanda,Q3859,Kigali,country,city,Wikidata,wd:Q1037:P36,https://www.wikidata.org/wiki/Q1037#P36,C_train,geography-Q1037-capital_of-structured-v1,structured,v1,S_test,"{""capital_city"": ""Kigali"", ""country"": ""Rwanda""}",code/generate_controlled_surface_dataset.py,surface-v2,20260825
geography-Q148-capital_of,geography,capital_of,Q148,People's Republic of China,Q956,Beijing,country,city,Wikidata,wd:Q148:P36,https://www.wikidata.org/wiki/Q148#P36,C_train,geography-Q148-capital_of-declarative-v1,declarative,v1,S_train,Beijing is the capital city of People's Republic of China.,code/generate_controlled_surface_dataset.py,surface-v2,20260825
geography-Q148-capital_of,geography,capital_of,Q148,People's Republic of China,Q956,Beijing,country,city,Wikidata,wd:Q148:P36,https://www.wikidata.org/wiki/Q148#P36,C_train,geography-Q148-capital_of-declarative-v2,declarative,v2,S_train,People's Republic of China has Beijing as its capital.,code/generate_controlled_surface_dataset.py,surface-v2,20260825
geography-Q148-capital_of,geography,capital_of,Q148,People's Republic of China,Q956,Beijing,country,city,Wikidata,wd:Q148:P36,https://www.wikidata.org/wiki/Q148#P36,C_train,geography-Q148-capital_of-declarative-v3,declarative,v3,S_train,The capital of People's Republic of China is Beijing.,code/generate_controlled_surface_dataset.py,surface-v2,20260825
geography-Q148-capital_of,geography,capital_of,Q148,People's Republic of China,Q956,Beijing,country,city,Wikidata,wd:Q148:P36,https://www.wikidata.org/wiki/Q148#P36,C_train,geography-Q148-capital_of-question-v1,question,v1,S_train,Which city is the capital of People's Republic of China? Beijing.,code/generate_controlled_surface_dataset.py,surface-v2,20260825
geography-Q148-capital_of,geography,capital_of,Q148,People's Republic of China,Q956,Beijing,country,city,Wikidata,wd:Q148:P36,https://www.wikidata.org/wiki/Q148#P36,C_train,geography-Q148-capital_of-question-v2,question,v2,S_train,What is the capital of People's Republic of China? Beijing.,code/generate_controlled_surface_dataset.py,surface-v2,20260825
geography-Q148-capital_of,geography,capital_of,Q148,People's Republic of China,Q956,Beijing,country,city,Wikidata,wd:Q148:P36,https://www.wikidata.org/wiki/Q148#P36,C_train,geography-Q148-capital_of-question-v3,question,v3,S_train,People's Republic of China has which city as its capital? Beijing.,code/generate_controlled_surface_dataset.py,surface-v2,20260825
geography-Q148-capital_of,geography,capital_of,Q148,People's Republic of China,Q956,Beijing,country,city,Wikidata,wd:Q148:P36,https://www.wikidata.org/wiki/Q148#P36,C_train,geography-Q148-capital_of-paraphrase-v1,paraphrase,v1,S_train,"In People's Republic of China, the capital city is Beijing.",code/generate_controlled_surface_dataset.py,surface-v2,20260825
geography-Q148-capital_of,geography,capital_of,Q148,People's Republic of China,Q956,Beijing,country,city,Wikidata,wd:Q148:P36,https://www.wikidata.org/wiki/Q148#P36,C_train,geography-Q148-capital_of-paraphrase-v2,paraphrase,v2,S_train,Beijing holds the role of capital for People's Republic of China.,code/generate_controlled_surface_dataset.py,surface-v2,20260825
geography-Q148-capital_of,geography,capital_of,Q148,People's Republic of China,Q956,Beijing,country,city,Wikidata,wd:Q148:P36,https://www.wikidata.org/wiki/Q148#P36,C_train,geography-Q148-capital_of-paraphrase-v3,paraphrase,v3,S_train,"For People's Republic of China, the capital is Beijing.",code/generate_controlled_surface_dataset.py,surface-v2,20260825
geography-Q148-capital_of,geography,capital_of,Q148,People's Republic of China,Q956,Beijing,country,city,Wikidata,wd:Q148:P36,https://www.wikidata.org/wiki/Q148#P36,C_train,geography-Q148-capital_of-formal-v1,formal,v1,S_test,Country: People's Republic of China. Capital city: Beijing.,code/generate_controlled_surface_dataset.py,surface-v2,20260825
geography-Q148-capital_of,geography,capital_of,Q148,People's Republic of China,Q956,Beijing,country,city,Wikidata,wd:Q148:P36,https://www.wikidata.org/wiki/Q148#P36,C_train,geography-Q148-capital_of-formal-v2,formal,v2,S_test,Capital city — Beijing; country — People's Republic of China.,code/generate_controlled_surface_dataset.py,surface-v2,20260825
geography-Q148-capital_of,geography,capital_of,Q148,People's Republic of China,Q956,Beijing,country,city,Wikidata,wd:Q148:P36,https://www.wikidata.org/wiki/Q148#P36,C_train,geography-Q148-capital_of-structured-v1,structured,v1,S_test,"{""capital_city"": ""Beijing"", ""country"": ""People's Republic of China""}",code/generate_controlled_surface_dataset.py,surface-v2,20260825
geography-Q17-capital_of,geography,capital_of,Q17,Japan,Q1490,Tokyo,country,city,Wikidata,wd:Q17:P36,https://www.wikidata.org/wiki/Q17#P36,C_train,geography-Q17-capital_of-declarative-v1,declarative,v1,S_train,Tokyo is the capital city of Japan.,code/generate_controlled_surface_dataset.py,surface-v2,20260825
geography-Q17-capital_of,geography,capital_of,Q17,Japan,Q1490,Tokyo,country,city,Wikidata,wd:Q17:P36,https://www.wikidata.org/wiki/Q17#P36,C_train,geography-Q17-capital_of-declarative-v2,declarative,v2,S_train,Japan has Tokyo as its capital.,code/generate_controlled_surface_dataset.py,surface-v2,20260825
geography-Q17-capital_of,geography,capital_of,Q17,Japan,Q1490,Tokyo,country,city,Wikidata,wd:Q17:P36,https://www.wikidata.org/wiki/Q17#P36,C_train,geography-Q17-capital_of-declarative-v3,declarative,v3,S_train,The capital of Japan is Tokyo.,code/generate_controlled_surface_dataset.py,surface-v2,20260825
geography-Q17-capital_of,geography,capital_of,Q17,Japan,Q1490,Tokyo,country,city,Wikidata,wd:Q17:P36,https://www.wikidata.org/wiki/Q17#P36,C_train,geography-Q17-capital_of-question-v1,question,v1,S_train,Which city is the capital of Japan? Tokyo.,code/generate_controlled_surface_dataset.py,surface-v2,20260825
geography-Q17-capital_of,geography,capital_of,Q17,Japan,Q1490,Tokyo,country,city,Wikidata,wd:Q17:P36,https://www.wikidata.org/wiki/Q17#P36,C_train,geography-Q17-capital_of-question-v2,question,v2,S_train,What is the capital of Japan? Tokyo.,code/generate_controlled_surface_dataset.py,surface-v2,20260825
geography-Q17-capital_of,geography,capital_of,Q17,Japan,Q1490,Tokyo,country,city,Wikidata,wd:Q17:P36,https://www.wikidata.org/wiki/Q17#P36,C_train,geography-Q17-capital_of-question-v3,question,v3,S_train,Japan has which city as its capital? Tokyo.,code/generate_controlled_surface_dataset.py,surface-v2,20260825
geography-Q17-capital_of,geography,capital_of,Q17,Japan,Q1490,Tokyo,country,city,Wikidata,wd:Q17:P36,https://www.wikidata.org/wiki/Q17#P36,C_train,geography-Q17-capital_of-paraphrase-v1,paraphrase,v1,S_train,"In Japan, the capital city is Tokyo.",code/generate_controlled_surface_dataset.py,surface-v2,20260825
geography-Q17-capital_of,geography,capital_of,Q17,Japan,Q1490,Tokyo,country,city,Wikidata,wd:Q17:P36,https://www.wikidata.org/wiki/Q17#P36,C_train,geography-Q17-capital_of-paraphrase-v2,paraphrase,v2,S_train,Tokyo holds the role of capital for Japan.,code/generate_controlled_surface_dataset.py,surface-v2,20260825
geography-Q17-capital_of,geography,capital_of,Q17,Japan,Q1490,Tokyo,country,city,Wikidata,wd:Q17:P36,https://www.wikidata.org/wiki/Q17#P36,C_train,geography-Q17-capital_of-paraphrase-v3,paraphrase,v3,S_train,"For Japan, the capital is Tokyo.",code/generate_controlled_surface_dataset.py,surface-v2,20260825
geography-Q17-capital_of,geography,capital_of,Q17,Japan,Q1490,Tokyo,country,city,Wikidata,wd:Q17:P36,https://www.wikidata.org/wiki/Q17#P36,C_train,geography-Q17-capital_of-formal-v1,formal,v1,S_test,Country: Japan. Capital city: Tokyo.,code/generate_controlled_surface_dataset.py,surface-v2,20260825
geography-Q17-capital_of,geography,capital_of,Q17,Japan,Q1490,Tokyo,country,city,Wikidata,wd:Q17:P36,https://www.wikidata.org/wiki/Q17#P36,C_train,geography-Q17-capital_of-formal-v2,formal,v2,S_test,Capital city — Tokyo; country — Japan.,code/generate_controlled_surface_dataset.py,surface-v2,20260825
geography-Q17-capital_of,geography,capital_of,Q17,Japan,Q1490,Tokyo,country,city,Wikidata,wd:Q17:P36,https://www.wikidata.org/wiki/Q17#P36,C_train,geography-Q17-capital_of-structured-v1,structured,v1,S_test,"{""capital_city"": ""Tokyo"", ""country"": ""Japan""}",code/generate_controlled_surface_dataset.py,surface-v2,20260825
geography-Q212-currency_of,geography,currency_of,Q212,Ukraine,Q81893,hryvnia,country,currency,Wikidata,wd:Q212:P38,https://www.wikidata.org/wiki/Q212#P38,C_train,geography-Q212-currency_of-declarative-v1,declarative,v1,S_train,Ukraine uses the hryvnia.,code/generate_controlled_surface_dataset.py,surface-v2,20260825
geography-Q212-currency_of,geography,currency_of,Q212,Ukraine,Q81893,hryvnia,country,currency,Wikidata,wd:Q212:P38,https://www.wikidata.org/wiki/Q212#P38,C_train,geography-Q212-currency_of-declarative-v2,declarative,v2,S_train,The hryvnia is used in Ukraine.,code/generate_controlled_surface_dataset.py,surface-v2,20260825
geography-Q212-currency_of,geography,currency_of,Q212,Ukraine,Q81893,hryvnia,country,currency,Wikidata,wd:Q212:P38,https://www.wikidata.org/wiki/Q212#P38,C_train,geography-Q212-currency_of-declarative-v3,declarative,v3,S_train,Ukraine's currency is the hryvnia.,code/generate_controlled_surface_dataset.py,surface-v2,20260825
geography-Q212-currency_of,geography,currency_of,Q212,Ukraine,Q81893,hryvnia,country,currency,Wikidata,wd:Q212:P38,https://www.wikidata.org/wiki/Q212#P38,C_train,geography-Q212-currency_of-question-v1,question,v1,S_train,Which currency does Ukraine use? hryvnia.,code/generate_controlled_surface_dataset.py,surface-v2,20260825
geography-Q212-currency_of,geography,currency_of,Q212,Ukraine,Q81893,hryvnia,country,currency,Wikidata,wd:Q212:P38,https://www.wikidata.org/wiki/Q212#P38,C_train,geography-Q212-currency_of-question-v2,question,v2,S_train,What currency is used in Ukraine? hryvnia.,code/generate_controlled_surface_dataset.py,surface-v2,20260825
geography-Q212-currency_of,geography,currency_of,Q212,Ukraine,Q81893,hryvnia,country,currency,Wikidata,wd:Q212:P38,https://www.wikidata.org/wiki/Q212#P38,C_train,geography-Q212-currency_of-question-v3,question,v3,S_train,Ukraine uses which currency? hryvnia.,code/generate_controlled_surface_dataset.py,surface-v2,20260825
geography-Q212-currency_of,geography,currency_of,Q212,Ukraine,Q81893,hryvnia,country,currency,Wikidata,wd:Q212:P38,https://www.wikidata.org/wiki/Q212#P38,C_train,geography-Q212-currency_of-paraphrase-v1,paraphrase,v1,S_train,"For Ukraine, the currency is the hryvnia.",code/generate_controlled_surface_dataset.py,surface-v2,20260825
geography-Q212-currency_of,geography,currency_of,Q212,Ukraine,Q81893,hryvnia,country,currency,Wikidata,wd:Q212:P38,https://www.wikidata.org/wiki/Q212#P38,C_train,geography-Q212-currency_of-paraphrase-v2,paraphrase,v2,S_train,The currency associated with Ukraine is the hryvnia.,code/generate_controlled_surface_dataset.py,surface-v2,20260825
geography-Q212-currency_of,geography,currency_of,Q212,Ukraine,Q81893,hryvnia,country,currency,Wikidata,wd:Q212:P38,https://www.wikidata.org/wiki/Q212#P38,C_train,geography-Q212-currency_of-paraphrase-v3,paraphrase,v3,S_train,"In Ukraine, payment uses the hryvnia.",code/generate_controlled_surface_dataset.py,surface-v2,20260825
geography-Q212-currency_of,geography,currency_of,Q212,Ukraine,Q81893,hryvnia,country,currency,Wikidata,wd:Q212:P38,https://www.wikidata.org/wiki/Q212#P38,C_train,geography-Q212-currency_of-formal-v1,formal,v1,S_test,Country: Ukraine. Currency: hryvnia.,code/generate_controlled_surface_dataset.py,surface-v2,20260825
geography-Q212-currency_of,geography,currency_of,Q212,Ukraine,Q81893,hryvnia,country,currency,Wikidata,wd:Q212:P38,https://www.wikidata.org/wiki/Q212#P38,C_train,geography-Q212-currency_of-formal-v2,formal,v2,S_test,Currency — hryvnia; country — Ukraine.,code/generate_controlled_surface_dataset.py,surface-v2,20260825
geography-Q212-currency_of,geography,currency_of,Q212,Ukraine,Q81893,hryvnia,country,currency,Wikidata,wd:Q212:P38,https://www.wikidata.org/wiki/Q212#P38,C_train,geography-Q212-currency_of-structured-v1,structured,v1,S_test,"{""country"": ""Ukraine"", ""currency"": ""hryvnia""}",code/generate_controlled_surface_dataset.py,surface-v2,20260825
geography-Q218-capital_of,geography,capital_of,Q218,Romania,Q19660,Bucharest,country,city,Wikidata,wd:Q218:P36,https://www.wikidata.org/wiki/Q218#P36,C_train,geography-Q218-capital_of-declarative-v1,declarative,v1,S_train,Bucharest is the capital city of Romania.,code/generate_controlled_surface_dataset.py,surface-v2,20260825
geography-Q218-capital_of,geography,capital_of,Q218,Romania,Q19660,Bucharest,country,city,Wikidata,wd:Q218:P36,https://www.wikidata.org/wiki/Q218#P36,C_train,geography-Q218-capital_of-declarative-v2,declarative,v2,S_train,Romania has Bucharest as its capital.,code/generate_controlled_surface_dataset.py,surface-v2,20260825
geography-Q218-capital_of,geography,capital_of,Q218,Romania,Q19660,Bucharest,country,city,Wikidata,wd:Q218:P36,https://www.wikidata.org/wiki/Q218#P36,C_train,geography-Q218-capital_of-declarative-v3,declarative,v3,S_train,The capital of Romania is Bucharest.,code/generate_controlled_surface_dataset.py,surface-v2,20260825
geography-Q218-capital_of,geography,capital_of,Q218,Romania,Q19660,Bucharest,country,city,Wikidata,wd:Q218:P36,https://www.wikidata.org/wiki/Q218#P36,C_train,geography-Q218-capital_of-question-v1,question,v1,S_train,Which city is the capital of Romania? Bucharest.,code/generate_controlled_surface_dataset.py,surface-v2,20260825
geography-Q218-capital_of,geography,capital_of,Q218,Romania,Q19660,Bucharest,country,city,Wikidata,wd:Q218:P36,https://www.wikidata.org/wiki/Q218#P36,C_train,geography-Q218-capital_of-question-v2,question,v2,S_train,What is the capital of Romania? Bucharest.,code/generate_controlled_surface_dataset.py,surface-v2,20260825
geography-Q218-capital_of,geography,capital_of,Q218,Romania,Q19660,Bucharest,country,city,Wikidata,wd:Q218:P36,https://www.wikidata.org/wiki/Q218#P36,C_train,geography-Q218-capital_of-question-v3,question,v3,S_train,Romania has which city as its capital? Bucharest.,code/generate_controlled_surface_dataset.py,surface-v2,20260825
geography-Q218-capital_of,geography,capital_of,Q218,Romania,Q19660,Bucharest,country,city,Wikidata,wd:Q218:P36,https://www.wikidata.org/wiki/Q218#P36,C_train,geography-Q218-capital_of-paraphrase-v1,paraphrase,v1,S_train,"In Romania, the capital city is Bucharest.",code/generate_controlled_surface_dataset.py,surface-v2,20260825
geography-Q218-capital_of,geography,capital_of,Q218,Romania,Q19660,Bucharest,country,city,Wikidata,wd:Q218:P36,https://www.wikidata.org/wiki/Q218#P36,C_train,geography-Q218-capital_of-paraphrase-v2,paraphrase,v2,S_train,Bucharest holds the role of capital for Romania.,code/generate_controlled_surface_dataset.py,surface-v2,20260825
geography-Q218-capital_of,geography,capital_of,Q218,Romania,Q19660,Bucharest,country,city,Wikidata,wd:Q218:P36,https://www.wikidata.org/wiki/Q218#P36,C_train,geography-Q218-capital_of-paraphrase-v3,paraphrase,v3,S_train,"For Romania, the capital is Bucharest.",code/generate_controlled_surface_dataset.py,surface-v2,20260825
geography-Q218-capital_of,geography,capital_of,Q218,Romania,Q19660,Bucharest,country,city,Wikidata,wd:Q218:P36,https://www.wikidata.org/wiki/Q218#P36,C_train,geography-Q218-capital_of-formal-v1,formal,v1,S_test,Country: Romania. Capital city: Bucharest.,code/generate_controlled_surface_dataset.py,surface-v2,20260825
geography-Q218-capital_of,geography,capital_of,Q218,Romania,Q19660,Bucharest,country,city,Wikidata,wd:Q218:P36,https://www.wikidata.org/wiki/Q218#P36,C_train,geography-Q218-capital_of-formal-v2,formal,v2,S_test,Capital city — Bucharest; country — Romania.,code/generate_controlled_surface_dataset.py,surface-v2,20260825
geography-Q218-capital_of,geography,capital_of,Q218,Romania,Q19660,Bucharest,country,city,Wikidata,wd:Q218:P36,https://www.wikidata.org/wiki/Q218#P36,C_train,geography-Q218-capital_of-structured-v1,structured,v1,S_test,"{""capital_city"": ""Bucharest"", ""country"": ""Romania""}",code/generate_controlled_surface_dataset.py,surface-v2,20260825
geography-Q222-currency_of,geography,currency_of,Q222,Albania,Q125999,Albanian lek,country,currency,Wikidata,wd:Q222:P38,https://www.wikidata.org/wiki/Q222#P38,C_train,geography-Q222-currency_of-declarative-v1,declarative,v1,S_train,Albania uses the Albanian lek.,code/generate_controlled_surface_dataset.py,surface-v2,20260825
geography-Q222-currency_of,geography,currency_of,Q222,Albania,Q125999,Albanian lek,country,currency,Wikidata,wd:Q222:P38,https://www.wikidata.org/wiki/Q222#P38,C_train,geography-Q222-currency_of-declarative-v2,declarative,v2,S_train,The Albanian lek is used in Albania.,code/generate_controlled_surface_dataset.py,surface-v2,20260825
geography-Q222-currency_of,geography,currency_of,Q222,Albania,Q125999,Albanian lek,country,currency,Wikidata,wd:Q222:P38,https://www.wikidata.org/wiki/Q222#P38,C_train,geography-Q222-currency_of-declarative-v3,declarative,v3,S_train,Albania's currency is the Albanian lek.,code/generate_controlled_surface_dataset.py,surface-v2,20260825
geography-Q222-currency_of,geography,currency_of,Q222,Albania,Q125999,Albanian lek,country,currency,Wikidata,wd:Q222:P38,https://www.wikidata.org/wiki/Q222#P38,C_train,geography-Q222-currency_of-question-v1,question,v1,S_train,Which currency does Albania use? Albanian lek.,code/generate_controlled_surface_dataset.py,surface-v2,20260825
geography-Q222-currency_of,geography,currency_of,Q222,Albania,Q125999,Albanian lek,country,currency,Wikidata,wd:Q222:P38,https://www.wikidata.org/wiki/Q222#P38,C_train,geography-Q222-currency_of-question-v2,question,v2,S_train,What currency is used in Albania? Albanian lek.,code/generate_controlled_surface_dataset.py,surface-v2,20260825
geography-Q222-currency_of,geography,currency_of,Q222,Albania,Q125999,Albanian lek,country,currency,Wikidata,wd:Q222:P38,https://www.wikidata.org/wiki/Q222#P38,C_train,geography-Q222-currency_of-question-v3,question,v3,S_train,Albania uses which currency? Albanian lek.,code/generate_controlled_surface_dataset.py,surface-v2,20260825
geography-Q222-currency_of,geography,currency_of,Q222,Albania,Q125999,Albanian lek,country,currency,Wikidata,wd:Q222:P38,https://www.wikidata.org/wiki/Q222#P38,C_train,geography-Q222-currency_of-paraphrase-v1,paraphrase,v1,S_train,"For Albania, the currency is the Albanian lek.",code/generate_controlled_surface_dataset.py,surface-v2,20260825
geography-Q222-currency_of,geography,currency_of,Q222,Albania,Q125999,Albanian lek,country,currency,Wikidata,wd:Q222:P38,https://www.wikidata.org/wiki/Q222#P38,C_train,geography-Q222-currency_of-paraphrase-v2,paraphrase,v2,S_train,The currency associated with Albania is the Albanian lek.,code/generate_controlled_surface_dataset.py,surface-v2,20260825
geography-Q222-currency_of,geography,currency_of,Q222,Albania,Q125999,Albanian lek,country,currency,Wikidata,wd:Q222:P38,https://www.wikidata.org/wiki/Q222#P38,C_train,geography-Q222-currency_of-paraphrase-v3,paraphrase,v3,S_train,"In Albania, payment uses the Albanian lek.",code/generate_controlled_surface_dataset.py,surface-v2,20260825
geography-Q222-currency_of,geography,currency_of,Q222,Albania,Q125999,Albanian lek,country,currency,Wikidata,wd:Q222:P38,https://www.wikidata.org/wiki/Q222#P38,C_train,geography-Q222-currency_of-formal-v1,formal,v1,S_test,Country: Albania. Currency: Albanian lek.,code/generate_controlled_surface_dataset.py,surface-v2,20260825
geography-Q222-currency_of,geography,currency_of,Q222,Albania,Q125999,Albanian lek,country,currency,Wikidata,wd:Q222:P38,https://www.wikidata.org/wiki/Q222#P38,C_train,geography-Q222-currency_of-formal-v2,formal,v2,S_test,Currency — Albanian lek; country — Albania.,code/generate_controlled_surface_dataset.py,surface-v2,20260825
geography-Q222-currency_of,geography,currency_of,Q222,Albania,Q125999,Albanian lek,country,currency,Wikidata,wd:Q222:P38,https://www.wikidata.org/wiki/Q222#P38,C_train,geography-Q222-currency_of-structured-v1,structured,v1,S_test,"{""country"": ""Albania"", ""currency"": ""Albanian lek""}",code/generate_controlled_surface_dataset.py,surface-v2,20260825
geography-Q298-capital_of,geography,capital_of,Q298,Chile,Q2887,Santiago,country,city,Wikidata,wd:Q298:P36,https://www.wikidata.org/wiki/Q298#P36,C_train,geography-Q298-capital_of-declarative-v1,declarative,v1,S_train,Santiago is the capital city of Chile.,code/generate_controlled_surface_dataset.py,surface-v2,20260825
geography-Q298-capital_of,geography,capital_of,Q298,Chile,Q2887,Santiago,country,city,Wikidata,wd:Q298:P36,https://www.wikidata.org/wiki/Q298#P36,C_train,geography-Q298-capital_of-declarative-v2,declarative,v2,S_train,Chile has Santiago as its capital.,code/generate_controlled_surface_dataset.py,surface-v2,20260825
geography-Q298-capital_of,geography,capital_of,Q298,Chile,Q2887,Santiago,country,city,Wikidata,wd:Q298:P36,https://www.wikidata.org/wiki/Q298#P36,C_train,geography-Q298-capital_of-declarative-v3,declarative,v3,S_train,The capital of Chile is Santiago.,code/generate_controlled_surface_dataset.py,surface-v2,20260825
geography-Q298-capital_of,geography,capital_of,Q298,Chile,Q2887,Santiago,country,city,Wikidata,wd:Q298:P36,https://www.wikidata.org/wiki/Q298#P36,C_train,geography-Q298-capital_of-question-v1,question,v1,S_train,Which city is the capital of Chile? Santiago.,code/generate_controlled_surface_dataset.py,surface-v2,20260825
geography-Q298-capital_of,geography,capital_of,Q298,Chile,Q2887,Santiago,country,city,Wikidata,wd:Q298:P36,https://www.wikidata.org/wiki/Q298#P36,C_train,geography-Q298-capital_of-question-v2,question,v2,S_train,What is the capital of Chile? Santiago.,code/generate_controlled_surface_dataset.py,surface-v2,20260825
geography-Q298-capital_of,geography,capital_of,Q298,Chile,Q2887,Santiago,country,city,Wikidata,wd:Q298:P36,https://www.wikidata.org/wiki/Q298#P36,C_train,geography-Q298-capital_of-question-v3,question,v3,S_train,Chile has which city as its capital? Santiago.,code/generate_controlled_surface_dataset.py,surface-v2,20260825
geography-Q298-capital_of,geography,capital_of,Q298,Chile,Q2887,Santiago,country,city,Wikidata,wd:Q298:P36,https://www.wikidata.org/wiki/Q298#P36,C_train,geography-Q298-capital_of-paraphrase-v1,paraphrase,v1,S_train,"In Chile, the capital city is Santiago.",code/generate_controlled_surface_dataset.py,surface-v2,20260825
geography-Q298-capital_of,geography,capital_of,Q298,Chile,Q2887,Santiago,country,city,Wikidata,wd:Q298:P36,https://www.wikidata.org/wiki/Q298#P36,C_train,geography-Q298-capital_of-paraphrase-v2,paraphrase,v2,S_train,Santiago holds the role of capital for Chile.,code/generate_controlled_surface_dataset.py,surface-v2,20260825
geography-Q298-capital_of,geography,capital_of,Q298,Chile,Q2887,Santiago,country,city,Wikidata,wd:Q298:P36,https://www.wikidata.org/wiki/Q298#P36,C_train,geography-Q298-capital_of-paraphrase-v3,paraphrase,v3,S_train,"For Chile, the capital is Santiago.",code/generate_controlled_surface_dataset.py,surface-v2,20260825
geography-Q298-capital_of,geography,capital_of,Q298,Chile,Q2887,Santiago,country,city,Wikidata,wd:Q298:P36,https://www.wikidata.org/wiki/Q298#P36,C_train,geography-Q298-capital_of-formal-v1,formal,v1,S_test,Country: Chile. Capital city: Santiago.,code/generate_controlled_surface_dataset.py,surface-v2,20260825
geography-Q298-capital_of,geography,capital_of,Q298,Chile,Q2887,Santiago,country,city,Wikidata,wd:Q298:P36,https://www.wikidata.org/wiki/Q298#P36,C_train,geography-Q298-capital_of-formal-v2,formal,v2,S_test,Capital city — Santiago; country — Chile.,code/generate_controlled_surface_dataset.py,surface-v2,20260825
geography-Q298-capital_of,geography,capital_of,Q298,Chile,Q2887,Santiago,country,city,Wikidata,wd:Q298:P36,https://www.wikidata.org/wiki/Q298#P36,C_train,geography-Q298-capital_of-structured-v1,structured,v1,S_test,"{""capital_city"": ""Santiago"", ""country"": ""Chile""}",code/generate_controlled_surface_dataset.py,surface-v2,20260825
geography-Q30-continent_of,geography,continent_of,Q30,United States,Q49,North America,country,continent,Wikidata,wd:Q30:P30,https://www.wikidata.org/wiki/Q30#P30,C_train,geography-Q30-continent_of-declarative-v1,declarative,v1,S_train,United States is in North America.,code/generate_controlled_surface_dataset.py,surface-v2,20260825
geography-Q30-continent_of,geography,continent_of,Q30,United States,Q49,North America,country,continent,Wikidata,wd:Q30:P30,https://www.wikidata.org/wiki/Q30#P30,C_train,geography-Q30-continent_of-declarative-v2,declarative,v2,S_train,United States lies in North America.,code/generate_controlled_surface_dataset.py,surface-v2,20260825
geography-Q30-continent_of,geography,continent_of,Q30,United States,Q49,North America,country,continent,Wikidata,wd:Q30:P30,https://www.wikidata.org/wiki/Q30#P30,C_train,geography-Q30-continent_of-declarative-v3,declarative,v3,S_train,North America includes United States.,code/generate_controlled_surface_dataset.py,surface-v2,20260825
geography-Q30-continent_of,geography,continent_of,Q30,United States,Q49,North America,country,continent,Wikidata,wd:Q30:P30,https://www.wikidata.org/wiki/Q30#P30,C_train,geography-Q30-continent_of-question-v1,question,v1,S_train,Which continent is United States in? North America.,code/generate_controlled_surface_dataset.py,surface-v2,20260825
geography-Q30-continent_of,geography,continent_of,Q30,United States,Q49,North America,country,continent,Wikidata,wd:Q30:P30,https://www.wikidata.org/wiki/Q30#P30,C_train,geography-Q30-continent_of-question-v2,question,v2,S_train,United States belongs to which continent? North America.,code/generate_controlled_surface_dataset.py,surface-v2,20260825
geography-Q30-continent_of,geography,continent_of,Q30,United States,Q49,North America,country,continent,Wikidata,wd:Q30:P30,https://www.wikidata.org/wiki/Q30#P30,C_train,geography-Q30-continent_of-question-v3,question,v3,S_train,What continent contains United States? North America.,code/generate_controlled_surface_dataset.py,surface-v2,20260825
geography-Q30-continent_of,geography,continent_of,Q30,United States,Q49,North America,country,continent,Wikidata,wd:Q30:P30,https://www.wikidata.org/wiki/Q30#P30,C_train,geography-Q30-continent_of-paraphrase-v1,paraphrase,v1,S_train,The continent containing United States is North America.,code/generate_controlled_surface_dataset.py,surface-v2,20260825
geography-Q30-continent_of,geography,continent_of,Q30,United States,Q49,North America,country,continent,Wikidata,wd:Q30:P30,https://www.wikidata.org/wiki/Q30#P30,C_train,geography-Q30-continent_of-paraphrase-v2,paraphrase,v2,S_train,United States is part of North America.,code/generate_controlled_surface_dataset.py,surface-v2,20260825
geography-Q30-continent_of,geography,continent_of,Q30,United States,Q49,North America,country,continent,Wikidata,wd:Q30:P30,https://www.wikidata.org/wiki/Q30#P30,C_train,geography-Q30-continent_of-paraphrase-v3,paraphrase,v3,S_train,"For United States, the relevant continent is North America.",code/generate_controlled_surface_dataset.py,surface-v2,20260825
geography-Q30-continent_of,geography,continent_of,Q30,United States,Q49,North America,country,continent,Wikidata,wd:Q30:P30,https://www.wikidata.org/wiki/Q30#P30,C_train,geography-Q30-continent_of-formal-v1,formal,v1,S_test,Country: United States. Continent: North America.,code/generate_controlled_surface_dataset.py,surface-v2,20260825
geography-Q30-continent_of,geography,continent_of,Q30,United States,Q49,North America,country,continent,Wikidata,wd:Q30:P30,https://www.wikidata.org/wiki/Q30#P30,C_train,geography-Q30-continent_of-formal-v2,formal,v2,S_test,Continent — North America; country — United States.,code/generate_controlled_surface_dataset.py,surface-v2,20260825
geography-Q30-continent_of,geography,continent_of,Q30,United States,Q49,North America,country,continent,Wikidata,wd:Q30:P30,https://www.wikidata.org/wiki/Q30#P30,C_train,geography-Q30-continent_of-structured-v1,structured,v1,S_test,"{""continent"": ""North America"", ""country"": ""United States""}",code/generate_controlled_surface_dataset.py,surface-v2,20260825
geography-Q347-continent_of,geography,continent_of,Q347,Liechtenstein,Q46,Europe,country,continent,Wikidata,wd:Q347:P30,https://www.wikidata.org/wiki/Q347#P30,C_train,geography-Q347-continent_of-declarative-v1,declarative,v1,S_train,Liechtenstein is in Europe.,code/generate_controlled_surface_dataset.py,surface-v2,20260825
geography-Q347-continent_of,geography,continent_of,Q347,Liechtenstein,Q46,Europe,country,continent,Wikidata,wd:Q347:P30,https://www.wikidata.org/wiki/Q347#P30,C_train,geography-Q347-continent_of-declarative-v2,declarative,v2,S_train,Liechtenstein lies in Europe.,code/generate_controlled_surface_dataset.py,surface-v2,20260825
geography-Q347-continent_of,geography,continent_of,Q347,Liechtenstein,Q46,Europe,country,continent,Wikidata,wd:Q347:P30,https://www.wikidata.org/wiki/Q347#P30,C_train,geography-Q347-continent_of-declarative-v3,declarative,v3,S_train,Europe includes Liechtenstein.,code/generate_controlled_surface_dataset.py,surface-v2,20260825
geography-Q347-continent_of,geography,continent_of,Q347,Liechtenstein,Q46,Europe,country,continent,Wikidata,wd:Q347:P30,https://www.wikidata.org/wiki/Q347#P30,C_train,geography-Q347-continent_of-question-v1,question,v1,S_train,Which continent is Liechtenstein in? Europe.,code/generate_controlled_surface_dataset.py,surface-v2,20260825
geography-Q347-continent_of,geography,continent_of,Q347,Liechtenstein,Q46,Europe,country,continent,Wikidata,wd:Q347:P30,https://www.wikidata.org/wiki/Q347#P30,C_train,geography-Q347-continent_of-question-v2,question,v2,S_train,Liechtenstein belongs to which continent? Europe.,code/generate_controlled_surface_dataset.py,surface-v2,20260825
geography-Q347-continent_of,geography,continent_of,Q347,Liechtenstein,Q46,Europe,country,continent,Wikidata,wd:Q347:P30,https://www.wikidata.org/wiki/Q347#P30,C_train,geography-Q347-continent_of-question-v3,question,v3,S_train,What continent contains Liechtenstein? Europe.,code/generate_controlled_surface_dataset.py,surface-v2,20260825
geography-Q347-continent_of,geography,continent_of,Q347,Liechtenstein,Q46,Europe,country,continent,Wikidata,wd:Q347:P30,https://www.wikidata.org/wiki/Q347#P30,C_train,geography-Q347-continent_of-paraphrase-v1,paraphrase,v1,S_train,The continent containing Liechtenstein is Europe.,code/generate_controlled_surface_dataset.py,surface-v2,20260825
geography-Q347-continent_of,geography,continent_of,Q347,Liechtenstein,Q46,Europe,country,continent,Wikidata,wd:Q347:P30,https://www.wikidata.org/wiki/Q347#P30,C_train,geography-Q347-continent_of-paraphrase-v2,paraphrase,v2,S_train,Liechtenstein is part of Europe.,code/generate_controlled_surface_dataset.py,surface-v2,20260825
geography-Q347-continent_of,geography,continent_of,Q347,Liechtenstein,Q46,Europe,country,continent,Wikidata,wd:Q347:P30,https://www.wikidata.org/wiki/Q347#P30,C_train,geography-Q347-continent_of-paraphrase-v3,paraphrase,v3,S_train,"For Liechtenstein, the relevant continent is Europe.",code/generate_controlled_surface_dataset.py,surface-v2,20260825
geography-Q347-continent_of,geography,continent_of,Q347,Liechtenstein,Q46,Europe,country,continent,Wikidata,wd:Q347:P30,https://www.wikidata.org/wiki/Q347#P30,C_train,geography-Q347-continent_of-formal-v1,formal,v1,S_test,Country: Liechtenstein. Continent: Europe.,code/generate_controlled_surface_dataset.py,surface-v2,20260825
geography-Q347-continent_of,geography,continent_of,Q347,Liechtenstein,Q46,Europe,country,continent,Wikidata,wd:Q347:P30,https://www.wikidata.org/wiki/Q347#P30,C_train,geography-Q347-continent_of-formal-v2,formal,v2,S_test,Continent — Europe; country — Liechtenstein.,code/generate_controlled_surface_dataset.py,surface-v2,20260825
geography-Q347-continent_of,geography,continent_of,Q347,Liechtenstein,Q46,Europe,country,continent,Wikidata,wd:Q347:P30,https://www.wikidata.org/wiki/Q347#P30,C_train,geography-Q347-continent_of-structured-v1,structured,v1,S_test,"{""continent"": ""Europe"", ""country"": ""Liechtenstein""}",code/generate_controlled_surface_dataset.py,surface-v2,20260825
geography-Q668-continent_of,geography,continent_of,Q668,India,Q48,Asia,country,continent,Wikidata,wd:Q668:P30,https://www.wikidata.org/wiki/Q668#P30,C_train,geography-Q668-continent_of-declarative-v1,declarative,v1,S_train,India is in Asia.,code/generate_controlled_surface_dataset.py,surface-v2,20260825
geography-Q668-continent_of,geography,continent_of,Q668,India,Q48,Asia,country,continent,Wikidata,wd:Q668:P30,https://www.wikidata.org/wiki/Q668#P30,C_train,geography-Q668-continent_of-declarative-v2,declarative,v2,S_train,India lies in Asia.,code/generate_controlled_surface_dataset.py,surface-v2,20260825
geography-Q668-continent_of,geography,continent_of,Q668,India,Q48,Asia,country,continent,Wikidata,wd:Q668:P30,https://www.wikidata.org/wiki/Q668#P30,C_train,geography-Q668-continent_of-declarative-v3,declarative,v3,S_train,Asia includes India.,code/generate_controlled_surface_dataset.py,surface-v2,20260825
geography-Q668-continent_of,geography,continent_of,Q668,India,Q48,Asia,country,continent,Wikidata,wd:Q668:P30,https://www.wikidata.org/wiki/Q668#P30,C_train,geography-Q668-continent_of-question-v1,question,v1,S_train,Which continent is India in? Asia.,code/generate_controlled_surface_dataset.py,surface-v2,20260825
geography-Q668-continent_of,geography,continent_of,Q668,India,Q48,Asia,country,continent,Wikidata,wd:Q668:P30,https://www.wikidata.org/wiki/Q668#P30,C_train,geography-Q668-continent_of-question-v2,question,v2,S_train,India belongs to which continent? Asia.,code/generate_controlled_surface_dataset.py,surface-v2,20260825
geography-Q668-continent_of,geography,continent_of,Q668,India,Q48,Asia,country,continent,Wikidata,wd:Q668:P30,https://www.wikidata.org/wiki/Q668#P30,C_train,geography-Q668-continent_of-question-v3,question,v3,S_train,What continent contains India? Asia.,code/generate_controlled_surface_dataset.py,surface-v2,20260825
geography-Q668-continent_of,geography,continent_of,Q668,India,Q48,Asia,country,continent,Wikidata,wd:Q668:P30,https://www.wikidata.org/wiki/Q668#P30,C_train,geography-Q668-continent_of-paraphrase-v1,paraphrase,v1,S_train,The continent containing India is Asia.,code/generate_controlled_surface_dataset.py,surface-v2,20260825
geography-Q668-continent_of,geography,continent_of,Q668,India,Q48,Asia,country,continent,Wikidata,wd:Q668:P30,https://www.wikidata.org/wiki/Q668#P30,C_train,geography-Q668-continent_of-paraphrase-v2,paraphrase,v2,S_train,India is part of Asia.,code/generate_controlled_surface_dataset.py,surface-v2,20260825
geography-Q668-continent_of,geography,continent_of,Q668,India,Q48,Asia,country,continent,Wikidata,wd:Q668:P30,https://www.wikidata.org/wiki/Q668#P30,C_train,geography-Q668-continent_of-paraphrase-v3,paraphrase,v3,S_train,"For India, the relevant continent is Asia.",code/generate_controlled_surface_dataset.py,surface-v2,20260825
geography-Q668-continent_of,geography,continent_of,Q668,India,Q48,Asia,country,continent,Wikidata,wd:Q668:P30,https://www.wikidata.org/wiki/Q668#P30,C_train,geography-Q668-continent_of-formal-v1,formal,v1,S_test,Country: India. Continent: Asia.,code/generate_controlled_surface_dataset.py,surface-v2,20260825
geography-Q668-continent_of,geography,continent_of,Q668,India,Q48,Asia,country,continent,Wikidata,wd:Q668:P30,https://www.wikidata.org/wiki/Q668#P30,C_train,geography-Q668-continent_of-formal-v2,formal,v2,S_test,Continent — Asia; country — India.,code/generate_controlled_surface_dataset.py,surface-v2,20260825
geography-Q668-continent_of,geography,continent_of,Q668,India,Q48,Asia,country,continent,Wikidata,wd:Q668:P30,https://www.wikidata.org/wiki/Q668#P30,C_train,geography-Q668-continent_of-structured-v1,structured,v1,S_test,"{""continent"": ""Asia"", ""country"": ""India""}",code/generate_controlled_surface_dataset.py,surface-v2,20260825
geography-Q678-continent_of,geography,continent_of,Q678,Tonga,Q55643,Oceania,country,continent,Wikidata,wd:Q678:P30,https://www.wikidata.org/wiki/Q678#P30,C_train,geography-Q678-continent_of-declarative-v1,declarative,v1,S_train,Tonga is in Oceania.,code/generate_controlled_surface_dataset.py,surface-v2,20260825
geography-Q678-continent_of,geography,continent_of,Q678,Tonga,Q55643,Oceania,country,continent,Wikidata,wd:Q678:P30,https://www.wikidata.org/wiki/Q678#P30,C_train,geography-Q678-continent_of-declarative-v2,declarative,v2,S_train,Tonga lies in Oceania.,code/generate_controlled_surface_dataset.py,surface-v2,20260825
geography-Q678-continent_of,geography,continent_of,Q678,Tonga,Q55643,Oceania,country,continent,Wikidata,wd:Q678:P30,https://www.wikidata.org/wiki/Q678#P30,C_train,geography-Q678-continent_of-declarative-v3,declarative,v3,S_train,Oceania includes Tonga.,code/generate_controlled_surface_dataset.py,surface-v2,20260825
geography-Q678-continent_of,geography,continent_of,Q678,Tonga,Q55643,Oceania,country,continent,Wikidata,wd:Q678:P30,https://www.wikidata.org/wiki/Q678#P30,C_train,geography-Q678-continent_of-question-v1,question,v1,S_train,Which continent is Tonga in? Oceania.,code/generate_controlled_surface_dataset.py,surface-v2,20260825
geography-Q678-continent_of,geography,continent_of,Q678,Tonga,Q55643,Oceania,country,continent,Wikidata,wd:Q678:P30,https://www.wikidata.org/wiki/Q678#P30,C_train,geography-Q678-continent_of-question-v2,question,v2,S_train,Tonga belongs to which continent? Oceania.,code/generate_controlled_surface_dataset.py,surface-v2,20260825
geography-Q678-continent_of,geography,continent_of,Q678,Tonga,Q55643,Oceania,country,continent,Wikidata,wd:Q678:P30,https://www.wikidata.org/wiki/Q678#P30,C_train,geography-Q678-continent_of-question-v3,question,v3,S_train,What continent contains Tonga? Oceania.,code/generate_controlled_surface_dataset.py,surface-v2,20260825
geography-Q678-continent_of,geography,continent_of,Q678,Tonga,Q55643,Oceania,country,continent,Wikidata,wd:Q678:P30,https://www.wikidata.org/wiki/Q678#P30,C_train,geography-Q678-continent_of-paraphrase-v1,paraphrase,v1,S_train,The continent containing Tonga is Oceania.,code/generate_controlled_surface_dataset.py,surface-v2,20260825
geography-Q678-continent_of,geography,continent_of,Q678,Tonga,Q55643,Oceania,country,continent,Wikidata,wd:Q678:P30,https://www.wikidata.org/wiki/Q678#P30,C_train,geography-Q678-continent_of-paraphrase-v2,paraphrase,v2,S_train,Tonga is part of Oceania.,code/generate_controlled_surface_dataset.py,surface-v2,20260825
geography-Q678-continent_of,geography,continent_of,Q678,Tonga,Q55643,Oceania,country,continent,Wikidata,wd:Q678:P30,https://www.wikidata.org/wiki/Q678#P30,C_train,geography-Q678-continent_of-paraphrase-v3,paraphrase,v3,S_train,"For Tonga, the relevant continent is Oceania.",code/generate_controlled_surface_dataset.py,surface-v2,20260825
geography-Q678-continent_of,geography,continent_of,Q678,Tonga,Q55643,Oceania,country,continent,Wikidata,wd:Q678:P30,https://www.wikidata.org/wiki/Q678#P30,C_train,geography-Q678-continent_of-formal-v1,formal,v1,S_test,Country: Tonga. Continent: Oceania.,code/generate_controlled_surface_dataset.py,surface-v2,20260825
geography-Q678-continent_of,geography,continent_of,Q678,Tonga,Q55643,Oceania,country,continent,Wikidata,wd:Q678:P30,https://www.wikidata.org/wiki/Q678#P30,C_train,geography-Q678-continent_of-formal-v2,formal,v2,S_test,Continent — Oceania; country — Tonga.,code/generate_controlled_surface_dataset.py,surface-v2,20260825
geography-Q678-continent_of,geography,continent_of,Q678,Tonga,Q55643,Oceania,country,continent,Wikidata,wd:Q678:P30,https://www.wikidata.org/wiki/Q678#P30,C_train,geography-Q678-continent_of-structured-v1,structured,v1,S_test,"{""continent"": ""Oceania"", ""country"": ""Tonga""}",code/generate_controlled_surface_dataset.py,surface-v2,20260825
geography-Q730-capital_of,geography,capital_of,Q730,Suriname,Q3001,Paramaribo,country,city,Wikidata,wd:Q730:P36,https://www.wikidata.org/wiki/Q730#P36,C_train,geography-Q730-capital_of-declarative-v1,declarative,v1,S_train,Paramaribo is the capital city of Suriname.,code/generate_controlled_surface_dataset.py,surface-v2,20260825
geography-Q730-capital_of,geography,capital_of,Q730,Suriname,Q3001,Paramaribo,country,city,Wikidata,wd:Q730:P36,https://www.wikidata.org/wiki/Q730#P36,C_train,geography-Q730-capital_of-declarative-v2,declarative,v2,S_train,Suriname has Paramaribo as its capital.,code/generate_controlled_surface_dataset.py,surface-v2,20260825
geography-Q730-capital_of,geography,capital_of,Q730,Suriname,Q3001,Paramaribo,country,city,Wikidata,wd:Q730:P36,https://www.wikidata.org/wiki/Q730#P36,C_train,geography-Q730-capital_of-declarative-v3,declarative,v3,S_train,The capital of Suriname is Paramaribo.,code/generate_controlled_surface_dataset.py,surface-v2,20260825
geography-Q730-capital_of,geography,capital_of,Q730,Suriname,Q3001,Paramaribo,country,city,Wikidata,wd:Q730:P36,https://www.wikidata.org/wiki/Q730#P36,C_train,geography-Q730-capital_of-question-v1,question,v1,S_train,Which city is the capital of Suriname? Paramaribo.,code/generate_controlled_surface_dataset.py,surface-v2,20260825
geography-Q730-capital_of,geography,capital_of,Q730,Suriname,Q3001,Paramaribo,country,city,Wikidata,wd:Q730:P36,https://www.wikidata.org/wiki/Q730#P36,C_train,geography-Q730-capital_of-question-v2,question,v2,S_train,What is the capital of Suriname? Paramaribo.,code/generate_controlled_surface_dataset.py,surface-v2,20260825
geography-Q730-capital_of,geography,capital_of,Q730,Suriname,Q3001,Paramaribo,country,city,Wikidata,wd:Q730:P36,https://www.wikidata.org/wiki/Q730#P36,C_train,geography-Q730-capital_of-question-v3,question,v3,S_train,Suriname has which city as its capital? Paramaribo.,code/generate_controlled_surface_dataset.py,surface-v2,20260825
geography-Q730-capital_of,geography,capital_of,Q730,Suriname,Q3001,Paramaribo,country,city,Wikidata,wd:Q730:P36,https://www.wikidata.org/wiki/Q730#P36,C_train,geography-Q730-capital_of-paraphrase-v1,paraphrase,v1,S_train,"In Suriname, the capital city is Paramaribo.",code/generate_controlled_surface_dataset.py,surface-v2,20260825
geography-Q730-capital_of,geography,capital_of,Q730,Suriname,Q3001,Paramaribo,country,city,Wikidata,wd:Q730:P36,https://www.wikidata.org/wiki/Q730#P36,C_train,geography-Q730-capital_of-paraphrase-v2,paraphrase,v2,S_train,Paramaribo holds the role of capital for Suriname.,code/generate_controlled_surface_dataset.py,surface-v2,20260825
geography-Q730-capital_of,geography,capital_of,Q730,Suriname,Q3001,Paramaribo,country,city,Wikidata,wd:Q730:P36,https://www.wikidata.org/wiki/Q730#P36,C_train,geography-Q730-capital_of-paraphrase-v3,paraphrase,v3,S_train,"For Suriname, the capital is Paramaribo.",code/generate_controlled_surface_dataset.py,surface-v2,20260825
geography-Q730-capital_of,geography,capital_of,Q730,Suriname,Q3001,Paramaribo,country,city,Wikidata,wd:Q730:P36,https://www.wikidata.org/wiki/Q730#P36,C_train,geography-Q730-capital_of-formal-v1,formal,v1,S_test,Country: Suriname. Capital city: Paramaribo.,code/generate_controlled_surface_dataset.py,surface-v2,20260825
geography-Q730-capital_of,geography,capital_of,Q730,Suriname,Q3001,Paramaribo,country,city,Wikidata,wd:Q730:P36,https://www.wikidata.org/wiki/Q730#P36,C_train,geography-Q730-capital_of-formal-v2,formal,v2,S_test,Capital city — Paramaribo; country — Suriname.,code/generate_controlled_surface_dataset.py,surface-v2,20260825
geography-Q730-capital_of,geography,capital_of,Q730,Suriname,Q3001,Paramaribo,country,city,Wikidata,wd:Q730:P36,https://www.wikidata.org/wiki/Q730#P36,C_train,geography-Q730-capital_of-structured-v1,structured,v1,S_test,"{""capital_city"": ""Paramaribo"", ""country"": ""Suriname""}",code/generate_controlled_surface_dataset.py,surface-v2,20260825
geography-Q754-continent_of,geography,continent_of,Q754,Trinidad and Tobago,Q49,North America,country,continent,Wikidata,wd:Q754:P30,https://www.wikidata.org/wiki/Q754#P30,C_train,geography-Q754-continent_of-declarative-v1,declarative,v1,S_train,Trinidad and Tobago is in North America.,code/generate_controlled_surface_dataset.py,surface-v2,20260825
geography-Q754-continent_of,geography,continent_of,Q754,Trinidad and Tobago,Q49,North America,country,continent,Wikidata,wd:Q754:P30,https://www.wikidata.org/wiki/Q754#P30,C_train,geography-Q754-continent_of-declarative-v2,declarative,v2,S_train,Trinidad and Tobago lies in North America.,code/generate_controlled_surface_dataset.py,surface-v2,20260825
geography-Q754-continent_of,geography,continent_of,Q754,Trinidad and Tobago,Q49,North America,country,continent,Wikidata,wd:Q754:P30,https://www.wikidata.org/wiki/Q754#P30,C_train,geography-Q754-continent_of-declarative-v3,declarative,v3,S_train,North America includes Trinidad and Tobago.,code/generate_controlled_surface_dataset.py,surface-v2,20260825
geography-Q754-continent_of,geography,continent_of,Q754,Trinidad and Tobago,Q49,North America,country,continent,Wikidata,wd:Q754:P30,https://www.wikidata.org/wiki/Q754#P30,C_train,geography-Q754-continent_of-question-v1,question,v1,S_train,Which continent is Trinidad and Tobago in? North America.,code/generate_controlled_surface_dataset.py,surface-v2,20260825
geography-Q754-continent_of,geography,continent_of,Q754,Trinidad and Tobago,Q49,North America,country,continent,Wikidata,wd:Q754:P30,https://www.wikidata.org/wiki/Q754#P30,C_train,geography-Q754-continent_of-question-v2,question,v2,S_train,Trinidad and Tobago belongs to which continent? North America.,code/generate_controlled_surface_dataset.py,surface-v2,20260825
geography-Q754-continent_of,geography,continent_of,Q754,Trinidad and Tobago,Q49,North America,country,continent,Wikidata,wd:Q754:P30,https://www.wikidata.org/wiki/Q754#P30,C_train,geography-Q754-continent_of-question-v3,question,v3,S_train,What continent contains Trinidad and Tobago? North America.,code/generate_controlled_surface_dataset.py,surface-v2,20260825
geography-Q754-continent_of,geography,continent_of,Q754,Trinidad and Tobago,Q49,North America,country,continent,Wikidata,wd:Q754:P30,https://www.wikidata.org/wiki/Q754#P30,C_train,geography-Q754-continent_of-paraphrase-v1,paraphrase,v1,S_train,The continent containing Trinidad and Tobago is North America.,code/generate_controlled_surface_dataset.py,surface-v2,20260825
geography-Q754-continent_of,geography,continent_of,Q754,Trinidad and Tobago,Q49,North America,country,continent,Wikidata,wd:Q754:P30,https://www.wikidata.org/wiki/Q754#P30,C_train,geography-Q754-continent_of-paraphrase-v2,paraphrase,v2,S_train,Trinidad and Tobago is part of North America.,code/generate_controlled_surface_dataset.py,surface-v2,20260825
geography-Q754-continent_of,geography,continent_of,Q754,Trinidad and Tobago,Q49,North America,country,continent,Wikidata,wd:Q754:P30,https://www.wikidata.org/wiki/Q754#P30,C_train,geography-Q754-continent_of-paraphrase-v3,paraphrase,v3,S_train,"For Trinidad and Tobago, the relevant continent is North America.",code/generate_controlled_surface_dataset.py,surface-v2,20260825
geography-Q754-continent_of,geography,continent_of,Q754,Trinidad and Tobago,Q49,North America,country,continent,Wikidata,wd:Q754:P30,https://www.wikidata.org/wiki/Q754#P30,C_train,geography-Q754-continent_of-formal-v1,formal,v1,S_test,Country: Trinidad and Tobago. Continent: North America.,code/generate_controlled_surface_dataset.py,surface-v2,20260825
geography-Q754-continent_of,geography,continent_of,Q754,Trinidad and Tobago,Q49,North America,country,continent,Wikidata,wd:Q754:P30,https://www.wikidata.org/wiki/Q754#P30,C_train,geography-Q754-continent_of-formal-v2,formal,v2,S_test,Continent — North America; country — Trinidad and Tobago.,code/generate_controlled_surface_dataset.py,surface-v2,20260825
geography-Q754-continent_of,geography,continent_of,Q754,Trinidad and Tobago,Q49,North America,country,continent,Wikidata,wd:Q754:P30,https://www.wikidata.org/wiki/Q754#P30,C_train,geography-Q754-continent_of-structured-v1,structured,v1,S_test,"{""continent"": ""North America"", ""country"": ""Trinidad and Tobago""}",code/generate_controlled_surface_dataset.py,surface-v2,20260825
geography-Q763-currency_of,geography,currency_of,Q763,Saint Kitts and Nevis,Q26365,Eastern Caribbean dollar,country,currency,Wikidata,wd:Q763:P38,https://www.wikidata.org/wiki/Q763#P38,C_train,geography-Q763-currency_of-declarative-v1,declarative,v1,S_train,Saint Kitts and Nevis uses the Eastern Caribbean dollar.,code/generate_controlled_surface_dataset.py,surface-v2,20260825
geography-Q763-currency_of,geography,currency_of,Q763,Saint Kitts and Nevis,Q26365,Eastern Caribbean dollar,country,currency,Wikidata,wd:Q763:P38,https://www.wikidata.org/wiki/Q763#P38,C_train,geography-Q763-currency_of-declarative-v2,declarative,v2,S_train,The Eastern Caribbean dollar is used in Saint Kitts and Nevis.,code/generate_controlled_surface_dataset.py,surface-v2,20260825
geography-Q763-currency_of,geography,currency_of,Q763,Saint Kitts and Nevis,Q26365,Eastern Caribbean dollar,country,currency,Wikidata,wd:Q763:P38,https://www.wikidata.org/wiki/Q763#P38,C_train,geography-Q763-currency_of-declarative-v3,declarative,v3,S_train,Saint Kitts and Nevis's currency is the Eastern Caribbean dollar.,code/generate_controlled_surface_dataset.py,surface-v2,20260825
geography-Q763-currency_of,geography,currency_of,Q763,Saint Kitts and Nevis,Q26365,Eastern Caribbean dollar,country,currency,Wikidata,wd:Q763:P38,https://www.wikidata.org/wiki/Q763#P38,C_train,geography-Q763-currency_of-question-v1,question,v1,S_train,Which currency does Saint Kitts and Nevis use? Eastern Caribbean dollar.,code/generate_controlled_surface_dataset.py,surface-v2,20260825
geography-Q763-currency_of,geography,currency_of,Q763,Saint Kitts and Nevis,Q26365,Eastern Caribbean dollar,country,currency,Wikidata,wd:Q763:P38,https://www.wikidata.org/wiki/Q763#P38,C_train,geography-Q763-currency_of-question-v2,question,v2,S_train,What currency is used in Saint Kitts and Nevis? Eastern Caribbean dollar.,code/generate_controlled_surface_dataset.py,surface-v2,20260825
geography-Q763-currency_of,geography,currency_of,Q763,Saint Kitts and Nevis,Q26365,Eastern Caribbean dollar,country,currency,Wikidata,wd:Q763:P38,https://www.wikidata.org/wiki/Q763#P38,C_train,geography-Q763-currency_of-question-v3,question,v3,S_train,Saint Kitts and Nevis uses which currency? Eastern Caribbean dollar.,code/generate_controlled_surface_dataset.py,surface-v2,20260825
geography-Q763-currency_of,geography,currency_of,Q763,Saint Kitts and Nevis,Q26365,Eastern Caribbean dollar,country,currency,Wikidata,wd:Q763:P38,https://www.wikidata.org/wiki/Q763#P38,C_train,geography-Q763-currency_of-paraphrase-v1,paraphrase,v1,S_train,"For Saint Kitts and Nevis, the currency is the Eastern Caribbean dollar.",code/generate_controlled_surface_dataset.py,surface-v2,20260825
geography-Q763-currency_of,geography,currency_of,Q763,Saint Kitts and Nevis,Q26365,Eastern Caribbean dollar,country,currency,Wikidata,wd:Q763:P38,https://www.wikidata.org/wiki/Q763#P38,C_train,geography-Q763-currency_of-paraphrase-v2,paraphrase,v2,S_train,The currency associated with Saint Kitts and Nevis is the Eastern Caribbean dollar.,code/generate_controlled_surface_dataset.py,surface-v2,20260825
geography-Q763-currency_of,geography,currency_of,Q763,Saint Kitts and Nevis,Q26365,Eastern Caribbean dollar,country,currency,Wikidata,wd:Q763:P38,https://www.wikidata.org/wiki/Q763#P38,C_train,geography-Q763-currency_of-paraphrase-v3,paraphrase,v3,S_train,"In Saint Kitts and Nevis, payment uses the Eastern Caribbean dollar.",code/generate_controlled_surface_dataset.py,surface-v2,20260825
geography-Q763-currency_of,geography,currency_of,Q763,Saint Kitts and Nevis,Q26365,Eastern Caribbean dollar,country,currency,Wikidata,wd:Q763:P38,https://www.wikidata.org/wiki/Q763#P38,C_train,geography-Q763-currency_of-formal-v1,formal,v1,S_test,Country: Saint Kitts and Nevis. Currency: Eastern Caribbean dollar.,code/generate_controlled_surface_dataset.py,surface-v2,20260825
geography-Q763-currency_of,geography,currency_of,Q763,Saint Kitts and Nevis,Q26365,Eastern Caribbean dollar,country,currency,Wikidata,wd:Q763:P38,https://www.wikidata.org/wiki/Q763#P38,C_train,geography-Q763-currency_of-formal-v2,formal,v2,S_test,Currency — Eastern Caribbean dollar; country — Saint Kitts and Nevis.,code/generate_controlled_surface_dataset.py,surface-v2,20260825
geography-Q763-currency_of,geography,currency_of,Q763,Saint Kitts and Nevis,Q26365,Eastern Caribbean dollar,country,currency,Wikidata,wd:Q763:P38,https://www.wikidata.org/wiki/Q763#P38,C_train,geography-Q763-currency_of-structured-v1,structured,v1,S_test,"{""country"": ""Saint Kitts and Nevis"", ""currency"": ""Eastern Caribbean dollar""}",code/generate_controlled_surface_dataset.py,surface-v2,20260825
geography-Q783-continent_of,geography,continent_of,Q783,Honduras,Q49,North America,country,continent,Wikidata,wd:Q783:P30,https://www.wikidata.org/wiki/Q783#P30,C_train,geography-Q783-continent_of-declarative-v1,declarative,v1,S_train,Honduras is in North America.,code/generate_controlled_surface_dataset.py,surface-v2,20260825
geography-Q783-continent_of,geography,continent_of,Q783,Honduras,Q49,North America,country,continent,Wikidata,wd:Q783:P30,https://www.wikidata.org/wiki/Q783#P30,C_train,geography-Q783-continent_of-declarative-v2,declarative,v2,S_train,Honduras lies in North America.,code/generate_controlled_surface_dataset.py,surface-v2,20260825
geography-Q783-continent_of,geography,continent_of,Q783,Honduras,Q49,North America,country,continent,Wikidata,wd:Q783:P30,https://www.wikidata.org/wiki/Q783#P30,C_train,geography-Q783-continent_of-declarative-v3,declarative,v3,S_train,North America includes Honduras.,code/generate_controlled_surface_dataset.py,surface-v2,20260825
geography-Q783-continent_of,geography,continent_of,Q783,Honduras,Q49,North America,country,continent,Wikidata,wd:Q783:P30,https://www.wikidata.org/wiki/Q783#P30,C_train,geography-Q783-continent_of-question-v1,question,v1,S_train,Which continent is Honduras in? North America.,code/generate_controlled_surface_dataset.py,surface-v2,20260825
geography-Q783-continent_of,geography,continent_of,Q783,Honduras,Q49,North America,country,continent,Wikidata,wd:Q783:P30,https://www.wikidata.org/wiki/Q783#P30,C_train,geography-Q783-continent_of-question-v2,question,v2,S_train,Honduras belongs to which continent? North America.,code/generate_controlled_surface_dataset.py,surface-v2,20260825
geography-Q783-continent_of,geography,continent_of,Q783,Honduras,Q49,North America,country,continent,Wikidata,wd:Q783:P30,https://www.wikidata.org/wiki/Q783#P30,C_train,geography-Q783-continent_of-question-v3,question,v3,S_train,What continent contains Honduras? North America.,code/generate_controlled_surface_dataset.py,surface-v2,20260825
geography-Q783-continent_of,geography,continent_of,Q783,Honduras,Q49,North America,country,continent,Wikidata,wd:Q783:P30,https://www.wikidata.org/wiki/Q783#P30,C_train,geography-Q783-continent_of-paraphrase-v1,paraphrase,v1,S_train,The continent containing Honduras is North America.,code/generate_controlled_surface_dataset.py,surface-v2,20260825
geography-Q783-continent_of,geography,continent_of,Q783,Honduras,Q49,North America,country,continent,Wikidata,wd:Q783:P30,https://www.wikidata.org/wiki/Q783#P30,C_train,geography-Q783-continent_of-paraphrase-v2,paraphrase,v2,S_train,Honduras is part of North America.,code/generate_controlled_surface_dataset.py,surface-v2,20260825
geography-Q783-continent_of,geography,continent_of,Q783,Honduras,Q49,North America,country,continent,Wikidata,wd:Q783:P30,https://www.wikidata.org/wiki/Q783#P30,C_train,geography-Q783-continent_of-paraphrase-v3,paraphrase,v3,S_train,"For Honduras, the relevant continent is North America.",code/generate_controlled_surface_dataset.py,surface-v2,20260825
geography-Q783-continent_of,geography,continent_of,Q783,Honduras,Q49,North America,country,continent,Wikidata,wd:Q783:P30,https://www.wikidata.org/wiki/Q783#P30,C_train,geography-Q783-continent_of-formal-v1,formal,v1,S_test,Country: Honduras. Continent: North America.,code/generate_controlled_surface_dataset.py,surface-v2,20260825
geography-Q783-continent_of,geography,continent_of,Q783,Honduras,Q49,North America,country,continent,Wikidata,wd:Q783:P30,https://www.wikidata.org/wiki/Q783#P30,C_train,geography-Q783-continent_of-formal-v2,formal,v2,S_test,Continent — North America; country — Honduras.,code/generate_controlled_surface_dataset.py,surface-v2,20260825
geography-Q783-continent_of,geography,continent_of,Q783,Honduras,Q49,North America,country,continent,Wikidata,wd:Q783:P30,https://www.wikidata.org/wiki/Q783#P30,C_train,geography-Q783-continent_of-structured-v1,structured,v1,S_test,"{""continent"": ""North America"", ""country"": ""Honduras""}",code/generate_controlled_surface_dataset.py,surface-v2,20260825
geography-Q817-currency_of,geography,currency_of,Q817,Kuwait,Q193098,Kuwaiti dinar,country,currency,Wikidata,wd:Q817:P38,https://www.wikidata.org/wiki/Q817#P38,C_val,geography-Q817-currency_of-declarative-v1,declarative,v1,S_train,Kuwait uses the Kuwaiti dinar.,code/generate_controlled_surface_dataset.py,surface-v2,20260825
geography-Q817-currency_of,geography,currency_of,Q817,Kuwait,Q193098,Kuwaiti dinar,country,currency,Wikidata,wd:Q817:P38,https://www.wikidata.org/wiki/Q817#P38,C_val,geography-Q817-currency_of-declarative-v2,declarative,v2,S_train,The Kuwaiti dinar is used in Kuwait.,code/generate_controlled_surface_dataset.py,surface-v2,20260825
geography-Q817-currency_of,geography,currency_of,Q817,Kuwait,Q193098,Kuwaiti dinar,country,currency,Wikidata,wd:Q817:P38,https://www.wikidata.org/wiki/Q817#P38,C_val,geography-Q817-currency_of-declarative-v3,declarative,v3,S_train,Kuwait's currency is the Kuwaiti dinar.,code/generate_controlled_surface_dataset.py,surface-v2,20260825
geography-Q817-currency_of,geography,currency_of,Q817,Kuwait,Q193098,Kuwaiti dinar,country,currency,Wikidata,wd:Q817:P38,https://www.wikidata.org/wiki/Q817#P38,C_val,geography-Q817-currency_of-question-v1,question,v1,S_train,Which currency does Kuwait use? Kuwaiti dinar.,code/generate_controlled_surface_dataset.py,surface-v2,20260825
geography-Q817-currency_of,geography,currency_of,Q817,Kuwait,Q193098,Kuwaiti dinar,country,currency,Wikidata,wd:Q817:P38,https://www.wikidata.org/wiki/Q817#P38,C_val,geography-Q817-currency_of-question-v2,question,v2,S_train,What currency is used in Kuwait? Kuwaiti dinar.,code/generate_controlled_surface_dataset.py,surface-v2,20260825
geography-Q817-currency_of,geography,currency_of,Q817,Kuwait,Q193098,Kuwaiti dinar,country,currency,Wikidata,wd:Q817:P38,https://www.wikidata.org/wiki/Q817#P38,C_val,geography-Q817-currency_of-question-v3,question,v3,S_train,Kuwait uses which currency? Kuwaiti dinar.,code/generate_controlled_surface_dataset.py,surface-v2,20260825
geography-Q817-currency_of,geography,currency_of,Q817,Kuwait,Q193098,Kuwaiti dinar,country,currency,Wikidata,wd:Q817:P38,https://www.wikidata.org/wiki/Q817#P38,C_val,geography-Q817-currency_of-paraphrase-v1,paraphrase,v1,S_train,"For Kuwait, the currency is the Kuwaiti dinar.",code/generate_controlled_surface_dataset.py,surface-v2,20260825
geography-Q817-currency_of,geography,currency_of,Q817,Kuwait,Q193098,Kuwaiti dinar,country,currency,Wikidata,wd:Q817:P38,https://www.wikidata.org/wiki/Q817#P38,C_val,geography-Q817-currency_of-paraphrase-v2,paraphrase,v2,S_train,The currency associated with Kuwait is the Kuwaiti dinar.,code/generate_controlled_surface_dataset.py,surface-v2,20260825
geography-Q817-currency_of,geography,currency_of,Q817,Kuwait,Q193098,Kuwaiti dinar,country,currency,Wikidata,wd:Q817:P38,https://www.wikidata.org/wiki/Q817#P38,C_val,geography-Q817-currency_of-paraphrase-v3,paraphrase,v3,S_train,"In Kuwait, payment uses the Kuwaiti dinar.",code/generate_controlled_surface_dataset.py,surface-v2,20260825
geography-Q817-currency_of,geography,currency_of,Q817,Kuwait,Q193098,Kuwaiti dinar,country,currency,Wikidata,wd:Q817:P38,https://www.wikidata.org/wiki/Q817#P38,C_val,geography-Q817-currency_of-formal-v1,formal,v1,S_test,Country: Kuwait. Currency: Kuwaiti dinar.,code/generate_controlled_surface_dataset.py,surface-v2,20260825
geography-Q817-currency_of,geography,currency_of,Q817,Kuwait,Q193098,Kuwaiti dinar,country,currency,Wikidata,wd:Q817:P38,https://www.wikidata.org/wiki/Q817#P38,C_val,geography-Q817-currency_of-formal-v2,formal,v2,S_test,Currency — Kuwaiti dinar; country — Kuwait.,code/generate_controlled_surface_dataset.py,surface-v2,20260825
geography-Q817-currency_of,geography,currency_of,Q817,Kuwait,Q193098,Kuwaiti dinar,country,currency,Wikidata,wd:Q817:P38,https://www.wikidata.org/wiki/Q817#P38,C_val,geography-Q817-currency_of-structured-v1,structured,v1,S_test,"{""country"": ""Kuwait"", ""currency"": ""Kuwaiti dinar""}",code/generate_controlled_surface_dataset.py,surface-v2,20260825
geography-Q863-continent_of,geography,continent_of,Q863,Tajikistan,Q48,Asia,country,continent,Wikidata,wd:Q863:P30,https://www.wikidata.org/wiki/Q863#P30,C_val,geography-Q863-continent_of-declarative-v1,declarative,v1,S_train,Tajikistan is in Asia.,code/generate_controlled_surface_dataset.py,surface-v2,20260825
geography-Q863-continent_of,geography,continent_of,Q863,Tajikistan,Q48,Asia,country,continent,Wikidata,wd:Q863:P30,https://www.wikidata.org/wiki/Q863#P30,C_val,geography-Q863-continent_of-declarative-v2,declarative,v2,S_train,Tajikistan lies in Asia.,code/generate_controlled_surface_dataset.py,surface-v2,20260825
geography-Q863-continent_of,geography,continent_of,Q863,Tajikistan,Q48,Asia,country,continent,Wikidata,wd:Q863:P30,https://www.wikidata.org/wiki/Q863#P30,C_val,geography-Q863-continent_of-declarative-v3,declarative,v3,S_train,Asia includes Tajikistan.,code/generate_controlled_surface_dataset.py,surface-v2,20260825
geography-Q863-continent_of,geography,continent_of,Q863,Tajikistan,Q48,Asia,country,continent,Wikidata,wd:Q863:P30,https://www.wikidata.org/wiki/Q863#P30,C_val,geography-Q863-continent_of-question-v1,question,v1,S_train,Which continent is Tajikistan in? Asia.,code/generate_controlled_surface_dataset.py,surface-v2,20260825
geography-Q863-continent_of,geography,continent_of,Q863,Tajikistan,Q48,Asia,country,continent,Wikidata,wd:Q863:P30,https://www.wikidata.org/wiki/Q863#P30,C_val,geography-Q863-continent_of-question-v2,question,v2,S_train,Tajikistan belongs to which continent? Asia.,code/generate_controlled_surface_dataset.py,surface-v2,20260825
geography-Q863-continent_of,geography,continent_of,Q863,Tajikistan,Q48,Asia,country,continent,Wikidata,wd:Q863:P30,https://www.wikidata.org/wiki/Q863#P30,C_val,geography-Q863-continent_of-question-v3,question,v3,S_train,What continent contains Tajikistan? Asia.,code/generate_controlled_surface_dataset.py,surface-v2,20260825
geography-Q863-continent_of,geography,continent_of,Q863,Tajikistan,Q48,Asia,country,continent,Wikidata,wd:Q863:P30,https://www.wikidata.org/wiki/Q863#P30,C_val,geography-Q863-continent_of-paraphrase-v1,paraphrase,v1,S_train,The continent containing Tajikistan is Asia.,code/generate_controlled_surface_dataset.py,surface-v2,20260825
geography-Q863-continent_of,geography,continent_of,Q863,Tajikistan,Q48,Asia,country,continent,Wikidata,wd:Q863:P30,https://www.wikidata.org/wiki/Q863#P30,C_val,geography-Q863-continent_of-paraphrase-v2,paraphrase,v2,S_train,Tajikistan is part of Asia.,code/generate_controlled_surface_dataset.py,surface-v2,20260825
geography-Q863-continent_of,geography,continent_of,Q863,Tajikistan,Q48,Asia,country,continent,Wikidata,wd:Q863:P30,https://www.wikidata.org/wiki/Q863#P30,C_val,geography-Q863-continent_of-paraphrase-v3,paraphrase,v3,S_train,"For Tajikistan, the relevant continent is Asia.",code/generate_controlled_surface_dataset.py,surface-v2,20260825
geography-Q863-continent_of,geography,continent_of,Q863,Tajikistan,Q48,Asia,country,continent,Wikidata,wd:Q863:P30,https://www.wikidata.org/wiki/Q863#P30,C_val,geography-Q863-continent_of-formal-v1,formal,v1,S_test,Country: Tajikistan. Continent: Asia.,code/generate_controlled_surface_dataset.py,surface-v2,20260825
geography-Q863-continent_of,geography,continent_of,Q863,Tajikistan,Q48,Asia,country,continent,Wikidata,wd:Q863:P30,https://www.wikidata.org/wiki/Q863#P30,C_val,geography-Q863-continent_of-formal-v2,formal,v2,S_test,Continent — Asia; country — Tajikistan.,code/generate_controlled_surface_dataset.py,surface-v2,20260825
geography-Q863-continent_of,geography,continent_of,Q863,Tajikistan,Q48,Asia,country,continent,Wikidata,wd:Q863:P30,https://www.wikidata.org/wiki/Q863#P30,C_val,geography-Q863-continent_of-structured-v1,structured,v1,S_test,"{""continent"": ""Asia"", ""country"": ""Tajikistan""}",code/generate_controlled_surface_dataset.py,surface-v2,20260825
geography-Q878-capital_of,geography,capital_of,Q878,United Arab Emirates,Q1519,Abu Dhabi,country,city,Wikidata,wd:Q878:P36,https://www.wikidata.org/wiki/Q878#P36,C_val,geography-Q878-capital_of-declarative-v1,declarative,v1,S_train,Abu Dhabi is the capital city of United Arab Emirates.,code/generate_controlled_surface_dataset.py,surface-v2,20260825
geography-Q878-capital_of,geography,capital_of,Q878,United Arab Emirates,Q1519,Abu Dhabi,country,city,Wikidata,wd:Q878:P36,https://www.wikidata.org/wiki/Q878#P36,C_val,geography-Q878-capital_of-declarative-v2,declarative,v2,S_train,United Arab Emirates has Abu Dhabi as its capital.,code/generate_controlled_surface_dataset.py,surface-v2,20260825
geography-Q878-capital_of,geography,capital_of,Q878,United Arab Emirates,Q1519,Abu Dhabi,country,city,Wikidata,wd:Q878:P36,https://www.wikidata.org/wiki/Q878#P36,C_val,geography-Q878-capital_of-declarative-v3,declarative,v3,S_train,The capital of United Arab Emirates is Abu Dhabi.,code/generate_controlled_surface_dataset.py,surface-v2,20260825
geography-Q878-capital_of,geography,capital_of,Q878,United Arab Emirates,Q1519,Abu Dhabi,country,city,Wikidata,wd:Q878:P36,https://www.wikidata.org/wiki/Q878#P36,C_val,geography-Q878-capital_of-question-v1,question,v1,S_train,Which city is the capital of United Arab Emirates? Abu Dhabi.,code/generate_controlled_surface_dataset.py,surface-v2,20260825
geography-Q878-capital_of,geography,capital_of,Q878,United Arab Emirates,Q1519,Abu Dhabi,country,city,Wikidata,wd:Q878:P36,https://www.wikidata.org/wiki/Q878#P36,C_val,geography-Q878-capital_of-question-v2,question,v2,S_train,What is the capital of United Arab Emirates? Abu Dhabi.,code/generate_controlled_surface_dataset.py,surface-v2,20260825
geography-Q878-capital_of,geography,capital_of,Q878,United Arab Emirates,Q1519,Abu Dhabi,country,city,Wikidata,wd:Q878:P36,https://www.wikidata.org/wiki/Q878#P36,C_val,geography-Q878-capital_of-question-v3,question,v3,S_train,United Arab Emirates has which city as its capital? Abu Dhabi.,code/generate_controlled_surface_dataset.py,surface-v2,20260825
geography-Q878-capital_of,geography,capital_of,Q878,United Arab Emirates,Q1519,Abu Dhabi,country,city,Wikidata,wd:Q878:P36,https://www.wikidata.org/wiki/Q878#P36,C_val,geography-Q878-capital_of-paraphrase-v1,paraphrase,v1,S_train,"In United Arab Emirates, the capital city is Abu Dhabi.",code/generate_controlled_surface_dataset.py,surface-v2,20260825
geography-Q878-capital_of,geography,capital_of,Q878,United Arab Emirates,Q1519,Abu Dhabi,country,city,Wikidata,wd:Q878:P36,https://www.wikidata.org/wiki/Q878#P36,C_val,geography-Q878-capital_of-paraphrase-v2,paraphrase,v2,S_train,Abu Dhabi holds the role of capital for United Arab Emirates.,code/generate_controlled_surface_dataset.py,surface-v2,20260825
geography-Q878-capital_of,geography,capital_of,Q878,United Arab Emirates,Q1519,Abu Dhabi,country,city,Wikidata,wd:Q878:P36,https://www.wikidata.org/wiki/Q878#P36,C_val,geography-Q878-capital_of-paraphrase-v3,paraphrase,v3,S_train,"For United Arab Emirates, the capital is Abu Dhabi.",code/generate_controlled_surface_dataset.py,surface-v2,20260825
geography-Q878-capital_of,geography,capital_of,Q878,United Arab Emirates,Q1519,Abu Dhabi,country,city,Wikidata,wd:Q878:P36,https://www.wikidata.org/wiki/Q878#P36,C_val,geography-Q878-capital_of-formal-v1,formal,v1,S_test,Country: United Arab Emirates. Capital city: Abu Dhabi.,code/generate_controlled_surface_dataset.py,surface-v2,20260825
geography-Q878-capital_of,geography,capital_of,Q878,United Arab Emirates,Q1519,Abu Dhabi,country,city,Wikidata,wd:Q878:P36,https://www.wikidata.org/wiki/Q878#P36,C_val,geography-Q878-capital_of-formal-v2,formal,v2,S_test,Capital city — Abu Dhabi; country — United Arab Emirates.,code/generate_controlled_surface_dataset.py,surface-v2,20260825
geography-Q878-capital_of,geography,capital_of,Q878,United Arab Emirates,Q1519,Abu Dhabi,country,city,Wikidata,wd:Q878:P36,https://www.wikidata.org/wiki/Q878#P36,C_val,geography-Q878-capital_of-structured-v1,structured,v1,S_test,"{""capital_city"": ""Abu Dhabi"", ""country"": ""United Arab Emirates""}",code/generate_controlled_surface_dataset.py,surface-v2,20260825
geography-Q912-continent_of,geography,continent_of,Q912,Mali,Q15,Africa,country,continent,Wikidata,wd:Q912:P30,https://www.wikidata.org/wiki/Q912#P30,C_test,geography-Q912-continent_of-declarative-v1,declarative,v1,S_train,Mali is in Africa.,code/generate_controlled_surface_dataset.py,surface-v2,20260825
geography-Q912-continent_of,geography,continent_of,Q912,Mali,Q15,Africa,country,continent,Wikidata,wd:Q912:P30,https://www.wikidata.org/wiki/Q912#P30,C_test,geography-Q912-continent_of-declarative-v2,declarative,v2,S_train,Mali lies in Africa.,code/generate_controlled_surface_dataset.py,surface-v2,20260825
geography-Q912-continent_of,geography,continent_of,Q912,Mali,Q15,Africa,country,continent,Wikidata,wd:Q912:P30,https://www.wikidata.org/wiki/Q912#P30,C_test,geography-Q912-continent_of-declarative-v3,declarative,v3,S_train,Africa includes Mali.,code/generate_controlled_surface_dataset.py,surface-v2,20260825
geography-Q912-continent_of,geography,continent_of,Q912,Mali,Q15,Africa,country,continent,Wikidata,wd:Q912:P30,https://www.wikidata.org/wiki/Q912#P30,C_test,geography-Q912-continent_of-question-v1,question,v1,S_train,Which continent is Mali in? Africa.,code/generate_controlled_surface_dataset.py,surface-v2,20260825
geography-Q912-continent_of,geography,continent_of,Q912,Mali,Q15,Africa,country,continent,Wikidata,wd:Q912:P30,https://www.wikidata.org/wiki/Q912#P30,C_test,geography-Q912-continent_of-question-v2,question,v2,S_train,Mali belongs to which continent? Africa.,code/generate_controlled_surface_dataset.py,surface-v2,20260825
geography-Q912-continent_of,geography,continent_of,Q912,Mali,Q15,Africa,country,continent,Wikidata,wd:Q912:P30,https://www.wikidata.org/wiki/Q912#P30,C_test,geography-Q912-continent_of-question-v3,question,v3,S_train,What continent contains Mali? Africa.,code/generate_controlled_surface_dataset.py,surface-v2,20260825
geography-Q912-continent_of,geography,continent_of,Q912,Mali,Q15,Africa,country,continent,Wikidata,wd:Q912:P30,https://www.wikidata.org/wiki/Q912#P30,C_test,geography-Q912-continent_of-paraphrase-v1,paraphrase,v1,S_train,The continent containing Mali is Africa.,code/generate_controlled_surface_dataset.py,surface-v2,20260825
geography-Q912-continent_of,geography,continent_of,Q912,Mali,Q15,Africa,country,continent,Wikidata,wd:Q912:P30,https://www.wikidata.org/wiki/Q912#P30,C_test,geography-Q912-continent_of-paraphrase-v2,paraphrase,v2,S_train,Mali is part of Africa.,code/generate_controlled_surface_dataset.py,surface-v2,20260825
geography-Q912-continent_of,geography,continent_of,Q912,Mali,Q15,Africa,country,continent,Wikidata,wd:Q912:P30,https://www.wikidata.org/wiki/Q912#P30,C_test,geography-Q912-continent_of-paraphrase-v3,paraphrase,v3,S_train,"For Mali, the relevant continent is Africa.",code/generate_controlled_surface_dataset.py,surface-v2,20260825
geography-Q912-continent_of,geography,continent_of,Q912,Mali,Q15,Africa,country,continent,Wikidata,wd:Q912:P30,https://www.wikidata.org/wiki/Q912#P30,C_test,geography-Q912-continent_of-formal-v1,formal,v1,S_test,Country: Mali. Continent: Africa.,code/generate_controlled_surface_dataset.py,surface-v2,20260825
geography-Q912-continent_of,geography,continent_of,Q912,Mali,Q15,Africa,country,continent,Wikidata,wd:Q912:P30,https://www.wikidata.org/wiki/Q912#P30,C_test,geography-Q912-continent_of-formal-v2,formal,v2,S_test,Continent — Africa; country — Mali.,code/generate_controlled_surface_dataset.py,surface-v2,20260825
geography-Q912-continent_of,geography,continent_of,Q912,Mali,Q15,Africa,country,continent,Wikidata,wd:Q912:P30,https://www.wikidata.org/wiki/Q912#P30,C_test,geography-Q912-continent_of-structured-v1,structured,v1,S_test,"{""continent"": ""Africa"", ""country"": ""Mali""}",code/generate_controlled_surface_dataset.py,surface-v2,20260825
geography-Q924-capital_of,geography,capital_of,Q924,Tanzania,Q3866,Dodoma,country,city,Wikidata,wd:Q924:P36,https://www.wikidata.org/wiki/Q924#P36,C_test,geography-Q924-capital_of-declarative-v1,declarative,v1,S_train,Dodoma is the capital city of Tanzania.,code/generate_controlled_surface_dataset.py,surface-v2,20260825
geography-Q924-capital_of,geography,capital_of,Q924,Tanzania,Q3866,Dodoma,country,city,Wikidata,wd:Q924:P36,https://www.wikidata.org/wiki/Q924#P36,C_test,geography-Q924-capital_of-declarative-v2,declarative,v2,S_train,Tanzania has Dodoma as its capital.,code/generate_controlled_surface_dataset.py,surface-v2,20260825
geography-Q924-capital_of,geography,capital_of,Q924,Tanzania,Q3866,Dodoma,country,city,Wikidata,wd:Q924:P36,https://www.wikidata.org/wiki/Q924#P36,C_test,geography-Q924-capital_of-declarative-v3,declarative,v3,S_train,The capital of Tanzania is Dodoma.,code/generate_controlled_surface_dataset.py,surface-v2,20260825
geography-Q924-capital_of,geography,capital_of,Q924,Tanzania,Q3866,Dodoma,country,city,Wikidata,wd:Q924:P36,https://www.wikidata.org/wiki/Q924#P36,C_test,geography-Q924-capital_of-question-v1,question,v1,S_train,Which city is the capital of Tanzania? Dodoma.,code/generate_controlled_surface_dataset.py,surface-v2,20260825
geography-Q924-capital_of,geography,capital_of,Q924,Tanzania,Q3866,Dodoma,country,city,Wikidata,wd:Q924:P36,https://www.wikidata.org/wiki/Q924#P36,C_test,geography-Q924-capital_of-question-v2,question,v2,S_train,What is the capital of Tanzania? Dodoma.,code/generate_controlled_surface_dataset.py,surface-v2,20260825
geography-Q924-capital_of,geography,capital_of,Q924,Tanzania,Q3866,Dodoma,country,city,Wikidata,wd:Q924:P36,https://www.wikidata.org/wiki/Q924#P36,C_test,geography-Q924-capital_of-question-v3,question,v3,S_train,Tanzania has which city as its capital? Dodoma.,code/generate_controlled_surface_dataset.py,surface-v2,20260825
geography-Q924-capital_of,geography,capital_of,Q924,Tanzania,Q3866,Dodoma,country,city,Wikidata,wd:Q924:P36,https://www.wikidata.org/wiki/Q924#P36,C_test,geography-Q924-capital_of-paraphrase-v1,paraphrase,v1,S_train,"In Tanzania, the capital city is Dodoma.",code/generate_controlled_surface_dataset.py,surface-v2,20260825
geography-Q924-capital_of,geography,capital_of,Q924,Tanzania,Q3866,Dodoma,country,city,Wikidata,wd:Q924:P36,https://www.wikidata.org/wiki/Q924#P36,C_test,geography-Q924-capital_of-paraphrase-v2,paraphrase,v2,S_train,Dodoma holds the role of capital for Tanzania.,code/generate_controlled_surface_dataset.py,surface-v2,20260825
geography-Q924-capital_of,geography,capital_of,Q924,Tanzania,Q3866,Dodoma,country,city,Wikidata,wd:Q924:P36,https://www.wikidata.org/wiki/Q924#P36,C_test,geography-Q924-capital_of-paraphrase-v3,paraphrase,v3,S_train,"For Tanzania, the capital is Dodoma.",code/generate_controlled_surface_dataset.py,surface-v2,20260825
geography-Q924-capital_of,geography,capital_of,Q924,Tanzania,Q3866,Dodoma,country,city,Wikidata,wd:Q924:P36,https://www.wikidata.org/wiki/Q924#P36,C_test,geography-Q924-capital_of-formal-v1,formal,v1,S_test,Country: Tanzania. Capital city: Dodoma.,code/generate_controlled_surface_dataset.py,surface-v2,20260825
geography-Q924-capital_of,geography,capital_of,Q924,Tanzania,Q3866,Dodoma,country,city,Wikidata,wd:Q924:P36,https://www.wikidata.org/wiki/Q924#P36,C_test,geography-Q924-capital_of-formal-v2,formal,v2,S_test,Capital city — Dodoma; country — Tanzania.,code/generate_controlled_surface_dataset.py,surface-v2,20260825
geography-Q924-capital_of,geography,capital_of,Q924,Tanzania,Q3866,Dodoma,country,city,Wikidata,wd:Q924:P36,https://www.wikidata.org/wiki/Q924#P36,C_test,geography-Q924-capital_of-structured-v1,structured,v1,S_test,"{""capital_city"": ""Dodoma"", ""country"": ""Tanzania""}",code/generate_controlled_surface_dataset.py,surface-v2,20260825
geography-Q958-capital_of,geography,capital_of,Q958,South Sudan,Q1947,Juba,country,city,Wikidata,wd:Q958:P36,https://www.wikidata.org/wiki/Q958#P36,C_test,geography-Q958-capital_of-declarative-v1,declarative,v1,S_train,Juba is the capital city of South Sudan.,code/generate_controlled_surface_dataset.py,surface-v2,20260825
geography-Q958-capital_of,geography,capital_of,Q958,South Sudan,Q1947,Juba,country,city,Wikidata,wd:Q958:P36,https://www.wikidata.org/wiki/Q958#P36,C_test,geography-Q958-capital_of-declarative-v2,declarative,v2,S_train,South Sudan has Juba as its capital.,code/generate_controlled_surface_dataset.py,surface-v2,20260825
geography-Q958-capital_of,geography,capital_of,Q958,South Sudan,Q1947,Juba,country,city,Wikidata,wd:Q958:P36,https://www.wikidata.org/wiki/Q958#P36,C_test,geography-Q958-capital_of-declarative-v3,declarative,v3,S_train,The capital of South Sudan is Juba.,code/generate_controlled_surface_dataset.py,surface-v2,20260825
geography-Q958-capital_of,geography,capital_of,Q958,South Sudan,Q1947,Juba,country,city,Wikidata,wd:Q958:P36,https://www.wikidata.org/wiki/Q958#P36,C_test,geography-Q958-capital_of-question-v1,question,v1,S_train,Which city is the capital of South Sudan? Juba.,code/generate_controlled_surface_dataset.py,surface-v2,20260825
geography-Q958-capital_of,geography,capital_of,Q958,South Sudan,Q1947,Juba,country,city,Wikidata,wd:Q958:P36,https://www.wikidata.org/wiki/Q958#P36,C_test,geography-Q958-capital_of-question-v2,question,v2,S_train,What is the capital of South Sudan? Juba.,code/generate_controlled_surface_dataset.py,surface-v2,20260825
geography-Q958-capital_of,geography,capital_of,Q958,South Sudan,Q1947,Juba,country,city,Wikidata,wd:Q958:P36,https://www.wikidata.org/wiki/Q958#P36,C_test,geography-Q958-capital_of-question-v3,question,v3,S_train,South Sudan has which city as its capital? Juba.,code/generate_controlled_surface_dataset.py,surface-v2,20260825
geography-Q958-capital_of,geography,capital_of,Q958,South Sudan,Q1947,Juba,country,city,Wikidata,wd:Q958:P36,https://www.wikidata.org/wiki/Q958#P36,C_test,geography-Q958-capital_of-paraphrase-v1,paraphrase,v1,S_train,"In South Sudan, the capital city is Juba.",code/generate_controlled_surface_dataset.py,surface-v2,20260825
geography-Q958-capital_of,geography,capital_of,Q958,South Sudan,Q1947,Juba,country,city,Wikidata,wd:Q958:P36,https://www.wikidata.org/wiki/Q958#P36,C_test,geography-Q958-capital_of-paraphrase-v2,paraphrase,v2,S_train,Juba holds the role of capital for South Sudan.,code/generate_controlled_surface_dataset.py,surface-v2,20260825
geography-Q958-capital_of,geography,capital_of,Q958,South Sudan,Q1947,Juba,country,city,Wikidata,wd:Q958:P36,https://www.wikidata.org/wiki/Q958#P36,C_test,geography-Q958-capital_of-paraphrase-v3,paraphrase,v3,S_train,"For South Sudan, the capital is Juba.",code/generate_controlled_surface_dataset.py,surface-v2,20260825
geography-Q958-capital_of,geography,capital_of,Q958,South Sudan,Q1947,Juba,country,city,Wikidata,wd:Q958:P36,https://www.wikidata.org/wiki/Q958#P36,C_test,geography-Q958-capital_of-formal-v1,formal,v1,S_test,Country: South Sudan. Capital city: Juba.,code/generate_controlled_surface_dataset.py,surface-v2,20260825
geography-Q958-capital_of,geography,capital_of,Q958,South Sudan,Q1947,Juba,country,city,Wikidata,wd:Q958:P36,https://www.wikidata.org/wiki/Q958#P36,C_test,geography-Q958-capital_of-formal-v2,formal,v2,S_test,Capital city — Juba; country — South Sudan.,code/generate_controlled_surface_dataset.py,surface-v2,20260825
geography-Q958-capital_of,geography,capital_of,Q958,South Sudan,Q1947,Juba,country,city,Wikidata,wd:Q958:P36,https://www.wikidata.org/wiki/Q958#P36,C_test,geography-Q958-capital_of-structured-v1,structured,v1,S_test,"{""capital_city"": ""Juba"", ""country"": ""South Sudan""}",code/generate_controlled_surface_dataset.py,surface-v2,20260825
geography-Q986-continent_of,geography,continent_of,Q986,Eritrea,Q15,Africa,country,continent,Wikidata,wd:Q986:P30,https://www.wikidata.org/wiki/Q986#P30,C_test,geography-Q986-continent_of-declarative-v1,declarative,v1,S_train,Eritrea is in Africa.,code/generate_controlled_surface_dataset.py,surface-v2,20260825
geography-Q986-continent_of,geography,continent_of,Q986,Eritrea,Q15,Africa,country,continent,Wikidata,wd:Q986:P30,https://www.wikidata.org/wiki/Q986#P30,C_test,geography-Q986-continent_of-declarative-v2,declarative,v2,S_train,Eritrea lies in Africa.,code/generate_controlled_surface_dataset.py,surface-v2,20260825
geography-Q986-continent_of,geography,continent_of,Q986,Eritrea,Q15,Africa,country,continent,Wikidata,wd:Q986:P30,https://www.wikidata.org/wiki/Q986#P30,C_test,geography-Q986-continent_of-declarative-v3,declarative,v3,S_train,Africa includes Eritrea.,code/generate_controlled_surface_dataset.py,surface-v2,20260825
geography-Q986-continent_of,geography,continent_of,Q986,Eritrea,Q15,Africa,country,continent,Wikidata,wd:Q986:P30,https://www.wikidata.org/wiki/Q986#P30,C_test,geography-Q986-continent_of-question-v1,question,v1,S_train,Which continent is Eritrea in? Africa.,code/generate_controlled_surface_dataset.py,surface-v2,20260825
geography-Q986-continent_of,geography,continent_of,Q986,Eritrea,Q15,Africa,country,continent,Wikidata,wd:Q986:P30,https://www.wikidata.org/wiki/Q986#P30,C_test,geography-Q986-continent_of-question-v2,question,v2,S_train,Eritrea belongs to which continent? Africa.,code/generate_controlled_surface_dataset.py,surface-v2,20260825
geography-Q986-continent_of,geography,continent_of,Q986,Eritrea,Q15,Africa,country,continent,Wikidata,wd:Q986:P30,https://www.wikidata.org/wiki/Q986#P30,C_test,geography-Q986-continent_of-question-v3,question,v3,S_train,What continent contains Eritrea? Africa.,code/generate_controlled_surface_dataset.py,surface-v2,20260825
geography-Q986-continent_of,geography,continent_of,Q986,Eritrea,Q15,Africa,country,continent,Wikidata,wd:Q986:P30,https://www.wikidata.org/wiki/Q986#P30,C_test,geography-Q986-continent_of-paraphrase-v1,paraphrase,v1,S_train,The continent containing Eritrea is Africa.,code/generate_controlled_surface_dataset.py,surface-v2,20260825
geography-Q986-continent_of,geography,continent_of,Q986,Eritrea,Q15,Africa,country,continent,Wikidata,wd:Q986:P30,https://www.wikidata.org/wiki/Q986#P30,C_test,geography-Q986-continent_of-paraphrase-v2,paraphrase,v2,S_train,Eritrea is part of Africa.,code/generate_controlled_surface_dataset.py,surface-v2,20260825
geography-Q986-continent_of,geography,continent_of,Q986,Eritrea,Q15,Africa,country,continent,Wikidata,wd:Q986:P30,https://www.wikidata.org/wiki/Q986#P30,C_test,geography-Q986-continent_of-paraphrase-v3,paraphrase,v3,S_train,"For Eritrea, the relevant continent is Africa.",code/generate_controlled_surface_dataset.py,surface-v2,20260825
geography-Q986-continent_of,geography,continent_of,Q986,Eritrea,Q15,Africa,country,continent,Wikidata,wd:Q986:P30,https://www.wikidata.org/wiki/Q986#P30,C_test,geography-Q986-continent_of-formal-v1,formal,v1,S_test,Country: Eritrea. Continent: Africa.,code/generate_controlled_surface_dataset.py,surface-v2,20260825
geography-Q986-continent_of,geography,continent_of,Q986,Eritrea,Q15,Africa,country,continent,Wikidata,wd:Q986:P30,https://www.wikidata.org/wiki/Q986#P30,C_test,geography-Q986-continent_of-formal-v2,formal,v2,S_test,Continent — Africa; country — Eritrea.,code/generate_controlled_surface_dataset.py,surface-v2,20260825
geography-Q986-continent_of,geography,continent_of,Q986,Eritrea,Q15,Africa,country,continent,Wikidata,wd:Q986:P30,https://www.wikidata.org/wiki/Q986#P30,C_test,geography-Q986-continent_of-structured-v1,structured,v1,S_test,"{""continent"": ""Africa"", ""country"": ""Eritrea""}",code/generate_controlled_surface_dataset.py,surface-v2,20260825
science-Q1038-chemical_symbol_of,science,chemical_symbol_of,Q1038,zirconium,literal:string:Zr,Zr,chemical_element,chemical_symbol,Wikidata,wd:Q1038:P246,https://www.wikidata.org/wiki/Q1038#P246,C_train,science-Q1038-chemical_symbol_of-declarative-v1,declarative,v1,S_train,The chemical symbol for Zirconium is Zr.,code/generate_controlled_surface_dataset.py,surface-v2,20260825
science-Q1038-chemical_symbol_of,science,chemical_symbol_of,Q1038,zirconium,literal:string:Zr,Zr,chemical_element,chemical_symbol,Wikidata,wd:Q1038:P246,https://www.wikidata.org/wiki/Q1038#P246,C_train,science-Q1038-chemical_symbol_of-declarative-v2,declarative,v2,S_train,Zirconium's chemical symbol is Zr.,code/generate_controlled_surface_dataset.py,surface-v2,20260825
science-Q1038-chemical_symbol_of,science,chemical_symbol_of,Q1038,zirconium,literal:string:Zr,Zr,chemical_element,chemical_symbol,Wikidata,wd:Q1038:P246,https://www.wikidata.org/wiki/Q1038#P246,C_train,science-Q1038-chemical_symbol_of-declarative-v3,declarative,v3,S_train,Zr is the chemical symbol of Zirconium.,code/generate_controlled_surface_dataset.py,surface-v2,20260825
science-Q1038-chemical_symbol_of,science,chemical_symbol_of,Q1038,zirconium,literal:string:Zr,Zr,chemical_element,chemical_symbol,Wikidata,wd:Q1038:P246,https://www.wikidata.org/wiki/Q1038#P246,C_train,science-Q1038-chemical_symbol_of-question-v1,question,v1,S_train,What is the chemical symbol for Zirconium? Zr.,code/generate_controlled_surface_dataset.py,surface-v2,20260825
science-Q1038-chemical_symbol_of,science,chemical_symbol_of,Q1038,zirconium,literal:string:Zr,Zr,chemical_element,chemical_symbol,Wikidata,wd:Q1038:P246,https://www.wikidata.org/wiki/Q1038#P246,C_train,science-Q1038-chemical_symbol_of-question-v2,question,v2,S_train,Which symbol represents Zirconium? Zr.,code/generate_controlled_surface_dataset.py,surface-v2,20260825
science-Q1038-chemical_symbol_of,science,chemical_symbol_of,Q1038,zirconium,literal:string:Zr,Zr,chemical_element,chemical_symbol,Wikidata,wd:Q1038:P246,https://www.wikidata.org/wiki/Q1038#P246,C_train,science-Q1038-chemical_symbol_of-question-v3,question,v3,S_train,Zirconium is represented by which symbol? Zr.,code/generate_controlled_surface_dataset.py,surface-v2,20260825
science-Q1038-chemical_symbol_of,science,chemical_symbol_of,Q1038,zirconium,literal:string:Zr,Zr,chemical_element,chemical_symbol,Wikidata,wd:Q1038:P246,https://www.wikidata.org/wiki/Q1038#P246,C_train,science-Q1038-chemical_symbol_of-paraphrase-v1,paraphrase,v1,S_train,Zirconium is written as Zr on the periodic table.,code/generate_controlled_surface_dataset.py,surface-v2,20260825
science-Q1038-chemical_symbol_of,science,chemical_symbol_of,Q1038,zirconium,literal:string:Zr,Zr,chemical_element,chemical_symbol,Wikidata,wd:Q1038:P246,https://www.wikidata.org/wiki/Q1038#P246,C_train,science-Q1038-chemical_symbol_of-paraphrase-v2,paraphrase,v2,S_train,"On the periodic table, Zr denotes Zirconium.",code/generate_controlled_surface_dataset.py,surface-v2,20260825
science-Q1038-chemical_symbol_of,science,chemical_symbol_of,Q1038,zirconium,literal:string:Zr,Zr,chemical_element,chemical_symbol,Wikidata,wd:Q1038:P246,https://www.wikidata.org/wiki/Q1038#P246,C_train,science-Q1038-chemical_symbol_of-paraphrase-v3,paraphrase,v3,S_train,The notation Zr stands for Zirconium.,code/generate_controlled_surface_dataset.py,surface-v2,20260825
science-Q1038-chemical_symbol_of,science,chemical_symbol_of,Q1038,zirconium,literal:string:Zr,Zr,chemical_element,chemical_symbol,Wikidata,wd:Q1038:P246,https://www.wikidata.org/wiki/Q1038#P246,C_train,science-Q1038-chemical_symbol_of-formal-v1,formal,v1,S_test,Element: Zirconium. Symbol: Zr.,code/generate_controlled_surface_dataset.py,surface-v2,20260825
science-Q1038-chemical_symbol_of,science,chemical_symbol_of,Q1038,zirconium,literal:string:Zr,Zr,chemical_element,chemical_symbol,Wikidata,wd:Q1038:P246,https://www.wikidata.org/wiki/Q1038#P246,C_train,science-Q1038-chemical_symbol_of-formal-v2,formal,v2,S_test,Symbol — Zr; element — Zirconium.,code/generate_controlled_surface_dataset.py,surface-v2,20260825
science-Q1038-chemical_symbol_of,science,chemical_symbol_of,Q1038,zirconium,literal:string:Zr,Zr,chemical_element,chemical_symbol,Wikidata,wd:Q1038:P246,https://www.wikidata.org/wiki/Q1038#P246,C_train,science-Q1038-chemical_symbol_of-structured-v1,structured,v1,S_test,"{""element"": ""Zirconium"", ""symbol"": ""Zr""}",code/generate_controlled_surface_dataset.py,surface-v2,20260825
science-Q1086-period_of,science,period_of,Q1086,ruthenium,literal:period:5,5,chemical_element,period,Royal Society of Chemistry,rsc:Q1086:period,https://periodic-table.rsc.org/element/44/ruthenium,C_train,science-Q1086-period_of-declarative-v1,declarative,v1,S_train,Ruthenium is in period 5 of the periodic table.,code/generate_controlled_surface_dataset.py,surface-v2,20260825
science-Q1086-period_of,science,period_of,Q1086,ruthenium,literal:period:5,5,chemical_element,period,Royal Society of Chemistry,rsc:Q1086:period,https://periodic-table.rsc.org/element/44/ruthenium,C_train,science-Q1086-period_of-declarative-v2,declarative,v2,S_train,Ruthenium belongs to period 5 on the periodic table.,code/generate_controlled_surface_dataset.py,surface-v2,20260825
science-Q1086-period_of,science,period_of,Q1086,ruthenium,literal:period:5,5,chemical_element,period,Royal Society of Chemistry,rsc:Q1086:period,https://periodic-table.rsc.org/element/44/ruthenium,C_train,science-Q1086-period_of-declarative-v3,declarative,v3,S_train,Period 5 of the periodic table contains Ruthenium.,code/generate_controlled_surface_dataset.py,surface-v2,20260825
science-Q1086-period_of,science,period_of,Q1086,ruthenium,literal:period:5,5,chemical_element,period,Royal Society of Chemistry,rsc:Q1086:period,https://periodic-table.rsc.org/element/44/ruthenium,C_train,science-Q1086-period_of-question-v1,question,v1,S_train,Which period contains Ruthenium on the periodic table? 5.,code/generate_controlled_surface_dataset.py,surface-v2,20260825
science-Q1086-period_of,science,period_of,Q1086,ruthenium,literal:period:5,5,chemical_element,period,Royal Society of Chemistry,rsc:Q1086:period,https://periodic-table.rsc.org/element/44/ruthenium,C_train,science-Q1086-period_of-question-v2,question,v2,S_train,What periodic-table period is Ruthenium in? 5.,code/generate_controlled_surface_dataset.py,surface-v2,20260825
science-Q1086-period_of,science,period_of,Q1086,ruthenium,literal:period:5,5,chemical_element,period,Royal Society of Chemistry,rsc:Q1086:period,https://periodic-table.rsc.org/element/44/ruthenium,C_train,science-Q1086-period_of-question-v3,question,v3,S_train,Ruthenium appears in which period? 5.,code/generate_controlled_surface_dataset.py,surface-v2,20260825
science-Q1086-period_of,science,period_of,Q1086,ruthenium,literal:period:5,5,chemical_element,period,Royal Society of Chemistry,rsc:Q1086:period,https://periodic-table.rsc.org/element/44/ruthenium,C_train,science-Q1086-period_of-paraphrase-v1,paraphrase,v1,S_train,"On the periodic table, Ruthenium appears in row 5.",code/generate_controlled_surface_dataset.py,surface-v2,20260825
science-Q1086-period_of,science,period_of,Q1086,ruthenium,literal:period:5,5,chemical_element,period,Royal Society of Chemistry,rsc:Q1086:period,https://periodic-table.rsc.org/element/44/ruthenium,C_train,science-Q1086-period_of-paraphrase-v2,paraphrase,v2,S_train,The periodic-table row for Ruthenium is 5.,code/generate_controlled_surface_dataset.py,surface-v2,20260825
science-Q1086-period_of,science,period_of,Q1086,ruthenium,literal:period:5,5,chemical_element,period,Royal Society of Chemistry,rsc:Q1086:period,https://periodic-table.rsc.org/element/44/ruthenium,C_train,science-Q1086-period_of-paraphrase-v3,paraphrase,v3,S_train,Ruthenium is placed on row 5 of the periodic table.,code/generate_controlled_surface_dataset.py,surface-v2,20260825
science-Q1086-period_of,science,period_of,Q1086,ruthenium,literal:period:5,5,chemical_element,period,Royal Society of Chemistry,rsc:Q1086:period,https://periodic-table.rsc.org/element/44/ruthenium,C_train,science-Q1086-period_of-formal-v1,formal,v1,S_test,Element: Ruthenium. Period: 5.,code/generate_controlled_surface_dataset.py,surface-v2,20260825
science-Q1086-period_of,science,period_of,Q1086,ruthenium,literal:period:5,5,chemical_element,period,Royal Society of Chemistry,rsc:Q1086:period,https://periodic-table.rsc.org/element/44/ruthenium,C_train,science-Q1086-period_of-formal-v2,formal,v2,S_test,Period — 5; element — Ruthenium.,code/generate_controlled_surface_dataset.py,surface-v2,20260825
science-Q1086-period_of,science,period_of,Q1086,ruthenium,literal:period:5,5,chemical_element,period,Royal Society of Chemistry,rsc:Q1086:period,https://periodic-table.rsc.org/element/44/ruthenium,C_train,science-Q1086-period_of-structured-v1,structured,v1,S_test,"{""element"": ""Ruthenium"", ""period"": ""5""}",code/generate_controlled_surface_dataset.py,surface-v2,20260825
science-Q1090-period_of,science,period_of,Q1090,silver,literal:period:5,5,chemical_element,period,Royal Society of Chemistry,rsc:Q1090:period,https://periodic-table.rsc.org/element/47/silver,C_train,science-Q1090-period_of-declarative-v1,declarative,v1,S_train,Silver is in period 5 of the periodic table.,code/generate_controlled_surface_dataset.py,surface-v2,20260825
science-Q1090-period_of,science,period_of,Q1090,silver,literal:period:5,5,chemical_element,period,Royal Society of Chemistry,rsc:Q1090:period,https://periodic-table.rsc.org/element/47/silver,C_train,science-Q1090-period_of-declarative-v2,declarative,v2,S_train,Silver belongs to period 5 on the periodic table.,code/generate_controlled_surface_dataset.py,surface-v2,20260825
science-Q1090-period_of,science,period_of,Q1090,silver,literal:period:5,5,chemical_element,period,Royal Society of Chemistry,rsc:Q1090:period,https://periodic-table.rsc.org/element/47/silver,C_train,science-Q1090-period_of-declarative-v3,declarative,v3,S_train,Period 5 of the periodic table contains Silver.,code/generate_controlled_surface_dataset.py,surface-v2,20260825
science-Q1090-period_of,science,period_of,Q1090,silver,literal:period:5,5,chemical_element,period,Royal Society of Chemistry,rsc:Q1090:period,https://periodic-table.rsc.org/element/47/silver,C_train,science-Q1090-period_of-question-v1,question,v1,S_train,Which period contains Silver on the periodic table? 5.,code/generate_controlled_surface_dataset.py,surface-v2,20260825
science-Q1090-period_of,science,period_of,Q1090,silver,literal:period:5,5,chemical_element,period,Royal Society of Chemistry,rsc:Q1090:period,https://periodic-table.rsc.org/element/47/silver,C_train,science-Q1090-period_of-question-v2,question,v2,S_train,What periodic-table period is Silver in? 5.,code/generate_controlled_surface_dataset.py,surface-v2,20260825
science-Q1090-period_of,science,period_of,Q1090,silver,literal:period:5,5,chemical_element,period,Royal Society of Chemistry,rsc:Q1090:period,https://periodic-table.rsc.org/element/47/silver,C_train,science-Q1090-period_of-question-v3,question,v3,S_train,Silver appears in which period? 5.,code/generate_controlled_surface_dataset.py,surface-v2,20260825
science-Q1090-period_of,science,period_of,Q1090,silver,literal:period:5,5,chemical_element,period,Royal Society of Chemistry,rsc:Q1090:period,https://periodic-table.rsc.org/element/47/silver,C_train,science-Q1090-period_of-paraphrase-v1,paraphrase,v1,S_train,"On the periodic table, Silver appears in row 5.",code/generate_controlled_surface_dataset.py,surface-v2,20260825
science-Q1090-period_of,science,period_of,Q1090,silver,literal:period:5,5,chemical_element,period,Royal Society of Chemistry,rsc:Q1090:period,https://periodic-table.rsc.org/element/47/silver,C_train,science-Q1090-period_of-paraphrase-v2,paraphrase,v2,S_train,The periodic-table row for Silver is 5.,code/generate_controlled_surface_dataset.py,surface-v2,20260825
science-Q1090-period_of,science,period_of,Q1090,silver,literal:period:5,5,chemical_element,period,Royal Society of Chemistry,rsc:Q1090:period,https://periodic-table.rsc.org/element/47/silver,C_train,science-Q1090-period_of-paraphrase-v3,paraphrase,v3,S_train,Silver is placed on row 5 of the periodic table.,code/generate_controlled_surface_dataset.py,surface-v2,20260825
science-Q1090-period_of,science,period_of,Q1090,silver,literal:period:5,5,chemical_element,period,Royal Society of Chemistry,rsc:Q1090:period,https://periodic-table.rsc.org/element/47/silver,C_train,science-Q1090-period_of-formal-v1,formal,v1,S_test,Element: Silver. Period: 5.,code/generate_controlled_surface_dataset.py,surface-v2,20260825
science-Q1090-period_of,science,period_of,Q1090,silver,literal:period:5,5,chemical_element,period,Royal Society of Chemistry,rsc:Q1090:period,https://periodic-table.rsc.org/element/47/silver,C_train,science-Q1090-period_of-formal-v2,formal,v2,S_test,Period — 5; element — Silver.,code/generate_controlled_surface_dataset.py,surface-v2,20260825
science-Q1090-period_of,science,period_of,Q1090,silver,literal:period:5,5,chemical_element,period,Royal Society of Chemistry,rsc:Q1090:period,https://periodic-table.rsc.org/element/47/silver,C_train,science-Q1090-period_of-structured-v1,structured,v1,S_test,"{""element"": ""Silver"", ""period"": ""5""}",code/generate_controlled_surface_dataset.py,surface-v2,20260825
science-Q1091-atomic_number_of,science,atomic_number_of,Q1091,cadmium,literal:http://www.w3.org/2001/XMLSchema#decimal:48,48,chemical_element,integer,Wikidata,wd:Q1091:P1086,https://www.wikidata.org/wiki/Q1091#P1086,C_train,science-Q1091-atomic_number_of-declarative-v1,declarative,v1,S_train,Cadmium has atomic number 48.,code/generate_controlled_surface_dataset.py,surface-v2,20260825
science-Q1091-atomic_number_of,science,atomic_number_of,Q1091,cadmium,literal:http://www.w3.org/2001/XMLSchema#decimal:48,48,chemical_element,integer,Wikidata,wd:Q1091:P1086,https://www.wikidata.org/wiki/Q1091#P1086,C_train,science-Q1091-atomic_number_of-declarative-v2,declarative,v2,S_train,Cadmium is assigned atomic number 48.,code/generate_controlled_surface_dataset.py,surface-v2,20260825
science-Q1091-atomic_number_of,science,atomic_number_of,Q1091,cadmium,literal:http://www.w3.org/2001/XMLSchema#decimal:48,48,chemical_element,integer,Wikidata,wd:Q1091:P1086,https://www.wikidata.org/wiki/Q1091#P1086,C_train,science-Q1091-atomic_number_of-declarative-v3,declarative,v3,S_train,The atomic number associated with Cadmium is 48.,code/generate_controlled_surface_dataset.py,surface-v2,20260825
science-Q1091-atomic_number_of,science,atomic_number_of,Q1091,cadmium,literal:http://www.w3.org/2001/XMLSchema#decimal:48,48,chemical_element,integer,Wikidata,wd:Q1091:P1086,https://www.wikidata.org/wiki/Q1091#P1086,C_train,science-Q1091-atomic_number_of-question-v1,question,v1,S_train,What is the atomic number of Cadmium? 48.,code/generate_controlled_surface_dataset.py,surface-v2,20260825
science-Q1091-atomic_number_of,science,atomic_number_of,Q1091,cadmium,literal:http://www.w3.org/2001/XMLSchema#decimal:48,48,chemical_element,integer,Wikidata,wd:Q1091:P1086,https://www.wikidata.org/wiki/Q1091#P1086,C_train,science-Q1091-atomic_number_of-question-v2,question,v2,S_train,Which atomic number belongs to Cadmium? 48.,code/generate_controlled_surface_dataset.py,surface-v2,20260825
science-Q1091-atomic_number_of,science,atomic_number_of,Q1091,cadmium,literal:http://www.w3.org/2001/XMLSchema#decimal:48,48,chemical_element,integer,Wikidata,wd:Q1091:P1086,https://www.wikidata.org/wiki/Q1091#P1086,C_train,science-Q1091-atomic_number_of-question-v3,question,v3,S_train,Cadmium has what atomic number? 48.,code/generate_controlled_surface_dataset.py,surface-v2,20260825
science-Q1091-atomic_number_of,science,atomic_number_of,Q1091,cadmium,literal:http://www.w3.org/2001/XMLSchema#decimal:48,48,chemical_element,integer,Wikidata,wd:Q1091:P1086,https://www.wikidata.org/wiki/Q1091#P1086,C_train,science-Q1091-atomic_number_of-paraphrase-v1,paraphrase,v1,S_train,An atom of Cadmium contains 48 protons.,code/generate_controlled_surface_dataset.py,surface-v2,20260825
science-Q1091-atomic_number_of,science,atomic_number_of,Q1091,cadmium,literal:http://www.w3.org/2001/XMLSchema#decimal:48,48,chemical_element,integer,Wikidata,wd:Q1091:P1086,https://www.wikidata.org/wiki/Q1091#P1086,C_train,science-Q1091-atomic_number_of-paraphrase-v2,paraphrase,v2,S_train,48 is the atomic number assigned to Cadmium.,code/generate_controlled_surface_dataset.py,surface-v2,20260825
science-Q1091-atomic_number_of,science,atomic_number_of,Q1091,cadmium,literal:http://www.w3.org/2001/XMLSchema#decimal:48,48,chemical_element,integer,Wikidata,wd:Q1091:P1086,https://www.wikidata.org/wiki/Q1091#P1086,C_train,science-Q1091-atomic_number_of-paraphrase-v3,paraphrase,v3,S_train,Cadmium occupies atomic-number position 48.,code/generate_controlled_surface_dataset.py,surface-v2,20260825
science-Q1091-atomic_number_of,science,atomic_number_of,Q1091,cadmium,literal:http://www.w3.org/2001/XMLSchema#decimal:48,48,chemical_element,integer,Wikidata,wd:Q1091:P1086,https://www.wikidata.org/wiki/Q1091#P1086,C_train,science-Q1091-atomic_number_of-formal-v1,formal,v1,S_test,Element: Cadmium. Atomic number: 48.,code/generate_controlled_surface_dataset.py,surface-v2,20260825
science-Q1091-atomic_number_of,science,atomic_number_of,Q1091,cadmium,literal:http://www.w3.org/2001/XMLSchema#decimal:48,48,chemical_element,integer,Wikidata,wd:Q1091:P1086,https://www.wikidata.org/wiki/Q1091#P1086,C_train,science-Q1091-atomic_number_of-formal-v2,formal,v2,S_test,Atomic number — 48; element — Cadmium.,code/generate_controlled_surface_dataset.py,surface-v2,20260825
science-Q1091-atomic_number_of,science,atomic_number_of,Q1091,cadmium,literal:http://www.w3.org/2001/XMLSchema#decimal:48,48,chemical_element,integer,Wikidata,wd:Q1091:P1086,https://www.wikidata.org/wiki/Q1091#P1086,C_train,science-Q1091-atomic_number_of-structured-v1,structured,v1,S_test,"{""atomic_number"": ""48"", ""element"": ""Cadmium""}",code/generate_controlled_surface_dataset.py,surface-v2,20260825
science-Q1094-atomic_number_of,science,atomic_number_of,Q1094,indium,literal:http://www.w3.org/2001/XMLSchema#decimal:49,49,chemical_element,integer,Wikidata,wd:Q1094:P1086,https://www.wikidata.org/wiki/Q1094#P1086,C_train,science-Q1094-atomic_number_of-declarative-v1,declarative,v1,S_train,Indium has atomic number 49.,code/generate_controlled_surface_dataset.py,surface-v2,20260825
science-Q1094-atomic_number_of,science,atomic_number_of,Q1094,indium,literal:http://www.w3.org/2001/XMLSchema#decimal:49,49,chemical_element,integer,Wikidata,wd:Q1094:P1086,https://www.wikidata.org/wiki/Q1094#P1086,C_train,science-Q1094-atomic_number_of-declarative-v2,declarative,v2,S_train,Indium is assigned atomic number 49.,code/generate_controlled_surface_dataset.py,surface-v2,20260825
science-Q1094-atomic_number_of,science,atomic_number_of,Q1094,indium,literal:http://www.w3.org/2001/XMLSchema#decimal:49,49,chemical_element,integer,Wikidata,wd:Q1094:P1086,https://www.wikidata.org/wiki/Q1094#P1086,C_train,science-Q1094-atomic_number_of-declarative-v3,declarative,v3,S_train,The atomic number associated with Indium is 49.,code/generate_controlled_surface_dataset.py,surface-v2,20260825
science-Q1094-atomic_number_of,science,atomic_number_of,Q1094,indium,literal:http://www.w3.org/2001/XMLSchema#decimal:49,49,chemical_element,integer,Wikidata,wd:Q1094:P1086,https://www.wikidata.org/wiki/Q1094#P1086,C_train,science-Q1094-atomic_number_of-question-v1,question,v1,S_train,What is the atomic number of Indium? 49.,code/generate_controlled_surface_dataset.py,surface-v2,20260825
science-Q1094-atomic_number_of,science,atomic_number_of,Q1094,indium,literal:http://www.w3.org/2001/XMLSchema#decimal:49,49,chemical_element,integer,Wikidata,wd:Q1094:P1086,https://www.wikidata.org/wiki/Q1094#P1086,C_train,science-Q1094-atomic_number_of-question-v2,question,v2,S_train,Which atomic number belongs to Indium? 49.,code/generate_controlled_surface_dataset.py,surface-v2,20260825
science-Q1094-atomic_number_of,science,atomic_number_of,Q1094,indium,literal:http://www.w3.org/2001/XMLSchema#decimal:49,49,chemical_element,integer,Wikidata,wd:Q1094:P1086,https://www.wikidata.org/wiki/Q1094#P1086,C_train,science-Q1094-atomic_number_of-question-v3,question,v3,S_train,Indium has what atomic number? 49.,code/generate_controlled_surface_dataset.py,surface-v2,20260825
science-Q1094-atomic_number_of,science,atomic_number_of,Q1094,indium,literal:http://www.w3.org/2001/XMLSchema#decimal:49,49,chemical_element,integer,Wikidata,wd:Q1094:P1086,https://www.wikidata.org/wiki/Q1094#P1086,C_train,science-Q1094-atomic_number_of-paraphrase-v1,paraphrase,v1,S_train,An atom of Indium contains 49 protons.,code/generate_controlled_surface_dataset.py,surface-v2,20260825
science-Q1094-atomic_number_of,science,atomic_number_of,Q1094,indium,literal:http://www.w3.org/2001/XMLSchema#decimal:49,49,chemical_element,integer,Wikidata,wd:Q1094:P1086,https://www.wikidata.org/wiki/Q1094#P1086,C_train,science-Q1094-atomic_number_of-paraphrase-v2,paraphrase,v2,S_train,49 is the atomic number assigned to Indium.,code/generate_controlled_surface_dataset.py,surface-v2,20260825
science-Q1094-atomic_number_of,science,atomic_number_of,Q1094,indium,literal:http://www.w3.org/2001/XMLSchema#decimal:49,49,chemical_element,integer,Wikidata,wd:Q1094:P1086,https://www.wikidata.org/wiki/Q1094#P1086,C_train,science-Q1094-atomic_number_of-paraphrase-v3,paraphrase,v3,S_train,Indium occupies atomic-number position 49.,code/generate_controlled_surface_dataset.py,surface-v2,20260825
science-Q1094-atomic_number_of,science,atomic_number_of,Q1094,indium,literal:http://www.w3.org/2001/XMLSchema#decimal:49,49,chemical_element,integer,Wikidata,wd:Q1094:P1086,https://www.wikidata.org/wiki/Q1094#P1086,C_train,science-Q1094-atomic_number_of-formal-v1,formal,v1,S_test,Element: Indium. Atomic number: 49.,code/generate_controlled_surface_dataset.py,surface-v2,20260825
science-Q1094-atomic_number_of,science,atomic_number_of,Q1094,indium,literal:http://www.w3.org/2001/XMLSchema#decimal:49,49,chemical_element,integer,Wikidata,wd:Q1094:P1086,https://www.wikidata.org/wiki/Q1094#P1086,C_train,science-Q1094-atomic_number_of-formal-v2,formal,v2,S_test,Atomic number — 49; element — Indium.,code/generate_controlled_surface_dataset.py,surface-v2,20260825
science-Q1094-atomic_number_of,science,atomic_number_of,Q1094,indium,literal:http://www.w3.org/2001/XMLSchema#decimal:49,49,chemical_element,integer,Wikidata,wd:Q1094:P1086,https://www.wikidata.org/wiki/Q1094#P1086,C_train,science-Q1094-atomic_number_of-structured-v1,structured,v1,S_test,"{""atomic_number"": ""49"", ""element"": ""Indium""}",code/generate_controlled_surface_dataset.py,surface-v2,20260825
science-Q1100-period_of,science,period_of,Q1100,tellurium,literal:period:5,5,chemical_element,period,Royal Society of Chemistry,rsc:Q1100:period,https://periodic-table.rsc.org/element/52/tellurium,C_train,science-Q1100-period_of-declarative-v1,declarative,v1,S_train,Tellurium is in period 5 of the periodic table.,code/generate_controlled_surface_dataset.py,surface-v2,20260825
science-Q1100-period_of,science,period_of,Q1100,tellurium,literal:period:5,5,chemical_element,period,Royal Society of Chemistry,rsc:Q1100:period,https://periodic-table.rsc.org/element/52/tellurium,C_train,science-Q1100-period_of-declarative-v2,declarative,v2,S_train,Tellurium belongs to period 5 on the periodic table.,code/generate_controlled_surface_dataset.py,surface-v2,20260825
science-Q1100-period_of,science,period_of,Q1100,tellurium,literal:period:5,5,chemical_element,period,Royal Society of Chemistry,rsc:Q1100:period,https://periodic-table.rsc.org/element/52/tellurium,C_train,science-Q1100-period_of-declarative-v3,declarative,v3,S_train,Period 5 of the periodic table contains Tellurium.,code/generate_controlled_surface_dataset.py,surface-v2,20260825
science-Q1100-period_of,science,period_of,Q1100,tellurium,literal:period:5,5,chemical_element,period,Royal Society of Chemistry,rsc:Q1100:period,https://periodic-table.rsc.org/element/52/tellurium,C_train,science-Q1100-period_of-question-v1,question,v1,S_train,Which period contains Tellurium on the periodic table? 5.,code/generate_controlled_surface_dataset.py,surface-v2,20260825
science-Q1100-period_of,science,period_of,Q1100,tellurium,literal:period:5,5,chemical_element,period,Royal Society of Chemistry,rsc:Q1100:period,https://periodic-table.rsc.org/element/52/tellurium,C_train,science-Q1100-period_of-question-v2,question,v2,S_train,What periodic-table period is Tellurium in? 5.,code/generate_controlled_surface_dataset.py,surface-v2,20260825
science-Q1100-period_of,science,period_of,Q1100,tellurium,literal:period:5,5,chemical_element,period,Royal Society of Chemistry,rsc:Q1100:period,https://periodic-table.rsc.org/element/52/tellurium,C_train,science-Q1100-period_of-question-v3,question,v3,S_train,Tellurium appears in which period? 5.,code/generate_controlled_surface_dataset.py,surface-v2,20260825
science-Q1100-period_of,science,period_of,Q1100,tellurium,literal:period:5,5,chemical_element,period,Royal Society of Chemistry,rsc:Q1100:period,https://periodic-table.rsc.org/element/52/tellurium,C_train,science-Q1100-period_of-paraphrase-v1,paraphrase,v1,S_train,"On the periodic table, Tellurium appears in row 5.",code/generate_controlled_surface_dataset.py,surface-v2,20260825
science-Q1100-period_of,science,period_of,Q1100,tellurium,literal:period:5,5,chemical_element,period,Royal Society of Chemistry,rsc:Q1100:period,https://periodic-table.rsc.org/element/52/tellurium,C_train,science-Q1100-period_of-paraphrase-v2,paraphrase,v2,S_train,The periodic-table row for Tellurium is 5.,code/generate_controlled_surface_dataset.py,surface-v2,20260825
science-Q1100-period_of,science,period_of,Q1100,tellurium,literal:period:5,5,chemical_element,period,Royal Society of Chemistry,rsc:Q1100:period,https://periodic-table.rsc.org/element/52/tellurium,C_train,science-Q1100-period_of-paraphrase-v3,paraphrase,v3,S_train,Tellurium is placed on row 5 of the periodic table.,code/generate_controlled_surface_dataset.py,surface-v2,20260825
science-Q1100-period_of,science,period_of,Q1100,tellurium,literal:period:5,5,chemical_element,period,Royal Society of Chemistry,rsc:Q1100:period,https://periodic-table.rsc.org/element/52/tellurium,C_train,science-Q1100-period_of-formal-v1,formal,v1,S_test,Element: Tellurium. Period: 5.,code/generate_controlled_surface_dataset.py,surface-v2,20260825
science-Q1100-period_of,science,period_of,Q1100,tellurium,literal:period:5,5,chemical_element,period,Royal Society of Chemistry,rsc:Q1100:period,https://periodic-table.rsc.org/element/52/tellurium,C_train,science-Q1100-period_of-formal-v2,formal,v2,S_test,Period — 5; element — Tellurium.,code/generate_controlled_surface_dataset.py,surface-v2,20260825
science-Q1100-period_of,science,period_of,Q1100,tellurium,literal:period:5,5,chemical_element,period,Royal Society of Chemistry,rsc:Q1100:period,https://periodic-table.rsc.org/element/52/tellurium,C_train,science-Q1100-period_of-structured-v1,structured,v1,S_test,"{""element"": ""Tellurium"", ""period"": ""5""}",code/generate_controlled_surface_dataset.py,surface-v2,20260825
science-Q1109-chemical_symbol_of,science,chemical_symbol_of,Q1109,protactinium,literal:string:Pa,Pa,chemical_element,chemical_symbol,Wikidata,wd:Q1109:P246,https://www.wikidata.org/wiki/Q1109#P246,C_train,science-Q1109-chemical_symbol_of-declarative-v1,declarative,v1,S_train,The chemical symbol for Protactinium is Pa.,code/generate_controlled_surface_dataset.py,surface-v2,20260825
science-Q1109-chemical_symbol_of,science,chemical_symbol_of,Q1109,protactinium,literal:string:Pa,Pa,chemical_element,chemical_symbol,Wikidata,wd:Q1109:P246,https://www.wikidata.org/wiki/Q1109#P246,C_train,science-Q1109-chemical_symbol_of-declarative-v2,declarative,v2,S_train,Protactinium's chemical symbol is Pa.,code/generate_controlled_surface_dataset.py,surface-v2,20260825
science-Q1109-chemical_symbol_of,science,chemical_symbol_of,Q1109,protactinium,literal:string:Pa,Pa,chemical_element,chemical_symbol,Wikidata,wd:Q1109:P246,https://www.wikidata.org/wiki/Q1109#P246,C_train,science-Q1109-chemical_symbol_of-declarative-v3,declarative,v3,S_train,Pa is the chemical symbol of Protactinium.,code/generate_controlled_surface_dataset.py,surface-v2,20260825
science-Q1109-chemical_symbol_of,science,chemical_symbol_of,Q1109,protactinium,literal:string:Pa,Pa,chemical_element,chemical_symbol,Wikidata,wd:Q1109:P246,https://www.wikidata.org/wiki/Q1109#P246,C_train,science-Q1109-chemical_symbol_of-question-v1,question,v1,S_train,What is the chemical symbol for Protactinium? Pa.,code/generate_controlled_surface_dataset.py,surface-v2,20260825
science-Q1109-chemical_symbol_of,science,chemical_symbol_of,Q1109,protactinium,literal:string:Pa,Pa,chemical_element,chemical_symbol,Wikidata,wd:Q1109:P246,https://www.wikidata.org/wiki/Q1109#P246,C_train,science-Q1109-chemical_symbol_of-question-v2,question,v2,S_train,Which symbol represents Protactinium? Pa.,code/generate_controlled_surface_dataset.py,surface-v2,20260825
science-Q1109-chemical_symbol_of,science,chemical_symbol_of,Q1109,protactinium,literal:string:Pa,Pa,chemical_element,chemical_symbol,Wikidata,wd:Q1109:P246,https://www.wikidata.org/wiki/Q1109#P246,C_train,science-Q1109-chemical_symbol_of-question-v3,question,v3,S_train,Protactinium is represented by which symbol? Pa.,code/generate_controlled_surface_dataset.py,surface-v2,20260825
science-Q1109-chemical_symbol_of,science,chemical_symbol_of,Q1109,protactinium,literal:string:Pa,Pa,chemical_element,chemical_symbol,Wikidata,wd:Q1109:P246,https://www.wikidata.org/wiki/Q1109#P246,C_train,science-Q1109-chemical_symbol_of-paraphrase-v1,paraphrase,v1,S_train,Protactinium is written as Pa on the periodic table.,code/generate_controlled_surface_dataset.py,surface-v2,20260825
science-Q1109-chemical_symbol_of,science,chemical_symbol_of,Q1109,protactinium,literal:string:Pa,Pa,chemical_element,chemical_symbol,Wikidata,wd:Q1109:P246,https://www.wikidata.org/wiki/Q1109#P246,C_train,science-Q1109-chemical_symbol_of-paraphrase-v2,paraphrase,v2,S_train,"On the periodic table, Pa denotes Protactinium.",code/generate_controlled_surface_dataset.py,surface-v2,20260825
science-Q1109-chemical_symbol_of,science,chemical_symbol_of,Q1109,protactinium,literal:string:Pa,Pa,chemical_element,chemical_symbol,Wikidata,wd:Q1109:P246,https://www.wikidata.org/wiki/Q1109#P246,C_train,science-Q1109-chemical_symbol_of-paraphrase-v3,paraphrase,v3,S_train,The notation Pa stands for Protactinium.,code/generate_controlled_surface_dataset.py,surface-v2,20260825
science-Q1109-chemical_symbol_of,science,chemical_symbol_of,Q1109,protactinium,literal:string:Pa,Pa,chemical_element,chemical_symbol,Wikidata,wd:Q1109:P246,https://www.wikidata.org/wiki/Q1109#P246,C_train,science-Q1109-chemical_symbol_of-formal-v1,formal,v1,S_test,Element: Protactinium. Symbol: Pa.,code/generate_controlled_surface_dataset.py,surface-v2,20260825
science-Q1109-chemical_symbol_of,science,chemical_symbol_of,Q1109,protactinium,literal:string:Pa,Pa,chemical_element,chemical_symbol,Wikidata,wd:Q1109:P246,https://www.wikidata.org/wiki/Q1109#P246,C_train,science-Q1109-chemical_symbol_of-formal-v2,formal,v2,S_test,Symbol — Pa; element — Protactinium.,code/generate_controlled_surface_dataset.py,surface-v2,20260825
science-Q1109-chemical_symbol_of,science,chemical_symbol_of,Q1109,protactinium,literal:string:Pa,Pa,chemical_element,chemical_symbol,Wikidata,wd:Q1109:P246,https://www.wikidata.org/wiki/Q1109#P246,C_train,science-Q1109-chemical_symbol_of-structured-v1,structured,v1,S_test,"{""element"": ""Protactinium"", ""symbol"": ""Pa""}",code/generate_controlled_surface_dataset.py,surface-v2,20260825
science-Q1121-atomic_number_of,science,atomic_number_of,Q1121,actinium,literal:http://www.w3.org/2001/XMLSchema#decimal:89,89,chemical_element,integer,Wikidata,wd:Q1121:P1086,https://www.wikidata.org/wiki/Q1121#P1086,C_train,science-Q1121-atomic_number_of-declarative-v1,declarative,v1,S_train,Actinium has atomic number 89.,code/generate_controlled_surface_dataset.py,surface-v2,20260825
science-Q1121-atomic_number_of,science,atomic_number_of,Q1121,actinium,literal:http://www.w3.org/2001/XMLSchema#decimal:89,89,chemical_element,integer,Wikidata,wd:Q1121:P1086,https://www.wikidata.org/wiki/Q1121#P1086,C_train,science-Q1121-atomic_number_of-declarative-v2,declarative,v2,S_train,Actinium is assigned atomic number 89.,code/generate_controlled_surface_dataset.py,surface-v2,20260825
science-Q1121-atomic_number_of,science,atomic_number_of,Q1121,actinium,literal:http://www.w3.org/2001/XMLSchema#decimal:89,89,chemical_element,integer,Wikidata,wd:Q1121:P1086,https://www.wikidata.org/wiki/Q1121#P1086,C_train,science-Q1121-atomic_number_of-declarative-v3,declarative,v3,S_train,The atomic number associated with Actinium is 89.,code/generate_controlled_surface_dataset.py,surface-v2,20260825
science-Q1121-atomic_number_of,science,atomic_number_of,Q1121,actinium,literal:http://www.w3.org/2001/XMLSchema#decimal:89,89,chemical_element,integer,Wikidata,wd:Q1121:P1086,https://www.wikidata.org/wiki/Q1121#P1086,C_train,science-Q1121-atomic_number_of-question-v1,question,v1,S_train,What is the atomic number of Actinium? 89.,code/generate_controlled_surface_dataset.py,surface-v2,20260825
science-Q1121-atomic_number_of,science,atomic_number_of,Q1121,actinium,literal:http://www.w3.org/2001/XMLSchema#decimal:89,89,chemical_element,integer,Wikidata,wd:Q1121:P1086,https://www.wikidata.org/wiki/Q1121#P1086,C_train,science-Q1121-atomic_number_of-question-v2,question,v2,S_train,Which atomic number belongs to Actinium? 89.,code/generate_controlled_surface_dataset.py,surface-v2,20260825
science-Q1121-atomic_number_of,science,atomic_number_of,Q1121,actinium,literal:http://www.w3.org/2001/XMLSchema#decimal:89,89,chemical_element,integer,Wikidata,wd:Q1121:P1086,https://www.wikidata.org/wiki/Q1121#P1086,C_train,science-Q1121-atomic_number_of-question-v3,question,v3,S_train,Actinium has what atomic number? 89.,code/generate_controlled_surface_dataset.py,surface-v2,20260825
science-Q1121-atomic_number_of,science,atomic_number_of,Q1121,actinium,literal:http://www.w3.org/2001/XMLSchema#decimal:89,89,chemical_element,integer,Wikidata,wd:Q1121:P1086,https://www.wikidata.org/wiki/Q1121#P1086,C_train,science-Q1121-atomic_number_of-paraphrase-v1,paraphrase,v1,S_train,An atom of Actinium contains 89 protons.,code/generate_controlled_surface_dataset.py,surface-v2,20260825
science-Q1121-atomic_number_of,science,atomic_number_of,Q1121,actinium,literal:http://www.w3.org/2001/XMLSchema#decimal:89,89,chemical_element,integer,Wikidata,wd:Q1121:P1086,https://www.wikidata.org/wiki/Q1121#P1086,C_train,science-Q1121-atomic_number_of-paraphrase-v2,paraphrase,v2,S_train,89 is the atomic number assigned to Actinium.,code/generate_controlled_surface_dataset.py,surface-v2,20260825
science-Q1121-atomic_number_of,science,atomic_number_of,Q1121,actinium,literal:http://www.w3.org/2001/XMLSchema#decimal:89,89,chemical_element,integer,Wikidata,wd:Q1121:P1086,https://www.wikidata.org/wiki/Q1121#P1086,C_train,science-Q1121-atomic_number_of-paraphrase-v3,paraphrase,v3,S_train,Actinium occupies atomic-number position 89.,code/generate_controlled_surface_dataset.py,surface-v2,20260825
science-Q1121-atomic_number_of,science,atomic_number_of,Q1121,actinium,literal:http://www.w3.org/2001/XMLSchema#decimal:89,89,chemical_element,integer,Wikidata,wd:Q1121:P1086,https://www.wikidata.org/wiki/Q1121#P1086,C_train,science-Q1121-atomic_number_of-formal-v1,formal,v1,S_test,Element: Actinium. Atomic number: 89.,code/generate_controlled_surface_dataset.py,surface-v2,20260825
science-Q1121-atomic_number_of,science,atomic_number_of,Q1121,actinium,literal:http://www.w3.org/2001/XMLSchema#decimal:89,89,chemical_element,integer,Wikidata,wd:Q1121:P1086,https://www.wikidata.org/wiki/Q1121#P1086,C_train,science-Q1121-atomic_number_of-formal-v2,formal,v2,S_test,Atomic number — 89; element — Actinium.,code/generate_controlled_surface_dataset.py,surface-v2,20260825
science-Q1121-atomic_number_of,science,atomic_number_of,Q1121,actinium,literal:http://www.w3.org/2001/XMLSchema#decimal:89,89,chemical_element,integer,Wikidata,wd:Q1121:P1086,https://www.wikidata.org/wiki/Q1121#P1086,C_train,science-Q1121-atomic_number_of-structured-v1,structured,v1,S_test,"{""atomic_number"": ""89"", ""element"": ""Actinium""}",code/generate_controlled_surface_dataset.py,surface-v2,20260825
science-Q1234-period_of,science,period_of,Q1234,seaborgium,literal:period:7,7,chemical_element,period,Royal Society of Chemistry,rsc:Q1234:period,https://periodic-table.rsc.org/element/106/seaborgium,C_train,science-Q1234-period_of-declarative-v1,declarative,v1,S_train,Seaborgium is in period 7 of the periodic table.,code/generate_controlled_surface_dataset.py,surface-v2,20260825
science-Q1234-period_of,science,period_of,Q1234,seaborgium,literal:period:7,7,chemical_element,period,Royal Society of Chemistry,rsc:Q1234:period,https://periodic-table.rsc.org/element/106/seaborgium,C_train,science-Q1234-period_of-declarative-v2,declarative,v2,S_train,Seaborgium belongs to period 7 on the periodic table.,code/generate_controlled_surface_dataset.py,surface-v2,20260825
science-Q1234-period_of,science,period_of,Q1234,seaborgium,literal:period:7,7,chemical_element,period,Royal Society of Chemistry,rsc:Q1234:period,https://periodic-table.rsc.org/element/106/seaborgium,C_train,science-Q1234-period_of-declarative-v3,declarative,v3,S_train,Period 7 of the periodic table contains Seaborgium.,code/generate_controlled_surface_dataset.py,surface-v2,20260825
science-Q1234-period_of,science,period_of,Q1234,seaborgium,literal:period:7,7,chemical_element,period,Royal Society of Chemistry,rsc:Q1234:period,https://periodic-table.rsc.org/element/106/seaborgium,C_train,science-Q1234-period_of-question-v1,question,v1,S_train,Which period contains Seaborgium on the periodic table? 7.,code/generate_controlled_surface_dataset.py,surface-v2,20260825
science-Q1234-period_of,science,period_of,Q1234,seaborgium,literal:period:7,7,chemical_element,period,Royal Society of Chemistry,rsc:Q1234:period,https://periodic-table.rsc.org/element/106/seaborgium,C_train,science-Q1234-period_of-question-v2,question,v2,S_train,What periodic-table period is Seaborgium in? 7.,code/generate_controlled_surface_dataset.py,surface-v2,20260825
science-Q1234-period_of,science,period_of,Q1234,seaborgium,literal:period:7,7,chemical_element,period,Royal Society of Chemistry,rsc:Q1234:period,https://periodic-table.rsc.org/element/106/seaborgium,C_train,science-Q1234-period_of-question-v3,question,v3,S_train,Seaborgium appears in which period? 7.,code/generate_controlled_surface_dataset.py,surface-v2,20260825
science-Q1234-period_of,science,period_of,Q1234,seaborgium,literal:period:7,7,chemical_element,period,Royal Society of Chemistry,rsc:Q1234:period,https://periodic-table.rsc.org/element/106/seaborgium,C_train,science-Q1234-period_of-paraphrase-v1,paraphrase,v1,S_train,"On the periodic table, Seaborgium appears in row 7.",code/generate_controlled_surface_dataset.py,surface-v2,20260825
science-Q1234-period_of,science,period_of,Q1234,seaborgium,literal:period:7,7,chemical_element,period,Royal Society of Chemistry,rsc:Q1234:period,https://periodic-table.rsc.org/element/106/seaborgium,C_train,science-Q1234-period_of-paraphrase-v2,paraphrase,v2,S_train,The periodic-table row for Seaborgium is 7.,code/generate_controlled_surface_dataset.py,surface-v2,20260825
science-Q1234-period_of,science,period_of,Q1234,seaborgium,literal:period:7,7,chemical_element,period,Royal Society of Chemistry,rsc:Q1234:period,https://periodic-table.rsc.org/element/106/seaborgium,C_train,science-Q1234-period_of-paraphrase-v3,paraphrase,v3,S_train,Seaborgium is placed on row 7 of the periodic table.,code/generate_controlled_surface_dataset.py,surface-v2,20260825
science-Q1234-period_of,science,period_of,Q1234,seaborgium,literal:period:7,7,chemical_element,period,Royal Society of Chemistry,rsc:Q1234:period,https://periodic-table.rsc.org/element/106/seaborgium,C_train,science-Q1234-period_of-formal-v1,formal,v1,S_test,Element: Seaborgium. Period: 7.,code/generate_controlled_surface_dataset.py,surface-v2,20260825
science-Q1234-period_of,science,period_of,Q1234,seaborgium,literal:period:7,7,chemical_element,period,Royal Society of Chemistry,rsc:Q1234:period,https://periodic-table.rsc.org/element/106/seaborgium,C_train,science-Q1234-period_of-formal-v2,formal,v2,S_test,Period — 7; element — Seaborgium.,code/generate_controlled_surface_dataset.py,surface-v2,20260825
science-Q1234-period_of,science,period_of,Q1234,seaborgium,literal:period:7,7,chemical_element,period,Royal Society of Chemistry,rsc:Q1234:period,https://periodic-table.rsc.org/element/106/seaborgium,C_train,science-Q1234-period_of-structured-v1,structured,v1,S_test,"{""element"": ""Seaborgium"", ""period"": ""7""}",code/generate_controlled_surface_dataset.py,surface-v2,20260825
science-Q1249-chemical_symbol_of,science,chemical_symbol_of,Q1249,bohrium,literal:string:Bh,Bh,chemical_element,chemical_symbol,Wikidata,wd:Q1249:P246,https://www.wikidata.org/wiki/Q1249#P246,C_train,science-Q1249-chemical_symbol_of-declarative-v1,declarative,v1,S_train,The chemical symbol for Bohrium is Bh.,code/generate_controlled_surface_dataset.py,surface-v2,20260825
science-Q1249-chemical_symbol_of,science,chemical_symbol_of,Q1249,bohrium,literal:string:Bh,Bh,chemical_element,chemical_symbol,Wikidata,wd:Q1249:P246,https://www.wikidata.org/wiki/Q1249#P246,C_train,science-Q1249-chemical_symbol_of-declarative-v2,declarative,v2,S_train,Bohrium's chemical symbol is Bh.,code/generate_controlled_surface_dataset.py,surface-v2,20260825
science-Q1249-chemical_symbol_of,science,chemical_symbol_of,Q1249,bohrium,literal:string:Bh,Bh,chemical_element,chemical_symbol,Wikidata,wd:Q1249:P246,https://www.wikidata.org/wiki/Q1249#P246,C_train,science-Q1249-chemical_symbol_of-declarative-v3,declarative,v3,S_train,Bh is the chemical symbol of Bohrium.,code/generate_controlled_surface_dataset.py,surface-v2,20260825
science-Q1249-chemical_symbol_of,science,chemical_symbol_of,Q1249,bohrium,literal:string:Bh,Bh,chemical_element,chemical_symbol,Wikidata,wd:Q1249:P246,https://www.wikidata.org/wiki/Q1249#P246,C_train,science-Q1249-chemical_symbol_of-question-v1,question,v1,S_train,What is the chemical symbol for Bohrium? Bh.,code/generate_controlled_surface_dataset.py,surface-v2,20260825
science-Q1249-chemical_symbol_of,science,chemical_symbol_of,Q1249,bohrium,literal:string:Bh,Bh,chemical_element,chemical_symbol,Wikidata,wd:Q1249:P246,https://www.wikidata.org/wiki/Q1249#P246,C_train,science-Q1249-chemical_symbol_of-question-v2,question,v2,S_train,Which symbol represents Bohrium? Bh.,code/generate_controlled_surface_dataset.py,surface-v2,20260825
science-Q1249-chemical_symbol_of,science,chemical_symbol_of,Q1249,bohrium,literal:string:Bh,Bh,chemical_element,chemical_symbol,Wikidata,wd:Q1249:P246,https://www.wikidata.org/wiki/Q1249#P246,C_train,science-Q1249-chemical_symbol_of-question-v3,question,v3,S_train,Bohrium is represented by which symbol? Bh.,code/generate_controlled_surface_dataset.py,surface-v2,20260825
science-Q1249-chemical_symbol_of,science,chemical_symbol_of,Q1249,bohrium,literal:string:Bh,Bh,chemical_element,chemical_symbol,Wikidata,wd:Q1249:P246,https://www.wikidata.org/wiki/Q1249#P246,C_train,science-Q1249-chemical_symbol_of-paraphrase-v1,paraphrase,v1,S_train,Bohrium is written as Bh on the periodic table.,code/generate_controlled_surface_dataset.py,surface-v2,20260825
science-Q1249-chemical_symbol_of,science,chemical_symbol_of,Q1249,bohrium,literal:string:Bh,Bh,chemical_element,chemical_symbol,Wikidata,wd:Q1249:P246,https://www.wikidata.org/wiki/Q1249#P246,C_train,science-Q1249-chemical_symbol_of-paraphrase-v2,paraphrase,v2,S_train,"On the periodic table, Bh denotes Bohrium.",code/generate_controlled_surface_dataset.py,surface-v2,20260825
science-Q1249-chemical_symbol_of,science,chemical_symbol_of,Q1249,bohrium,literal:string:Bh,Bh,chemical_element,chemical_symbol,Wikidata,wd:Q1249:P246,https://www.wikidata.org/wiki/Q1249#P246,C_train,science-Q1249-chemical_symbol_of-paraphrase-v3,paraphrase,v3,S_train,The notation Bh stands for Bohrium.,code/generate_controlled_surface_dataset.py,surface-v2,20260825
science-Q1249-chemical_symbol_of,science,chemical_symbol_of,Q1249,bohrium,literal:string:Bh,Bh,chemical_element,chemical_symbol,Wikidata,wd:Q1249:P246,https://www.wikidata.org/wiki/Q1249#P246,C_train,science-Q1249-chemical_symbol_of-formal-v1,formal,v1,S_test,Element: Bohrium. Symbol: Bh.,code/generate_controlled_surface_dataset.py,surface-v2,20260825
science-Q1249-chemical_symbol_of,science,chemical_symbol_of,Q1249,bohrium,literal:string:Bh,Bh,chemical_element,chemical_symbol,Wikidata,wd:Q1249:P246,https://www.wikidata.org/wiki/Q1249#P246,C_train,science-Q1249-chemical_symbol_of-formal-v2,formal,v2,S_test,Symbol — Bh; element — Bohrium.,code/generate_controlled_surface_dataset.py,surface-v2,20260825
science-Q1249-chemical_symbol_of,science,chemical_symbol_of,Q1249,bohrium,literal:string:Bh,Bh,chemical_element,chemical_symbol,Wikidata,wd:Q1249:P246,https://www.wikidata.org/wiki/Q1249#P246,C_train,science-Q1249-chemical_symbol_of-structured-v1,structured,v1,S_test,"{""element"": ""Bohrium"", ""symbol"": ""Bh""}",code/generate_controlled_surface_dataset.py,surface-v2,20260825
science-Q1272-atomic_number_of,science,atomic_number_of,Q1272,roentgenium,literal:http://www.w3.org/2001/XMLSchema#decimal:111,111,chemical_element,integer,Wikidata,wd:Q1272:P1086,https://www.wikidata.org/wiki/Q1272#P1086,C_train,science-Q1272-atomic_number_of-declarative-v1,declarative,v1,S_train,Roentgenium has atomic number 111.,code/generate_controlled_surface_dataset.py,surface-v2,20260825
science-Q1272-atomic_number_of,science,atomic_number_of,Q1272,roentgenium,literal:http://www.w3.org/2001/XMLSchema#decimal:111,111,chemical_element,integer,Wikidata,wd:Q1272:P1086,https://www.wikidata.org/wiki/Q1272#P1086,C_train,science-Q1272-atomic_number_of-declarative-v2,declarative,v2,S_train,Roentgenium is assigned atomic number 111.,code/generate_controlled_surface_dataset.py,surface-v2,20260825
science-Q1272-atomic_number_of,science,atomic_number_of,Q1272,roentgenium,literal:http://www.w3.org/2001/XMLSchema#decimal:111,111,chemical_element,integer,Wikidata,wd:Q1272:P1086,https://www.wikidata.org/wiki/Q1272#P1086,C_train,science-Q1272-atomic_number_of-declarative-v3,declarative,v3,S_train,The atomic number associated with Roentgenium is 111.,code/generate_controlled_surface_dataset.py,surface-v2,20260825
science-Q1272-atomic_number_of,science,atomic_number_of,Q1272,roentgenium,literal:http://www.w3.org/2001/XMLSchema#decimal:111,111,chemical_element,integer,Wikidata,wd:Q1272:P1086,https://www.wikidata.org/wiki/Q1272#P1086,C_train,science-Q1272-atomic_number_of-question-v1,question,v1,S_train,What is the atomic number of Roentgenium? 111.,code/generate_controlled_surface_dataset.py,surface-v2,20260825
science-Q1272-atomic_number_of,science,atomic_number_of,Q1272,roentgenium,literal:http://www.w3.org/2001/XMLSchema#decimal:111,111,chemical_element,integer,Wikidata,wd:Q1272:P1086,https://www.wikidata.org/wiki/Q1272#P1086,C_train,science-Q1272-atomic_number_of-question-v2,question,v2,S_train,Which atomic number belongs to Roentgenium? 111.,code/generate_controlled_surface_dataset.py,surface-v2,20260825
science-Q1272-atomic_number_of,science,atomic_number_of,Q1272,roentgenium,literal:http://www.w3.org/2001/XMLSchema#decimal:111,111,chemical_element,integer,Wikidata,wd:Q1272:P1086,https://www.wikidata.org/wiki/Q1272#P1086,C_train,science-Q1272-atomic_number_of-question-v3,question,v3,S_train,Roentgenium has what atomic number? 111.,code/generate_controlled_surface_dataset.py,surface-v2,20260825
science-Q1272-atomic_number_of,science,atomic_number_of,Q1272,roentgenium,literal:http://www.w3.org/2001/XMLSchema#decimal:111,111,chemical_element,integer,Wikidata,wd:Q1272:P1086,https://www.wikidata.org/wiki/Q1272#P1086,C_train,science-Q1272-atomic_number_of-paraphrase-v1,paraphrase,v1,S_train,An atom of Roentgenium contains 111 protons.,code/generate_controlled_surface_dataset.py,surface-v2,20260825
science-Q1272-atomic_number_of,science,atomic_number_of,Q1272,roentgenium,literal:http://www.w3.org/2001/XMLSchema#decimal:111,111,chemical_element,integer,Wikidata,wd:Q1272:P1086,https://www.wikidata.org/wiki/Q1272#P1086,C_train,science-Q1272-atomic_number_of-paraphrase-v2,paraphrase,v2,S_train,111 is the atomic number assigned to Roentgenium.,code/generate_controlled_surface_dataset.py,surface-v2,20260825
science-Q1272-atomic_number_of,science,atomic_number_of,Q1272,roentgenium,literal:http://www.w3.org/2001/XMLSchema#decimal:111,111,chemical_element,integer,Wikidata,wd:Q1272:P1086,https://www.wikidata.org/wiki/Q1272#P1086,C_train,science-Q1272-atomic_number_of-paraphrase-v3,paraphrase,v3,S_train,Roentgenium occupies atomic-number position 111.,code/generate_controlled_surface_dataset.py,surface-v2,20260825
science-Q1272-atomic_number_of,science,atomic_number_of,Q1272,roentgenium,literal:http://www.w3.org/2001/XMLSchema#decimal:111,111,chemical_element,integer,Wikidata,wd:Q1272:P1086,https://www.wikidata.org/wiki/Q1272#P1086,C_train,science-Q1272-atomic_number_of-formal-v1,formal,v1,S_test,Element: Roentgenium. Atomic number: 111.,code/generate_controlled_surface_dataset.py,surface-v2,20260825
science-Q1272-atomic_number_of,science,atomic_number_of,Q1272,roentgenium,literal:http://www.w3.org/2001/XMLSchema#decimal:111,111,chemical_element,integer,Wikidata,wd:Q1272:P1086,https://www.wikidata.org/wiki/Q1272#P1086,C_train,science-Q1272-atomic_number_of-formal-v2,formal,v2,S_test,Atomic number — 111; element — Roentgenium.,code/generate_controlled_surface_dataset.py,surface-v2,20260825
science-Q1272-atomic_number_of,science,atomic_number_of,Q1272,roentgenium,literal:http://www.w3.org/2001/XMLSchema#decimal:111,111,chemical_element,integer,Wikidata,wd:Q1272:P1086,https://www.wikidata.org/wiki/Q1272#P1086,C_train,science-Q1272-atomic_number_of-structured-v1,structured,v1,S_test,"{""atomic_number"": ""111"", ""element"": ""Roentgenium""}",code/generate_controlled_surface_dataset.py,surface-v2,20260825
science-Q1386-atomic_number_of,science,atomic_number_of,Q1386,praseodymium,literal:http://www.w3.org/2001/XMLSchema#decimal:59,59,chemical_element,integer,Wikidata,wd:Q1386:P1086,https://www.wikidata.org/wiki/Q1386#P1086,C_train,science-Q1386-atomic_number_of-declarative-v1,declarative,v1,S_train,Praseodymium has atomic number 59.,code/generate_controlled_surface_dataset.py,surface-v2,20260825
science-Q1386-atomic_number_of,science,atomic_number_of,Q1386,praseodymium,literal:http://www.w3.org/2001/XMLSchema#decimal:59,59,chemical_element,integer,Wikidata,wd:Q1386:P1086,https://www.wikidata.org/wiki/Q1386#P1086,C_train,science-Q1386-atomic_number_of-declarative-v2,declarative,v2,S_train,Praseodymium is assigned atomic number 59.,code/generate_controlled_surface_dataset.py,surface-v2,20260825
science-Q1386-atomic_number_of,science,atomic_number_of,Q1386,praseodymium,literal:http://www.w3.org/2001/XMLSchema#decimal:59,59,chemical_element,integer,Wikidata,wd:Q1386:P1086,https://www.wikidata.org/wiki/Q1386#P1086,C_train,science-Q1386-atomic_number_of-declarative-v3,declarative,v3,S_train,The atomic number associated with Praseodymium is 59.,code/generate_controlled_surface_dataset.py,surface-v2,20260825
science-Q1386-atomic_number_of,science,atomic_number_of,Q1386,praseodymium,literal:http://www.w3.org/2001/XMLSchema#decimal:59,59,chemical_element,integer,Wikidata,wd:Q1386:P1086,https://www.wikidata.org/wiki/Q1386#P1086,C_train,science-Q1386-atomic_number_of-question-v1,question,v1,S_train,What is the atomic number of Praseodymium? 59.,code/generate_controlled_surface_dataset.py,surface-v2,20260825
science-Q1386-atomic_number_of,science,atomic_number_of,Q1386,praseodymium,literal:http://www.w3.org/2001/XMLSchema#decimal:59,59,chemical_element,integer,Wikidata,wd:Q1386:P1086,https://www.wikidata.org/wiki/Q1386#P1086,C_train,science-Q1386-atomic_number_of-question-v2,question,v2,S_train,Which atomic number belongs to Praseodymium? 59.,code/generate_controlled_surface_dataset.py,surface-v2,20260825
science-Q1386-atomic_number_of,science,atomic_number_of,Q1386,praseodymium,literal:http://www.w3.org/2001/XMLSchema#decimal:59,59,chemical_element,integer,Wikidata,wd:Q1386:P1086,https://www.wikidata.org/wiki/Q1386#P1086,C_train,science-Q1386-atomic_number_of-question-v3,question,v3,S_train,Praseodymium has what atomic number? 59.,code/generate_controlled_surface_dataset.py,surface-v2,20260825
science-Q1386-atomic_number_of,science,atomic_number_of,Q1386,praseodymium,literal:http://www.w3.org/2001/XMLSchema#decimal:59,59,chemical_element,integer,Wikidata,wd:Q1386:P1086,https://www.wikidata.org/wiki/Q1386#P1086,C_train,science-Q1386-atomic_number_of-paraphrase-v1,paraphrase,v1,S_train,An atom of Praseodymium contains 59 protons.,code/generate_controlled_surface_dataset.py,surface-v2,20260825
science-Q1386-atomic_number_of,science,atomic_number_of,Q1386,praseodymium,literal:http://www.w3.org/2001/XMLSchema#decimal:59,59,chemical_element,integer,Wikidata,wd:Q1386:P1086,https://www.wikidata.org/wiki/Q1386#P1086,C_train,science-Q1386-atomic_number_of-paraphrase-v2,paraphrase,v2,S_train,59 is the atomic number assigned to Praseodymium.,code/generate_controlled_surface_dataset.py,surface-v2,20260825
science-Q1386-atomic_number_of,science,atomic_number_of,Q1386,praseodymium,literal:http://www.w3.org/2001/XMLSchema#decimal:59,59,chemical_element,integer,Wikidata,wd:Q1386:P1086,https://www.wikidata.org/wiki/Q1386#P1086,C_train,science-Q1386-atomic_number_of-paraphrase-v3,paraphrase,v3,S_train,Praseodymium occupies atomic-number position 59.,code/generate_controlled_surface_dataset.py,surface-v2,20260825
science-Q1386-atomic_number_of,science,atomic_number_of,Q1386,praseodymium,literal:http://www.w3.org/2001/XMLSchema#decimal:59,59,chemical_element,integer,Wikidata,wd:Q1386:P1086,https://www.wikidata.org/wiki/Q1386#P1086,C_train,science-Q1386-atomic_number_of-formal-v1,formal,v1,S_test,Element: Praseodymium. Atomic number: 59.,code/generate_controlled_surface_dataset.py,surface-v2,20260825
science-Q1386-atomic_number_of,science,atomic_number_of,Q1386,praseodymium,literal:http://www.w3.org/2001/XMLSchema#decimal:59,59,chemical_element,integer,Wikidata,wd:Q1386:P1086,https://www.wikidata.org/wiki/Q1386#P1086,C_train,science-Q1386-atomic_number_of-formal-v2,formal,v2,S_test,Atomic number — 59; element — Praseodymium.,code/generate_controlled_surface_dataset.py,surface-v2,20260825
science-Q1386-atomic_number_of,science,atomic_number_of,Q1386,praseodymium,literal:http://www.w3.org/2001/XMLSchema#decimal:59,59,chemical_element,integer,Wikidata,wd:Q1386:P1086,https://www.wikidata.org/wiki/Q1386#P1086,C_train,science-Q1386-atomic_number_of-structured-v1,structured,v1,S_test,"{""atomic_number"": ""59"", ""element"": ""Praseodymium""}",code/generate_controlled_surface_dataset.py,surface-v2,20260825
science-Q1846-chemical_symbol_of,science,chemical_symbol_of,Q1846,holmium,literal:string:Ho,Ho,chemical_element,chemical_symbol,Wikidata,wd:Q1846:P246,https://www.wikidata.org/wiki/Q1846#P246,C_train,science-Q1846-chemical_symbol_of-declarative-v1,declarative,v1,S_train,The chemical symbol for Holmium is Ho.,code/generate_controlled_surface_dataset.py,surface-v2,20260825
science-Q1846-chemical_symbol_of,science,chemical_symbol_of,Q1846,holmium,literal:string:Ho,Ho,chemical_element,chemical_symbol,Wikidata,wd:Q1846:P246,https://www.wikidata.org/wiki/Q1846#P246,C_train,science-Q1846-chemical_symbol_of-declarative-v2,declarative,v2,S_train,Holmium's chemical symbol is Ho.,code/generate_controlled_surface_dataset.py,surface-v2,20260825
science-Q1846-chemical_symbol_of,science,chemical_symbol_of,Q1846,holmium,literal:string:Ho,Ho,chemical_element,chemical_symbol,Wikidata,wd:Q1846:P246,https://www.wikidata.org/wiki/Q1846#P246,C_train,science-Q1846-chemical_symbol_of-declarative-v3,declarative,v3,S_train,Ho is the chemical symbol of Holmium.,code/generate_controlled_surface_dataset.py,surface-v2,20260825
science-Q1846-chemical_symbol_of,science,chemical_symbol_of,Q1846,holmium,literal:string:Ho,Ho,chemical_element,chemical_symbol,Wikidata,wd:Q1846:P246,https://www.wikidata.org/wiki/Q1846#P246,C_train,science-Q1846-chemical_symbol_of-question-v1,question,v1,S_train,What is the chemical symbol for Holmium? Ho.,code/generate_controlled_surface_dataset.py,surface-v2,20260825
science-Q1846-chemical_symbol_of,science,chemical_symbol_of,Q1846,holmium,literal:string:Ho,Ho,chemical_element,chemical_symbol,Wikidata,wd:Q1846:P246,https://www.wikidata.org/wiki/Q1846#P246,C_train,science-Q1846-chemical_symbol_of-question-v2,question,v2,S_train,Which symbol represents Holmium? Ho.,code/generate_controlled_surface_dataset.py,surface-v2,20260825
science-Q1846-chemical_symbol_of,science,chemical_symbol_of,Q1846,holmium,literal:string:Ho,Ho,chemical_element,chemical_symbol,Wikidata,wd:Q1846:P246,https://www.wikidata.org/wiki/Q1846#P246,C_train,science-Q1846-chemical_symbol_of-question-v3,question,v3,S_train,Holmium is represented by which symbol? Ho.,code/generate_controlled_surface_dataset.py,surface-v2,20260825
science-Q1846-chemical_symbol_of,science,chemical_symbol_of,Q1846,holmium,literal:string:Ho,Ho,chemical_element,chemical_symbol,Wikidata,wd:Q1846:P246,https://www.wikidata.org/wiki/Q1846#P246,C_train,science-Q1846-chemical_symbol_of-paraphrase-v1,paraphrase,v1,S_train,Holmium is written as Ho on the periodic table.,code/generate_controlled_surface_dataset.py,surface-v2,20260825
science-Q1846-chemical_symbol_of,science,chemical_symbol_of,Q1846,holmium,literal:string:Ho,Ho,chemical_element,chemical_symbol,Wikidata,wd:Q1846:P246,https://www.wikidata.org/wiki/Q1846#P246,C_train,science-Q1846-chemical_symbol_of-paraphrase-v2,paraphrase,v2,S_train,"On the periodic table, Ho denotes Holmium.",code/generate_controlled_surface_dataset.py,surface-v2,20260825
science-Q1846-chemical_symbol_of,science,chemical_symbol_of,Q1846,holmium,literal:string:Ho,Ho,chemical_element,chemical_symbol,Wikidata,wd:Q1846:P246,https://www.wikidata.org/wiki/Q1846#P246,C_train,science-Q1846-chemical_symbol_of-paraphrase-v3,paraphrase,v3,S_train,The notation Ho stands for Holmium.,code/generate_controlled_surface_dataset.py,surface-v2,20260825
science-Q1846-chemical_symbol_of,science,chemical_symbol_of,Q1846,holmium,literal:string:Ho,Ho,chemical_element,chemical_symbol,Wikidata,wd:Q1846:P246,https://www.wikidata.org/wiki/Q1846#P246,C_train,science-Q1846-chemical_symbol_of-formal-v1,formal,v1,S_test,Element: Holmium. Symbol: Ho.,code/generate_controlled_surface_dataset.py,surface-v2,20260825
science-Q1846-chemical_symbol_of,science,chemical_symbol_of,Q1846,holmium,literal:string:Ho,Ho,chemical_element,chemical_symbol,Wikidata,wd:Q1846:P246,https://www.wikidata.org/wiki/Q1846#P246,C_train,science-Q1846-chemical_symbol_of-formal-v2,formal,v2,S_test,Symbol — Ho; element — Holmium.,code/generate_controlled_surface_dataset.py,surface-v2,20260825
science-Q1846-chemical_symbol_of,science,chemical_symbol_of,Q1846,holmium,literal:string:Ho,Ho,chemical_element,chemical_symbol,Wikidata,wd:Q1846:P246,https://www.wikidata.org/wiki/Q1846#P246,C_train,science-Q1846-chemical_symbol_of-structured-v1,structured,v1,S_test,"{""element"": ""Holmium"", ""symbol"": ""Ho""}",code/generate_controlled_surface_dataset.py,surface-v2,20260825
science-Q1853-atomic_number_of,science,atomic_number_of,Q1853,thulium,literal:http://www.w3.org/2001/XMLSchema#decimal:69,69,chemical_element,integer,Wikidata,wd:Q1853:P1086,https://www.wikidata.org/wiki/Q1853#P1086,C_train,science-Q1853-atomic_number_of-declarative-v1,declarative,v1,S_train,Thulium has atomic number 69.,code/generate_controlled_surface_dataset.py,surface-v2,20260825
science-Q1853-atomic_number_of,science,atomic_number_of,Q1853,thulium,literal:http://www.w3.org/2001/XMLSchema#decimal:69,69,chemical_element,integer,Wikidata,wd:Q1853:P1086,https://www.wikidata.org/wiki/Q1853#P1086,C_train,science-Q1853-atomic_number_of-declarative-v2,declarative,v2,S_train,Thulium is assigned atomic number 69.,code/generate_controlled_surface_dataset.py,surface-v2,20260825
science-Q1853-atomic_number_of,science,atomic_number_of,Q1853,thulium,literal:http://www.w3.org/2001/XMLSchema#decimal:69,69,chemical_element,integer,Wikidata,wd:Q1853:P1086,https://www.wikidata.org/wiki/Q1853#P1086,C_train,science-Q1853-atomic_number_of-declarative-v3,declarative,v3,S_train,The atomic number associated with Thulium is 69.,code/generate_controlled_surface_dataset.py,surface-v2,20260825
science-Q1853-atomic_number_of,science,atomic_number_of,Q1853,thulium,literal:http://www.w3.org/2001/XMLSchema#decimal:69,69,chemical_element,integer,Wikidata,wd:Q1853:P1086,https://www.wikidata.org/wiki/Q1853#P1086,C_train,science-Q1853-atomic_number_of-question-v1,question,v1,S_train,What is the atomic number of Thulium? 69.,code/generate_controlled_surface_dataset.py,surface-v2,20260825
science-Q1853-atomic_number_of,science,atomic_number_of,Q1853,thulium,literal:http://www.w3.org/2001/XMLSchema#decimal:69,69,chemical_element,integer,Wikidata,wd:Q1853:P1086,https://www.wikidata.org/wiki/Q1853#P1086,C_train,science-Q1853-atomic_number_of-question-v2,question,v2,S_train,Which atomic number belongs to Thulium? 69.,code/generate_controlled_surface_dataset.py,surface-v2,20260825
science-Q1853-atomic_number_of,science,atomic_number_of,Q1853,thulium,literal:http://www.w3.org/2001/XMLSchema#decimal:69,69,chemical_element,integer,Wikidata,wd:Q1853:P1086,https://www.wikidata.org/wiki/Q1853#P1086,C_train,science-Q1853-atomic_number_of-question-v3,question,v3,S_train,Thulium has what atomic number? 69.,code/generate_controlled_surface_dataset.py,surface-v2,20260825
science-Q1853-atomic_number_of,science,atomic_number_of,Q1853,thulium,literal:http://www.w3.org/2001/XMLSchema#decimal:69,69,chemical_element,integer,Wikidata,wd:Q1853:P1086,https://www.wikidata.org/wiki/Q1853#P1086,C_train,science-Q1853-atomic_number_of-paraphrase-v1,paraphrase,v1,S_train,An atom of Thulium contains 69 protons.,code/generate_controlled_surface_dataset.py,surface-v2,20260825
science-Q1853-atomic_number_of,science,atomic_number_of,Q1853,thulium,literal:http://www.w3.org/2001/XMLSchema#decimal:69,69,chemical_element,integer,Wikidata,wd:Q1853:P1086,https://www.wikidata.org/wiki/Q1853#P1086,C_train,science-Q1853-atomic_number_of-paraphrase-v2,paraphrase,v2,S_train,69 is the atomic number assigned to Thulium.,code/generate_controlled_surface_dataset.py,surface-v2,20260825
science-Q1853-atomic_number_of,science,atomic_number_of,Q1853,thulium,literal:http://www.w3.org/2001/XMLSchema#decimal:69,69,chemical_element,integer,Wikidata,wd:Q1853:P1086,https://www.wikidata.org/wiki/Q1853#P1086,C_train,science-Q1853-atomic_number_of-paraphrase-v3,paraphrase,v3,S_train,Thulium occupies atomic-number position 69.,code/generate_controlled_surface_dataset.py,surface-v2,20260825
science-Q1853-atomic_number_of,science,atomic_number_of,Q1853,thulium,literal:http://www.w3.org/2001/XMLSchema#decimal:69,69,chemical_element,integer,Wikidata,wd:Q1853:P1086,https://www.wikidata.org/wiki/Q1853#P1086,C_train,science-Q1853-atomic_number_of-formal-v1,formal,v1,S_test,Element: Thulium. Atomic number: 69.,code/generate_controlled_surface_dataset.py,surface-v2,20260825
science-Q1853-atomic_number_of,science,atomic_number_of,Q1853,thulium,literal:http://www.w3.org/2001/XMLSchema#decimal:69,69,chemical_element,integer,Wikidata,wd:Q1853:P1086,https://www.wikidata.org/wiki/Q1853#P1086,C_train,science-Q1853-atomic_number_of-formal-v2,formal,v2,S_test,Atomic number — 69; element — Thulium.,code/generate_controlled_surface_dataset.py,surface-v2,20260825
science-Q1853-atomic_number_of,science,atomic_number_of,Q1853,thulium,literal:http://www.w3.org/2001/XMLSchema#decimal:69,69,chemical_element,integer,Wikidata,wd:Q1853:P1086,https://www.wikidata.org/wiki/Q1853#P1086,C_train,science-Q1853-atomic_number_of-structured-v1,structured,v1,S_test,"{""atomic_number"": ""69"", ""element"": ""Thulium""}",code/generate_controlled_surface_dataset.py,surface-v2,20260825
science-Q1882-period_of,science,period_of,Q1882,berkelium,literal:period:7,7,chemical_element,period,Royal Society of Chemistry,rsc:Q1882:period,https://periodic-table.rsc.org/element/97/berkelium,C_train,science-Q1882-period_of-declarative-v1,declarative,v1,S_train,Berkelium is in period 7 of the periodic table.,code/generate_controlled_surface_dataset.py,surface-v2,20260825
science-Q1882-period_of,science,period_of,Q1882,berkelium,literal:period:7,7,chemical_element,period,Royal Society of Chemistry,rsc:Q1882:period,https://periodic-table.rsc.org/element/97/berkelium,C_train,science-Q1882-period_of-declarative-v2,declarative,v2,S_train,Berkelium belongs to period 7 on the periodic table.,code/generate_controlled_surface_dataset.py,surface-v2,20260825
science-Q1882-period_of,science,period_of,Q1882,berkelium,literal:period:7,7,chemical_element,period,Royal Society of Chemistry,rsc:Q1882:period,https://periodic-table.rsc.org/element/97/berkelium,C_train,science-Q1882-period_of-declarative-v3,declarative,v3,S_train,Period 7 of the periodic table contains Berkelium.,code/generate_controlled_surface_dataset.py,surface-v2,20260825
science-Q1882-period_of,science,period_of,Q1882,berkelium,literal:period:7,7,chemical_element,period,Royal Society of Chemistry,rsc:Q1882:period,https://periodic-table.rsc.org/element/97/berkelium,C_train,science-Q1882-period_of-question-v1,question,v1,S_train,Which period contains Berkelium on the periodic table? 7.,code/generate_controlled_surface_dataset.py,surface-v2,20260825
science-Q1882-period_of,science,period_of,Q1882,berkelium,literal:period:7,7,chemical_element,period,Royal Society of Chemistry,rsc:Q1882:period,https://periodic-table.rsc.org/element/97/berkelium,C_train,science-Q1882-period_of-question-v2,question,v2,S_train,What periodic-table period is Berkelium in? 7.,code/generate_controlled_surface_dataset.py,surface-v2,20260825
science-Q1882-period_of,science,period_of,Q1882,berkelium,literal:period:7,7,chemical_element,period,Royal Society of Chemistry,rsc:Q1882:period,https://periodic-table.rsc.org/element/97/berkelium,C_train,science-Q1882-period_of-question-v3,question,v3,S_train,Berkelium appears in which period? 7.,code/generate_controlled_surface_dataset.py,surface-v2,20260825
science-Q1882-period_of,science,period_of,Q1882,berkelium,literal:period:7,7,chemical_element,period,Royal Society of Chemistry,rsc:Q1882:period,https://periodic-table.rsc.org/element/97/berkelium,C_train,science-Q1882-period_of-paraphrase-v1,paraphrase,v1,S_train,"On the periodic table, Berkelium appears in row 7.",code/generate_controlled_surface_dataset.py,surface-v2,20260825
science-Q1882-period_of,science,period_of,Q1882,berkelium,literal:period:7,7,chemical_element,period,Royal Society of Chemistry,rsc:Q1882:period,https://periodic-table.rsc.org/element/97/berkelium,C_train,science-Q1882-period_of-paraphrase-v2,paraphrase,v2,S_train,The periodic-table row for Berkelium is 7.,code/generate_controlled_surface_dataset.py,surface-v2,20260825
science-Q1882-period_of,science,period_of,Q1882,berkelium,literal:period:7,7,chemical_element,period,Royal Society of Chemistry,rsc:Q1882:period,https://periodic-table.rsc.org/element/97/berkelium,C_train,science-Q1882-period_of-paraphrase-v3,paraphrase,v3,S_train,Berkelium is placed on row 7 of the periodic table.,code/generate_controlled_surface_dataset.py,surface-v2,20260825
science-Q1882-period_of,science,period_of,Q1882,berkelium,literal:period:7,7,chemical_element,period,Royal Society of Chemistry,rsc:Q1882:period,https://periodic-table.rsc.org/element/97/berkelium,C_train,science-Q1882-period_of-formal-v1,formal,v1,S_test,Element: Berkelium. Period: 7.,code/generate_controlled_surface_dataset.py,surface-v2,20260825
science-Q1882-period_of,science,period_of,Q1882,berkelium,literal:period:7,7,chemical_element,period,Royal Society of Chemistry,rsc:Q1882:period,https://periodic-table.rsc.org/element/97/berkelium,C_train,science-Q1882-period_of-formal-v2,formal,v2,S_test,Period — 7; element — Berkelium.,code/generate_controlled_surface_dataset.py,surface-v2,20260825
science-Q1882-period_of,science,period_of,Q1882,berkelium,literal:period:7,7,chemical_element,period,Royal Society of Chemistry,rsc:Q1882:period,https://periodic-table.rsc.org/element/97/berkelium,C_train,science-Q1882-period_of-structured-v1,structured,v1,S_test,"{""element"": ""Berkelium"", ""period"": ""7""}",code/generate_controlled_surface_dataset.py,surface-v2,20260825
science-Q1901-chemical_symbol_of,science,chemical_symbol_of,Q1901,nobelium,literal:string:No,No,chemical_element,chemical_symbol,Wikidata,wd:Q1901:P246,https://www.wikidata.org/wiki/Q1901#P246,C_train,science-Q1901-chemical_symbol_of-declarative-v1,declarative,v1,S_train,The chemical symbol for Nobelium is No.,code/generate_controlled_surface_dataset.py,surface-v2,20260825
science-Q1901-chemical_symbol_of,science,chemical_symbol_of,Q1901,nobelium,literal:string:No,No,chemical_element,chemical_symbol,Wikidata,wd:Q1901:P246,https://www.wikidata.org/wiki/Q1901#P246,C_train,science-Q1901-chemical_symbol_of-declarative-v2,declarative,v2,S_train,Nobelium's chemical symbol is No.,code/generate_controlled_surface_dataset.py,surface-v2,20260825
science-Q1901-chemical_symbol_of,science,chemical_symbol_of,Q1901,nobelium,literal:string:No,No,chemical_element,chemical_symbol,Wikidata,wd:Q1901:P246,https://www.wikidata.org/wiki/Q1901#P246,C_train,science-Q1901-chemical_symbol_of-declarative-v3,declarative,v3,S_train,No is the chemical symbol of Nobelium.,code/generate_controlled_surface_dataset.py,surface-v2,20260825
science-Q1901-chemical_symbol_of,science,chemical_symbol_of,Q1901,nobelium,literal:string:No,No,chemical_element,chemical_symbol,Wikidata,wd:Q1901:P246,https://www.wikidata.org/wiki/Q1901#P246,C_train,science-Q1901-chemical_symbol_of-question-v1,question,v1,S_train,What is the chemical symbol for Nobelium? No.,code/generate_controlled_surface_dataset.py,surface-v2,20260825
science-Q1901-chemical_symbol_of,science,chemical_symbol_of,Q1901,nobelium,literal:string:No,No,chemical_element,chemical_symbol,Wikidata,wd:Q1901:P246,https://www.wikidata.org/wiki/Q1901#P246,C_train,science-Q1901-chemical_symbol_of-question-v2,question,v2,S_train,Which symbol represents Nobelium? No.,code/generate_controlled_surface_dataset.py,surface-v2,20260825
science-Q1901-chemical_symbol_of,science,chemical_symbol_of,Q1901,nobelium,literal:string:No,No,chemical_element,chemical_symbol,Wikidata,wd:Q1901:P246,https://www.wikidata.org/wiki/Q1901#P246,C_train,science-Q1901-chemical_symbol_of-question-v3,question,v3,S_train,Nobelium is represented by which symbol? No.,code/generate_controlled_surface_dataset.py,surface-v2,20260825
science-Q1901-chemical_symbol_of,science,chemical_symbol_of,Q1901,nobelium,literal:string:No,No,chemical_element,chemical_symbol,Wikidata,wd:Q1901:P246,https://www.wikidata.org/wiki/Q1901#P246,C_train,science-Q1901-chemical_symbol_of-paraphrase-v1,paraphrase,v1,S_train,Nobelium is written as No on the periodic table.,code/generate_controlled_surface_dataset.py,surface-v2,20260825
science-Q1901-chemical_symbol_of,science,chemical_symbol_of,Q1901,nobelium,literal:string:No,No,chemical_element,chemical_symbol,Wikidata,wd:Q1901:P246,https://www.wikidata.org/wiki/Q1901#P246,C_train,science-Q1901-chemical_symbol_of-paraphrase-v2,paraphrase,v2,S_train,"On the periodic table, No denotes Nobelium.",code/generate_controlled_surface_dataset.py,surface-v2,20260825
science-Q1901-chemical_symbol_of,science,chemical_symbol_of,Q1901,nobelium,literal:string:No,No,chemical_element,chemical_symbol,Wikidata,wd:Q1901:P246,https://www.wikidata.org/wiki/Q1901#P246,C_train,science-Q1901-chemical_symbol_of-paraphrase-v3,paraphrase,v3,S_train,The notation No stands for Nobelium.,code/generate_controlled_surface_dataset.py,surface-v2,20260825
science-Q1901-chemical_symbol_of,science,chemical_symbol_of,Q1901,nobelium,literal:string:No,No,chemical_element,chemical_symbol,Wikidata,wd:Q1901:P246,https://www.wikidata.org/wiki/Q1901#P246,C_train,science-Q1901-chemical_symbol_of-formal-v1,formal,v1,S_test,Element: Nobelium. Symbol: No.,code/generate_controlled_surface_dataset.py,surface-v2,20260825
science-Q1901-chemical_symbol_of,science,chemical_symbol_of,Q1901,nobelium,literal:string:No,No,chemical_element,chemical_symbol,Wikidata,wd:Q1901:P246,https://www.wikidata.org/wiki/Q1901#P246,C_train,science-Q1901-chemical_symbol_of-formal-v2,formal,v2,S_test,Symbol — No; element — Nobelium.,code/generate_controlled_surface_dataset.py,surface-v2,20260825
science-Q1901-chemical_symbol_of,science,chemical_symbol_of,Q1901,nobelium,literal:string:No,No,chemical_element,chemical_symbol,Wikidata,wd:Q1901:P246,https://www.wikidata.org/wiki/Q1901#P246,C_train,science-Q1901-chemical_symbol_of-structured-v1,structured,v1,S_test,"{""element"": ""Nobelium"", ""symbol"": ""No""}",code/generate_controlled_surface_dataset.py,surface-v2,20260825
science-Q560-chemical_symbol_of,science,chemical_symbol_of,Q560,helium,literal:string:He,He,chemical_element,chemical_symbol,Wikidata,wd:Q560:P246,https://www.wikidata.org/wiki/Q560#P246,C_train,science-Q560-chemical_symbol_of-declarative-v1,declarative,v1,S_train,The chemical symbol for Helium is He.,code/generate_controlled_surface_dataset.py,surface-v2,20260825
science-Q560-chemical_symbol_of,science,chemical_symbol_of,Q560,helium,literal:string:He,He,chemical_element,chemical_symbol,Wikidata,wd:Q560:P246,https://www.wikidata.org/wiki/Q560#P246,C_train,science-Q560-chemical_symbol_of-declarative-v2,declarative,v2,S_train,Helium's chemical symbol is He.,code/generate_controlled_surface_dataset.py,surface-v2,20260825
science-Q560-chemical_symbol_of,science,chemical_symbol_of,Q560,helium,literal:string:He,He,chemical_element,chemical_symbol,Wikidata,wd:Q560:P246,https://www.wikidata.org/wiki/Q560#P246,C_train,science-Q560-chemical_symbol_of-declarative-v3,declarative,v3,S_train,He is the chemical symbol of Helium.,code/generate_controlled_surface_dataset.py,surface-v2,20260825
science-Q560-chemical_symbol_of,science,chemical_symbol_of,Q560,helium,literal:string:He,He,chemical_element,chemical_symbol,Wikidata,wd:Q560:P246,https://www.wikidata.org/wiki/Q560#P246,C_train,science-Q560-chemical_symbol_of-question-v1,question,v1,S_train,What is the chemical symbol for Helium? He.,code/generate_controlled_surface_dataset.py,surface-v2,20260825
science-Q560-chemical_symbol_of,science,chemical_symbol_of,Q560,helium,literal:string:He,He,chemical_element,chemical_symbol,Wikidata,wd:Q560:P246,https://www.wikidata.org/wiki/Q560#P246,C_train,science-Q560-chemical_symbol_of-question-v2,question,v2,S_train,Which symbol represents Helium? He.,code/generate_controlled_surface_dataset.py,surface-v2,20260825
science-Q560-chemical_symbol_of,science,chemical_symbol_of,Q560,helium,literal:string:He,He,chemical_element,chemical_symbol,Wikidata,wd:Q560:P246,https://www.wikidata.org/wiki/Q560#P246,C_train,science-Q560-chemical_symbol_of-question-v3,question,v3,S_train,Helium is represented by which symbol? He.,code/generate_controlled_surface_dataset.py,surface-v2,20260825
science-Q560-chemical_symbol_of,science,chemical_symbol_of,Q560,helium,literal:string:He,He,chemical_element,chemical_symbol,Wikidata,wd:Q560:P246,https://www.wikidata.org/wiki/Q560#P246,C_train,science-Q560-chemical_symbol_of-paraphrase-v1,paraphrase,v1,S_train,Helium is written as He on the periodic table.,code/generate_controlled_surface_dataset.py,surface-v2,20260825
science-Q560-chemical_symbol_of,science,chemical_symbol_of,Q560,helium,literal:string:He,He,chemical_element,chemical_symbol,Wikidata,wd:Q560:P246,https://www.wikidata.org/wiki/Q560#P246,C_train,science-Q560-chemical_symbol_of-paraphrase-v2,paraphrase,v2,S_train,"On the periodic table, He denotes Helium.",code/generate_controlled_surface_dataset.py,surface-v2,20260825
science-Q560-chemical_symbol_of,science,chemical_symbol_of,Q560,helium,literal:string:He,He,chemical_element,chemical_symbol,Wikidata,wd:Q560:P246,https://www.wikidata.org/wiki/Q560#P246,C_train,science-Q560-chemical_symbol_of-paraphrase-v3,paraphrase,v3,S_train,The notation He stands for Helium.,code/generate_controlled_surface_dataset.py,surface-v2,20260825
science-Q560-chemical_symbol_of,science,chemical_symbol_of,Q560,helium,literal:string:He,He,chemical_element,chemical_symbol,Wikidata,wd:Q560:P246,https://www.wikidata.org/wiki/Q560#P246,C_train,science-Q560-chemical_symbol_of-formal-v1,formal,v1,S_test,Element: Helium. Symbol: He.,code/generate_controlled_surface_dataset.py,surface-v2,20260825
science-Q560-chemical_symbol_of,science,chemical_symbol_of,Q560,helium,literal:string:He,He,chemical_element,chemical_symbol,Wikidata,wd:Q560:P246,https://www.wikidata.org/wiki/Q560#P246,C_train,science-Q560-chemical_symbol_of-formal-v2,formal,v2,S_test,Symbol — He; element — Helium.,code/generate_controlled_surface_dataset.py,surface-v2,20260825
science-Q560-chemical_symbol_of,science,chemical_symbol_of,Q560,helium,literal:string:He,He,chemical_element,chemical_symbol,Wikidata,wd:Q560:P246,https://www.wikidata.org/wiki/Q560#P246,C_train,science-Q560-chemical_symbol_of-structured-v1,structured,v1,S_test,"{""element"": ""Helium"", ""symbol"": ""He""}",code/generate_controlled_surface_dataset.py,surface-v2,20260825
science-Q569-period_of,science,period_of,Q569,beryllium,literal:period:2,2,chemical_element,period,Royal Society of Chemistry,rsc:Q569:period,https://periodic-table.rsc.org/element/4/beryllium,C_train,science-Q569-period_of-declarative-v1,declarative,v1,S_train,Beryllium is in period 2 of the periodic table.,code/generate_controlled_surface_dataset.py,surface-v2,20260825
science-Q569-period_of,science,period_of,Q569,beryllium,literal:period:2,2,chemical_element,period,Royal Society of Chemistry,rsc:Q569:period,https://periodic-table.rsc.org/element/4/beryllium,C_train,science-Q569-period_of-declarative-v2,declarative,v2,S_train,Beryllium belongs to period 2 on the periodic table.,code/generate_controlled_surface_dataset.py,surface-v2,20260825
science-Q569-period_of,science,period_of,Q569,beryllium,literal:period:2,2,chemical_element,period,Royal Society of Chemistry,rsc:Q569:period,https://periodic-table.rsc.org/element/4/beryllium,C_train,science-Q569-period_of-declarative-v3,declarative,v3,S_train,Period 2 of the periodic table contains Beryllium.,code/generate_controlled_surface_dataset.py,surface-v2,20260825
science-Q569-period_of,science,period_of,Q569,beryllium,literal:period:2,2,chemical_element,period,Royal Society of Chemistry,rsc:Q569:period,https://periodic-table.rsc.org/element/4/beryllium,C_train,science-Q569-period_of-question-v1,question,v1,S_train,Which period contains Beryllium on the periodic table? 2.,code/generate_controlled_surface_dataset.py,surface-v2,20260825
science-Q569-period_of,science,period_of,Q569,beryllium,literal:period:2,2,chemical_element,period,Royal Society of Chemistry,rsc:Q569:period,https://periodic-table.rsc.org/element/4/beryllium,C_train,science-Q569-period_of-question-v2,question,v2,S_train,What periodic-table period is Beryllium in? 2.,code/generate_controlled_surface_dataset.py,surface-v2,20260825
science-Q569-period_of,science,period_of,Q569,beryllium,literal:period:2,2,chemical_element,period,Royal Society of Chemistry,rsc:Q569:period,https://periodic-table.rsc.org/element/4/beryllium,C_train,science-Q569-period_of-question-v3,question,v3,S_train,Beryllium appears in which period? 2.,code/generate_controlled_surface_dataset.py,surface-v2,20260825
science-Q569-period_of,science,period_of,Q569,beryllium,literal:period:2,2,chemical_element,period,Royal Society of Chemistry,rsc:Q569:period,https://periodic-table.rsc.org/element/4/beryllium,C_train,science-Q569-period_of-paraphrase-v1,paraphrase,v1,S_train,"On the periodic table, Beryllium appears in row 2.",code/generate_controlled_surface_dataset.py,surface-v2,20260825
science-Q569-period_of,science,period_of,Q569,beryllium,literal:period:2,2,chemical_element,period,Royal Society of Chemistry,rsc:Q569:period,https://periodic-table.rsc.org/element/4/beryllium,C_train,science-Q569-period_of-paraphrase-v2,paraphrase,v2,S_train,The periodic-table row for Beryllium is 2.,code/generate_controlled_surface_dataset.py,surface-v2,20260825
science-Q569-period_of,science,period_of,Q569,beryllium,literal:period:2,2,chemical_element,period,Royal Society of Chemistry,rsc:Q569:period,https://periodic-table.rsc.org/element/4/beryllium,C_train,science-Q569-period_of-paraphrase-v3,paraphrase,v3,S_train,Beryllium is placed on row 2 of the periodic table.,code/generate_controlled_surface_dataset.py,surface-v2,20260825
science-Q569-period_of,science,period_of,Q569,beryllium,literal:period:2,2,chemical_element,period,Royal Society of Chemistry,rsc:Q569:period,https://periodic-table.rsc.org/element/4/beryllium,C_train,science-Q569-period_of-formal-v1,formal,v1,S_test,Element: Beryllium. Period: 2.,code/generate_controlled_surface_dataset.py,surface-v2,20260825
science-Q569-period_of,science,period_of,Q569,beryllium,literal:period:2,2,chemical_element,period,Royal Society of Chemistry,rsc:Q569:period,https://periodic-table.rsc.org/element/4/beryllium,C_train,science-Q569-period_of-formal-v2,formal,v2,S_test,Period — 2; element — Beryllium.,code/generate_controlled_surface_dataset.py,surface-v2,20260825
science-Q569-period_of,science,period_of,Q569,beryllium,literal:period:2,2,chemical_element,period,Royal Society of Chemistry,rsc:Q569:period,https://periodic-table.rsc.org/element/4/beryllium,C_train,science-Q569-period_of-structured-v1,structured,v1,S_test,"{""element"": ""Beryllium"", ""period"": ""2""}",code/generate_controlled_surface_dataset.py,surface-v2,20260825
science-Q627-chemical_symbol_of,science,chemical_symbol_of,Q627,nitrogen,literal:string:N,N,chemical_element,chemical_symbol,Wikidata,wd:Q627:P246,https://www.wikidata.org/wiki/Q627#P246,C_train,science-Q627-chemical_symbol_of-declarative-v1,declarative,v1,S_train,The chemical symbol for Nitrogen is N.,code/generate_controlled_surface_dataset.py,surface-v2,20260825
science-Q627-chemical_symbol_of,science,chemical_symbol_of,Q627,nitrogen,literal:string:N,N,chemical_element,chemical_symbol,Wikidata,wd:Q627:P246,https://www.wikidata.org/wiki/Q627#P246,C_train,science-Q627-chemical_symbol_of-declarative-v2,declarative,v2,S_train,Nitrogen's chemical symbol is N.,code/generate_controlled_surface_dataset.py,surface-v2,20260825
science-Q627-chemical_symbol_of,science,chemical_symbol_of,Q627,nitrogen,literal:string:N,N,chemical_element,chemical_symbol,Wikidata,wd:Q627:P246,https://www.wikidata.org/wiki/Q627#P246,C_train,science-Q627-chemical_symbol_of-declarative-v3,declarative,v3,S_train,N is the chemical symbol of Nitrogen.,code/generate_controlled_surface_dataset.py,surface-v2,20260825
science-Q627-chemical_symbol_of,science,chemical_symbol_of,Q627,nitrogen,literal:string:N,N,chemical_element,chemical_symbol,Wikidata,wd:Q627:P246,https://www.wikidata.org/wiki/Q627#P246,C_train,science-Q627-chemical_symbol_of-question-v1,question,v1,S_train,What is the chemical symbol for Nitrogen? N.,code/generate_controlled_surface_dataset.py,surface-v2,20260825
science-Q627-chemical_symbol_of,science,chemical_symbol_of,Q627,nitrogen,literal:string:N,N,chemical_element,chemical_symbol,Wikidata,wd:Q627:P246,https://www.wikidata.org/wiki/Q627#P246,C_train,science-Q627-chemical_symbol_of-question-v2,question,v2,S_train,Which symbol represents Nitrogen? N.,code/generate_controlled_surface_dataset.py,surface-v2,20260825
science-Q627-chemical_symbol_of,science,chemical_symbol_of,Q627,nitrogen,literal:string:N,N,chemical_element,chemical_symbol,Wikidata,wd:Q627:P246,https://www.wikidata.org/wiki/Q627#P246,C_train,science-Q627-chemical_symbol_of-question-v3,question,v3,S_train,Nitrogen is represented by which symbol? N.,code/generate_controlled_surface_dataset.py,surface-v2,20260825
science-Q627-chemical_symbol_of,science,chemical_symbol_of,Q627,nitrogen,literal:string:N,N,chemical_element,chemical_symbol,Wikidata,wd:Q627:P246,https://www.wikidata.org/wiki/Q627#P246,C_train,science-Q627-chemical_symbol_of-paraphrase-v1,paraphrase,v1,S_train,Nitrogen is written as N on the periodic table.,code/generate_controlled_surface_dataset.py,surface-v2,20260825
science-Q627-chemical_symbol_of,science,chemical_symbol_of,Q627,nitrogen,literal:string:N,N,chemical_element,chemical_symbol,Wikidata,wd:Q627:P246,https://www.wikidata.org/wiki/Q627#P246,C_train,science-Q627-chemical_symbol_of-paraphrase-v2,paraphrase,v2,S_train,"On the periodic table, N denotes Nitrogen.",code/generate_controlled_surface_dataset.py,surface-v2,20260825
science-Q627-chemical_symbol_of,science,chemical_symbol_of,Q627,nitrogen,literal:string:N,N,chemical_element,chemical_symbol,Wikidata,wd:Q627:P246,https://www.wikidata.org/wiki/Q627#P246,C_train,science-Q627-chemical_symbol_of-paraphrase-v3,paraphrase,v3,S_train,The notation N stands for Nitrogen.,code/generate_controlled_surface_dataset.py,surface-v2,20260825
science-Q627-chemical_symbol_of,science,chemical_symbol_of,Q627,nitrogen,literal:string:N,N,chemical_element,chemical_symbol,Wikidata,wd:Q627:P246,https://www.wikidata.org/wiki/Q627#P246,C_train,science-Q627-chemical_symbol_of-formal-v1,formal,v1,S_test,Element: Nitrogen. Symbol: N.,code/generate_controlled_surface_dataset.py,surface-v2,20260825
science-Q627-chemical_symbol_of,science,chemical_symbol_of,Q627,nitrogen,literal:string:N,N,chemical_element,chemical_symbol,Wikidata,wd:Q627:P246,https://www.wikidata.org/wiki/Q627#P246,C_train,science-Q627-chemical_symbol_of-formal-v2,formal,v2,S_test,Symbol — N; element — Nitrogen.,code/generate_controlled_surface_dataset.py,surface-v2,20260825
science-Q627-chemical_symbol_of,science,chemical_symbol_of,Q627,nitrogen,literal:string:N,N,chemical_element,chemical_symbol,Wikidata,wd:Q627:P246,https://www.wikidata.org/wiki/Q627#P246,C_train,science-Q627-chemical_symbol_of-structured-v1,structured,v1,S_test,"{""element"": ""Nitrogen"", ""symbol"": ""N""}",code/generate_controlled_surface_dataset.py,surface-v2,20260825
science-Q670-chemical_symbol_of,science,chemical_symbol_of,Q670,silicon,literal:string:Si,Si,chemical_element,chemical_symbol,Wikidata,wd:Q670:P246,https://www.wikidata.org/wiki/Q670#P246,C_train,science-Q670-chemical_symbol_of-declarative-v1,declarative,v1,S_train,The chemical symbol for Silicon is Si.,code/generate_controlled_surface_dataset.py,surface-v2,20260825
science-Q670-chemical_symbol_of,science,chemical_symbol_of,Q670,silicon,literal:string:Si,Si,chemical_element,chemical_symbol,Wikidata,wd:Q670:P246,https://www.wikidata.org/wiki/Q670#P246,C_train,science-Q670-chemical_symbol_of-declarative-v2,declarative,v2,S_train,Silicon's chemical symbol is Si.,code/generate_controlled_surface_dataset.py,surface-v2,20260825
science-Q670-chemical_symbol_of,science,chemical_symbol_of,Q670,silicon,literal:string:Si,Si,chemical_element,chemical_symbol,Wikidata,wd:Q670:P246,https://www.wikidata.org/wiki/Q670#P246,C_train,science-Q670-chemical_symbol_of-declarative-v3,declarative,v3,S_train,Si is the chemical symbol of Silicon.,code/generate_controlled_surface_dataset.py,surface-v2,20260825
science-Q670-chemical_symbol_of,science,chemical_symbol_of,Q670,silicon,literal:string:Si,Si,chemical_element,chemical_symbol,Wikidata,wd:Q670:P246,https://www.wikidata.org/wiki/Q670#P246,C_train,science-Q670-chemical_symbol_of-question-v1,question,v1,S_train,What is the chemical symbol for Silicon? Si.,code/generate_controlled_surface_dataset.py,surface-v2,20260825
science-Q670-chemical_symbol_of,science,chemical_symbol_of,Q670,silicon,literal:string:Si,Si,chemical_element,chemical_symbol,Wikidata,wd:Q670:P246,https://www.wikidata.org/wiki/Q670#P246,C_train,science-Q670-chemical_symbol_of-question-v2,question,v2,S_train,Which symbol represents Silicon? Si.,code/generate_controlled_surface_dataset.py,surface-v2,20260825
science-Q670-chemical_symbol_of,science,chemical_symbol_of,Q670,silicon,literal:string:Si,Si,chemical_element,chemical_symbol,Wikidata,wd:Q670:P246,https://www.wikidata.org/wiki/Q670#P246,C_train,science-Q670-chemical_symbol_of-question-v3,question,v3,S_train,Silicon is represented by which symbol? Si.,code/generate_controlled_surface_dataset.py,surface-v2,20260825
science-Q670-chemical_symbol_of,science,chemical_symbol_of,Q670,silicon,literal:string:Si,Si,chemical_element,chemical_symbol,Wikidata,wd:Q670:P246,https://www.wikidata.org/wiki/Q670#P246,C_train,science-Q670-chemical_symbol_of-paraphrase-v1,paraphrase,v1,S_train,Silicon is written as Si on the periodic table.,code/generate_controlled_surface_dataset.py,surface-v2,20260825
science-Q670-chemical_symbol_of,science,chemical_symbol_of,Q670,silicon,literal:string:Si,Si,chemical_element,chemical_symbol,Wikidata,wd:Q670:P246,https://www.wikidata.org/wiki/Q670#P246,C_train,science-Q670-chemical_symbol_of-paraphrase-v2,paraphrase,v2,S_train,"On the periodic table, Si denotes Silicon.",code/generate_controlled_surface_dataset.py,surface-v2,20260825
science-Q670-chemical_symbol_of,science,chemical_symbol_of,Q670,silicon,literal:string:Si,Si,chemical_element,chemical_symbol,Wikidata,wd:Q670:P246,https://www.wikidata.org/wiki/Q670#P246,C_train,science-Q670-chemical_symbol_of-paraphrase-v3,paraphrase,v3,S_train,The notation Si stands for Silicon.,code/generate_controlled_surface_dataset.py,surface-v2,20260825
science-Q670-chemical_symbol_of,science,chemical_symbol_of,Q670,silicon,literal:string:Si,Si,chemical_element,chemical_symbol,Wikidata,wd:Q670:P246,https://www.wikidata.org/wiki/Q670#P246,C_train,science-Q670-chemical_symbol_of-formal-v1,formal,v1,S_test,Element: Silicon. Symbol: Si.,code/generate_controlled_surface_dataset.py,surface-v2,20260825
science-Q670-chemical_symbol_of,science,chemical_symbol_of,Q670,silicon,literal:string:Si,Si,chemical_element,chemical_symbol,Wikidata,wd:Q670:P246,https://www.wikidata.org/wiki/Q670#P246,C_train,science-Q670-chemical_symbol_of-formal-v2,formal,v2,S_test,Symbol — Si; element — Silicon.,code/generate_controlled_surface_dataset.py,surface-v2,20260825
science-Q670-chemical_symbol_of,science,chemical_symbol_of,Q670,silicon,literal:string:Si,Si,chemical_element,chemical_symbol,Wikidata,wd:Q670:P246,https://www.wikidata.org/wiki/Q670#P246,C_train,science-Q670-chemical_symbol_of-structured-v1,structured,v1,S_test,"{""element"": ""Silicon"", ""symbol"": ""Si""}",code/generate_controlled_surface_dataset.py,surface-v2,20260825
science-Q674-atomic_number_of,science,atomic_number_of,Q674,phosphorus,literal:http://www.w3.org/2001/XMLSchema#decimal:15,15,chemical_element,integer,Wikidata,wd:Q674:P1086,https://www.wikidata.org/wiki/Q674#P1086,C_train,science-Q674-atomic_number_of-declarative-v1,declarative,v1,S_train,Phosphorus has atomic number 15.,code/generate_controlled_surface_dataset.py,surface-v2,20260825
science-Q674-atomic_number_of,science,atomic_number_of,Q674,phosphorus,literal:http://www.w3.org/2001/XMLSchema#decimal:15,15,chemical_element,integer,Wikidata,wd:Q674:P1086,https://www.wikidata.org/wiki/Q674#P1086,C_train,science-Q674-atomic_number_of-declarative-v2,declarative,v2,S_train,Phosphorus is assigned atomic number 15.,code/generate_controlled_surface_dataset.py,surface-v2,20260825
science-Q674-atomic_number_of,science,atomic_number_of,Q674,phosphorus,literal:http://www.w3.org/2001/XMLSchema#decimal:15,15,chemical_element,integer,Wikidata,wd:Q674:P1086,https://www.wikidata.org/wiki/Q674#P1086,C_train,science-Q674-atomic_number_of-declarative-v3,declarative,v3,S_train,The atomic number associated with Phosphorus is 15.,code/generate_controlled_surface_dataset.py,surface-v2,20260825
science-Q674-atomic_number_of,science,atomic_number_of,Q674,phosphorus,literal:http://www.w3.org/2001/XMLSchema#decimal:15,15,chemical_element,integer,Wikidata,wd:Q674:P1086,https://www.wikidata.org/wiki/Q674#P1086,C_train,science-Q674-atomic_number_of-question-v1,question,v1,S_train,What is the atomic number of Phosphorus? 15.,code/generate_controlled_surface_dataset.py,surface-v2,20260825
science-Q674-atomic_number_of,science,atomic_number_of,Q674,phosphorus,literal:http://www.w3.org/2001/XMLSchema#decimal:15,15,chemical_element,integer,Wikidata,wd:Q674:P1086,https://www.wikidata.org/wiki/Q674#P1086,C_train,science-Q674-atomic_number_of-question-v2,question,v2,S_train,Which atomic number belongs to Phosphorus? 15.,code/generate_controlled_surface_dataset.py,surface-v2,20260825
science-Q674-atomic_number_of,science,atomic_number_of,Q674,phosphorus,literal:http://www.w3.org/2001/XMLSchema#decimal:15,15,chemical_element,integer,Wikidata,wd:Q674:P1086,https://www.wikidata.org/wiki/Q674#P1086,C_train,science-Q674-atomic_number_of-question-v3,question,v3,S_train,Phosphorus has what atomic number? 15.,code/generate_controlled_surface_dataset.py,surface-v2,20260825
science-Q674-atomic_number_of,science,atomic_number_of,Q674,phosphorus,literal:http://www.w3.org/2001/XMLSchema#decimal:15,15,chemical_element,integer,Wikidata,wd:Q674:P1086,https://www.wikidata.org/wiki/Q674#P1086,C_train,science-Q674-atomic_number_of-paraphrase-v1,paraphrase,v1,S_train,An atom of Phosphorus contains 15 protons.,code/generate_controlled_surface_dataset.py,surface-v2,20260825
science-Q674-atomic_number_of,science,atomic_number_of,Q674,phosphorus,literal:http://www.w3.org/2001/XMLSchema#decimal:15,15,chemical_element,integer,Wikidata,wd:Q674:P1086,https://www.wikidata.org/wiki/Q674#P1086,C_train,science-Q674-atomic_number_of-paraphrase-v2,paraphrase,v2,S_train,15 is the atomic number assigned to Phosphorus.,code/generate_controlled_surface_dataset.py,surface-v2,20260825
science-Q674-atomic_number_of,science,atomic_number_of,Q674,phosphorus,literal:http://www.w3.org/2001/XMLSchema#decimal:15,15,chemical_element,integer,Wikidata,wd:Q674:P1086,https://www.wikidata.org/wiki/Q674#P1086,C_train,science-Q674-atomic_number_of-paraphrase-v3,paraphrase,v3,S_train,Phosphorus occupies atomic-number position 15.,code/generate_controlled_surface_dataset.py,surface-v2,20260825
science-Q674-atomic_number_of,science,atomic_number_of,Q674,phosphorus,literal:http://www.w3.org/2001/XMLSchema#decimal:15,15,chemical_element,integer,Wikidata,wd:Q674:P1086,https://www.wikidata.org/wiki/Q674#P1086,C_train,science-Q674-atomic_number_of-formal-v1,formal,v1,S_test,Element: Phosphorus. Atomic number: 15.,code/generate_controlled_surface_dataset.py,surface-v2,20260825
science-Q674-atomic_number_of,science,atomic_number_of,Q674,phosphorus,literal:http://www.w3.org/2001/XMLSchema#decimal:15,15,chemical_element,integer,Wikidata,wd:Q674:P1086,https://www.wikidata.org/wiki/Q674#P1086,C_train,science-Q674-atomic_number_of-formal-v2,formal,v2,S_test,Atomic number — 15; element — Phosphorus.,code/generate_controlled_surface_dataset.py,surface-v2,20260825
science-Q674-atomic_number_of,science,atomic_number_of,Q674,phosphorus,literal:http://www.w3.org/2001/XMLSchema#decimal:15,15,chemical_element,integer,Wikidata,wd:Q674:P1086,https://www.wikidata.org/wiki/Q674#P1086,C_train,science-Q674-atomic_number_of-structured-v1,structured,v1,S_test,"{""atomic_number"": ""15"", ""element"": ""Phosphorus""}",code/generate_controlled_surface_dataset.py,surface-v2,20260825
science-Q696-period_of,science,period_of,Q696,argon,literal:period:3,3,chemical_element,period,Royal Society of Chemistry,rsc:Q696:period,https://periodic-table.rsc.org/element/18/argon,C_val,science-Q696-period_of-declarative-v1,declarative,v1,S_train,Argon is in period 3 of the periodic table.,code/generate_controlled_surface_dataset.py,surface-v2,20260825
science-Q696-period_of,science,period_of,Q696,argon,literal:period:3,3,chemical_element,period,Royal Society of Chemistry,rsc:Q696:period,https://periodic-table.rsc.org/element/18/argon,C_val,science-Q696-period_of-declarative-v2,declarative,v2,S_train,Argon belongs to period 3 on the periodic table.,code/generate_controlled_surface_dataset.py,surface-v2,20260825
science-Q696-period_of,science,period_of,Q696,argon,literal:period:3,3,chemical_element,period,Royal Society of Chemistry,rsc:Q696:period,https://periodic-table.rsc.org/element/18/argon,C_val,science-Q696-period_of-declarative-v3,declarative,v3,S_train,Period 3 of the periodic table contains Argon.,code/generate_controlled_surface_dataset.py,surface-v2,20260825
science-Q696-period_of,science,period_of,Q696,argon,literal:period:3,3,chemical_element,period,Royal Society of Chemistry,rsc:Q696:period,https://periodic-table.rsc.org/element/18/argon,C_val,science-Q696-period_of-question-v1,question,v1,S_train,Which period contains Argon on the periodic table? 3.,code/generate_controlled_surface_dataset.py,surface-v2,20260825
science-Q696-period_of,science,period_of,Q696,argon,literal:period:3,3,chemical_element,period,Royal Society of Chemistry,rsc:Q696:period,https://periodic-table.rsc.org/element/18/argon,C_val,science-Q696-period_of-question-v2,question,v2,S_train,What periodic-table period is Argon in? 3.,code/generate_controlled_surface_dataset.py,surface-v2,20260825
science-Q696-period_of,science,period_of,Q696,argon,literal:period:3,3,chemical_element,period,Royal Society of Chemistry,rsc:Q696:period,https://periodic-table.rsc.org/element/18/argon,C_val,science-Q696-period_of-question-v3,question,v3,S_train,Argon appears in which period? 3.,code/generate_controlled_surface_dataset.py,surface-v2,20260825
science-Q696-period_of,science,period_of,Q696,argon,literal:period:3,3,chemical_element,period,Royal Society of Chemistry,rsc:Q696:period,https://periodic-table.rsc.org/element/18/argon,C_val,science-Q696-period_of-paraphrase-v1,paraphrase,v1,S_train,"On the periodic table, Argon appears in row 3.",code/generate_controlled_surface_dataset.py,surface-v2,20260825
science-Q696-period_of,science,period_of,Q696,argon,literal:period:3,3,chemical_element,period,Royal Society of Chemistry,rsc:Q696:period,https://periodic-table.rsc.org/element/18/argon,C_val,science-Q696-period_of-paraphrase-v2,paraphrase,v2,S_train,The periodic-table row for Argon is 3.,code/generate_controlled_surface_dataset.py,surface-v2,20260825
science-Q696-period_of,science,period_of,Q696,argon,literal:period:3,3,chemical_element,period,Royal Society of Chemistry,rsc:Q696:period,https://periodic-table.rsc.org/element/18/argon,C_val,science-Q696-period_of-paraphrase-v3,paraphrase,v3,S_train,Argon is placed on row 3 of the periodic table.,code/generate_controlled_surface_dataset.py,surface-v2,20260825
science-Q696-period_of,science,period_of,Q696,argon,literal:period:3,3,chemical_element,period,Royal Society of Chemistry,rsc:Q696:period,https://periodic-table.rsc.org/element/18/argon,C_val,science-Q696-period_of-formal-v1,formal,v1,S_test,Element: Argon. Period: 3.,code/generate_controlled_surface_dataset.py,surface-v2,20260825
science-Q696-period_of,science,period_of,Q696,argon,literal:period:3,3,chemical_element,period,Royal Society of Chemistry,rsc:Q696:period,https://periodic-table.rsc.org/element/18/argon,C_val,science-Q696-period_of-formal-v2,formal,v2,S_test,Period — 3; element — Argon.,code/generate_controlled_surface_dataset.py,surface-v2,20260825
science-Q696-period_of,science,period_of,Q696,argon,literal:period:3,3,chemical_element,period,Royal Society of Chemistry,rsc:Q696:period,https://periodic-table.rsc.org/element/18/argon,C_val,science-Q696-period_of-structured-v1,structured,v1,S_test,"{""element"": ""Argon"", ""period"": ""3""}",code/generate_controlled_surface_dataset.py,surface-v2,20260825
science-Q696-chemical_symbol_of,science,chemical_symbol_of,Q696,argon,literal:string:Ar,Ar,chemical_element,chemical_symbol,Wikidata,wd:Q696:P246,https://www.wikidata.org/wiki/Q696#P246,C_val,science-Q696-chemical_symbol_of-declarative-v1,declarative,v1,S_train,The chemical symbol for Argon is Ar.,code/generate_controlled_surface_dataset.py,surface-v2,20260825
science-Q696-chemical_symbol_of,science,chemical_symbol_of,Q696,argon,literal:string:Ar,Ar,chemical_element,chemical_symbol,Wikidata,wd:Q696:P246,https://www.wikidata.org/wiki/Q696#P246,C_val,science-Q696-chemical_symbol_of-declarative-v2,declarative,v2,S_train,Argon's chemical symbol is Ar.,code/generate_controlled_surface_dataset.py,surface-v2,20260825
science-Q696-chemical_symbol_of,science,chemical_symbol_of,Q696,argon,literal:string:Ar,Ar,chemical_element,chemical_symbol,Wikidata,wd:Q696:P246,https://www.wikidata.org/wiki/Q696#P246,C_val,science-Q696-chemical_symbol_of-declarative-v3,declarative,v3,S_train,Ar is the chemical symbol of Argon.,code/generate_controlled_surface_dataset.py,surface-v2,20260825
science-Q696-chemical_symbol_of,science,chemical_symbol_of,Q696,argon,literal:string:Ar,Ar,chemical_element,chemical_symbol,Wikidata,wd:Q696:P246,https://www.wikidata.org/wiki/Q696#P246,C_val,science-Q696-chemical_symbol_of-question-v1,question,v1,S_train,What is the chemical symbol for Argon? Ar.,code/generate_controlled_surface_dataset.py,surface-v2,20260825
science-Q696-chemical_symbol_of,science,chemical_symbol_of,Q696,argon,literal:string:Ar,Ar,chemical_element,chemical_symbol,Wikidata,wd:Q696:P246,https://www.wikidata.org/wiki/Q696#P246,C_val,science-Q696-chemical_symbol_of-question-v2,question,v2,S_train,Which symbol represents Argon? Ar.,code/generate_controlled_surface_dataset.py,surface-v2,20260825
science-Q696-chemical_symbol_of,science,chemical_symbol_of,Q696,argon,literal:string:Ar,Ar,chemical_element,chemical_symbol,Wikidata,wd:Q696:P246,https://www.wikidata.org/wiki/Q696#P246,C_val,science-Q696-chemical_symbol_of-question-v3,question,v3,S_train,Argon is represented by which symbol? Ar.,code/generate_controlled_surface_dataset.py,surface-v2,20260825
science-Q696-chemical_symbol_of,science,chemical_symbol_of,Q696,argon,literal:string:Ar,Ar,chemical_element,chemical_symbol,Wikidata,wd:Q696:P246,https://www.wikidata.org/wiki/Q696#P246,C_val,science-Q696-chemical_symbol_of-paraphrase-v1,paraphrase,v1,S_train,Argon is written as Ar on the periodic table.,code/generate_controlled_surface_dataset.py,surface-v2,20260825
science-Q696-chemical_symbol_of,science,chemical_symbol_of,Q696,argon,literal:string:Ar,Ar,chemical_element,chemical_symbol,Wikidata,wd:Q696:P246,https://www.wikidata.org/wiki/Q696#P246,C_val,science-Q696-chemical_symbol_of-paraphrase-v2,paraphrase,v2,S_train,"On the periodic table, Ar denotes Argon.",code/generate_controlled_surface_dataset.py,surface-v2,20260825
science-Q696-chemical_symbol_of,science,chemical_symbol_of,Q696,argon,literal:string:Ar,Ar,chemical_element,chemical_symbol,Wikidata,wd:Q696:P246,https://www.wikidata.org/wiki/Q696#P246,C_val,science-Q696-chemical_symbol_of-paraphrase-v3,paraphrase,v3,S_train,The notation Ar stands for Argon.,code/generate_controlled_surface_dataset.py,surface-v2,20260825
science-Q696-chemical_symbol_of,science,chemical_symbol_of,Q696,argon,literal:string:Ar,Ar,chemical_element,chemical_symbol,Wikidata,wd:Q696:P246,https://www.wikidata.org/wiki/Q696#P246,C_val,science-Q696-chemical_symbol_of-formal-v1,formal,v1,S_test,Element: Argon. Symbol: Ar.,code/generate_controlled_surface_dataset.py,surface-v2,20260825
science-Q696-chemical_symbol_of,science,chemical_symbol_of,Q696,argon,literal:string:Ar,Ar,chemical_element,chemical_symbol,Wikidata,wd:Q696:P246,https://www.wikidata.org/wiki/Q696#P246,C_val,science-Q696-chemical_symbol_of-formal-v2,formal,v2,S_test,Symbol — Ar; element — Argon.,code/generate_controlled_surface_dataset.py,surface-v2,20260825
science-Q696-chemical_symbol_of,science,chemical_symbol_of,Q696,argon,literal:string:Ar,Ar,chemical_element,chemical_symbol,Wikidata,wd:Q696:P246,https://www.wikidata.org/wiki/Q696#P246,C_val,science-Q696-chemical_symbol_of-structured-v1,structured,v1,S_test,"{""element"": ""Argon"", ""symbol"": ""Ar""}",code/generate_controlled_surface_dataset.py,surface-v2,20260825
science-Q706-period_of,science,period_of,Q706,calcium,literal:period:4,4,chemical_element,period,Royal Society of Chemistry,rsc:Q706:period,https://periodic-table.rsc.org/element/20/calcium,C_val,science-Q706-period_of-declarative-v1,declarative,v1,S_train,Calcium is in period 4 of the periodic table.,code/generate_controlled_surface_dataset.py,surface-v2,20260825
science-Q706-period_of,science,period_of,Q706,calcium,literal:period:4,4,chemical_element,period,Royal Society of Chemistry,rsc:Q706:period,https://periodic-table.rsc.org/element/20/calcium,C_val,science-Q706-period_of-declarative-v2,declarative,v2,S_train,Calcium belongs to period 4 on the periodic table.,code/generate_controlled_surface_dataset.py,surface-v2,20260825
science-Q706-period_of,science,period_of,Q706,calcium,literal:period:4,4,chemical_element,period,Royal Society of Chemistry,rsc:Q706:period,https://periodic-table.rsc.org/element/20/calcium,C_val,science-Q706-period_of-declarative-v3,declarative,v3,S_train,Period 4 of the periodic table contains Calcium.,code/generate_controlled_surface_dataset.py,surface-v2,20260825
science-Q706-period_of,science,period_of,Q706,calcium,literal:period:4,4,chemical_element,period,Royal Society of Chemistry,rsc:Q706:period,https://periodic-table.rsc.org/element/20/calcium,C_val,science-Q706-period_of-question-v1,question,v1,S_train,Which period contains Calcium on the periodic table? 4.,code/generate_controlled_surface_dataset.py,surface-v2,20260825
science-Q706-period_of,science,period_of,Q706,calcium,literal:period:4,4,chemical_element,period,Royal Society of Chemistry,rsc:Q706:period,https://periodic-table.rsc.org/element/20/calcium,C_val,science-Q706-period_of-question-v2,question,v2,S_train,What periodic-table period is Calcium in? 4.,code/generate_controlled_surface_dataset.py,surface-v2,20260825
science-Q706-period_of,science,period_of,Q706,calcium,literal:period:4,4,chemical_element,period,Royal Society of Chemistry,rsc:Q706:period,https://periodic-table.rsc.org/element/20/calcium,C_val,science-Q706-period_of-question-v3,question,v3,S_train,Calcium appears in which period? 4.,code/generate_controlled_surface_dataset.py,surface-v2,20260825
science-Q706-period_of,science,period_of,Q706,calcium,literal:period:4,4,chemical_element,period,Royal Society of Chemistry,rsc:Q706:period,https://periodic-table.rsc.org/element/20/calcium,C_val,science-Q706-period_of-paraphrase-v1,paraphrase,v1,S_train,"On the periodic table, Calcium appears in row 4.",code/generate_controlled_surface_dataset.py,surface-v2,20260825
science-Q706-period_of,science,period_of,Q706,calcium,literal:period:4,4,chemical_element,period,Royal Society of Chemistry,rsc:Q706:period,https://periodic-table.rsc.org/element/20/calcium,C_val,science-Q706-period_of-paraphrase-v2,paraphrase,v2,S_train,The periodic-table row for Calcium is 4.,code/generate_controlled_surface_dataset.py,surface-v2,20260825
science-Q706-period_of,science,period_of,Q706,calcium,literal:period:4,4,chemical_element,period,Royal Society of Chemistry,rsc:Q706:period,https://periodic-table.rsc.org/element/20/calcium,C_val,science-Q706-period_of-paraphrase-v3,paraphrase,v3,S_train,Calcium is placed on row 4 of the periodic table.,code/generate_controlled_surface_dataset.py,surface-v2,20260825
science-Q706-period_of,science,period_of,Q706,calcium,literal:period:4,4,chemical_element,period,Royal Society of Chemistry,rsc:Q706:period,https://periodic-table.rsc.org/element/20/calcium,C_val,science-Q706-period_of-formal-v1,formal,v1,S_test,Element: Calcium. Period: 4.,code/generate_controlled_surface_dataset.py,surface-v2,20260825
science-Q706-period_of,science,period_of,Q706,calcium,literal:period:4,4,chemical_element,period,Royal Society of Chemistry,rsc:Q706:period,https://periodic-table.rsc.org/element/20/calcium,C_val,science-Q706-period_of-formal-v2,formal,v2,S_test,Period — 4; element — Calcium.,code/generate_controlled_surface_dataset.py,surface-v2,20260825
science-Q706-period_of,science,period_of,Q706,calcium,literal:period:4,4,chemical_element,period,Royal Society of Chemistry,rsc:Q706:period,https://periodic-table.rsc.org/element/20/calcium,C_val,science-Q706-period_of-structured-v1,structured,v1,S_test,"{""element"": ""Calcium"", ""period"": ""4""}",code/generate_controlled_surface_dataset.py,surface-v2,20260825
science-Q753-chemical_symbol_of,science,chemical_symbol_of,Q753,copper,literal:string:Cu,Cu,chemical_element,chemical_symbol,Wikidata,wd:Q753:P246,https://www.wikidata.org/wiki/Q753#P246,C_val,science-Q753-chemical_symbol_of-declarative-v1,declarative,v1,S_train,The chemical symbol for Copper is Cu.,code/generate_controlled_surface_dataset.py,surface-v2,20260825
science-Q753-chemical_symbol_of,science,chemical_symbol_of,Q753,copper,literal:string:Cu,Cu,chemical_element,chemical_symbol,Wikidata,wd:Q753:P246,https://www.wikidata.org/wiki/Q753#P246,C_val,science-Q753-chemical_symbol_of-declarative-v2,declarative,v2,S_train,Copper's chemical symbol is Cu.,code/generate_controlled_surface_dataset.py,surface-v2,20260825
science-Q753-chemical_symbol_of,science,chemical_symbol_of,Q753,copper,literal:string:Cu,Cu,chemical_element,chemical_symbol,Wikidata,wd:Q753:P246,https://www.wikidata.org/wiki/Q753#P246,C_val,science-Q753-chemical_symbol_of-declarative-v3,declarative,v3,S_train,Cu is the chemical symbol of Copper.,code/generate_controlled_surface_dataset.py,surface-v2,20260825
science-Q753-chemical_symbol_of,science,chemical_symbol_of,Q753,copper,literal:string:Cu,Cu,chemical_element,chemical_symbol,Wikidata,wd:Q753:P246,https://www.wikidata.org/wiki/Q753#P246,C_val,science-Q753-chemical_symbol_of-question-v1,question,v1,S_train,What is the chemical symbol for Copper? Cu.,code/generate_controlled_surface_dataset.py,surface-v2,20260825
science-Q753-chemical_symbol_of,science,chemical_symbol_of,Q753,copper,literal:string:Cu,Cu,chemical_element,chemical_symbol,Wikidata,wd:Q753:P246,https://www.wikidata.org/wiki/Q753#P246,C_val,science-Q753-chemical_symbol_of-question-v2,question,v2,S_train,Which symbol represents Copper? Cu.,code/generate_controlled_surface_dataset.py,surface-v2,20260825
science-Q753-chemical_symbol_of,science,chemical_symbol_of,Q753,copper,literal:string:Cu,Cu,chemical_element,chemical_symbol,Wikidata,wd:Q753:P246,https://www.wikidata.org/wiki/Q753#P246,C_val,science-Q753-chemical_symbol_of-question-v3,question,v3,S_train,Copper is represented by which symbol? Cu.,code/generate_controlled_surface_dataset.py,surface-v2,20260825
science-Q753-chemical_symbol_of,science,chemical_symbol_of,Q753,copper,literal:string:Cu,Cu,chemical_element,chemical_symbol,Wikidata,wd:Q753:P246,https://www.wikidata.org/wiki/Q753#P246,C_val,science-Q753-chemical_symbol_of-paraphrase-v1,paraphrase,v1,S_train,Copper is written as Cu on the periodic table.,code/generate_controlled_surface_dataset.py,surface-v2,20260825
science-Q753-chemical_symbol_of,science,chemical_symbol_of,Q753,copper,literal:string:Cu,Cu,chemical_element,chemical_symbol,Wikidata,wd:Q753:P246,https://www.wikidata.org/wiki/Q753#P246,C_val,science-Q753-chemical_symbol_of-paraphrase-v2,paraphrase,v2,S_train,"On the periodic table, Cu denotes Copper.",code/generate_controlled_surface_dataset.py,surface-v2,20260825
science-Q753-chemical_symbol_of,science,chemical_symbol_of,Q753,copper,literal:string:Cu,Cu,chemical_element,chemical_symbol,Wikidata,wd:Q753:P246,https://www.wikidata.org/wiki/Q753#P246,C_val,science-Q753-chemical_symbol_of-paraphrase-v3,paraphrase,v3,S_train,The notation Cu stands for Copper.,code/generate_controlled_surface_dataset.py,surface-v2,20260825
science-Q753-chemical_symbol_of,science,chemical_symbol_of,Q753,copper,literal:string:Cu,Cu,chemical_element,chemical_symbol,Wikidata,wd:Q753:P246,https://www.wikidata.org/wiki/Q753#P246,C_val,science-Q753-chemical_symbol_of-formal-v1,formal,v1,S_test,Element: Copper. Symbol: Cu.,code/generate_controlled_surface_dataset.py,surface-v2,20260825
science-Q753-chemical_symbol_of,science,chemical_symbol_of,Q753,copper,literal:string:Cu,Cu,chemical_element,chemical_symbol,Wikidata,wd:Q753:P246,https://www.wikidata.org/wiki/Q753#P246,C_val,science-Q753-chemical_symbol_of-formal-v2,formal,v2,S_test,Symbol — Cu; element — Copper.,code/generate_controlled_surface_dataset.py,surface-v2,20260825
science-Q753-chemical_symbol_of,science,chemical_symbol_of,Q753,copper,literal:string:Cu,Cu,chemical_element,chemical_symbol,Wikidata,wd:Q753:P246,https://www.wikidata.org/wiki/Q753#P246,C_val,science-Q753-chemical_symbol_of-structured-v1,structured,v1,S_test,"{""element"": ""Copper"", ""symbol"": ""Cu""}",code/generate_controlled_surface_dataset.py,surface-v2,20260825
science-Q871-atomic_number_of,science,atomic_number_of,Q871,arsenic,literal:http://www.w3.org/2001/XMLSchema#decimal:33,33,chemical_element,integer,Wikidata,wd:Q871:P1086,https://www.wikidata.org/wiki/Q871#P1086,C_test,science-Q871-atomic_number_of-declarative-v1,declarative,v1,S_train,Arsenic has atomic number 33.,code/generate_controlled_surface_dataset.py,surface-v2,20260825
science-Q871-atomic_number_of,science,atomic_number_of,Q871,arsenic,literal:http://www.w3.org/2001/XMLSchema#decimal:33,33,chemical_element,integer,Wikidata,wd:Q871:P1086,https://www.wikidata.org/wiki/Q871#P1086,C_test,science-Q871-atomic_number_of-declarative-v2,declarative,v2,S_train,Arsenic is assigned atomic number 33.,code/generate_controlled_surface_dataset.py,surface-v2,20260825
science-Q871-atomic_number_of,science,atomic_number_of,Q871,arsenic,literal:http://www.w3.org/2001/XMLSchema#decimal:33,33,chemical_element,integer,Wikidata,wd:Q871:P1086,https://www.wikidata.org/wiki/Q871#P1086,C_test,science-Q871-atomic_number_of-declarative-v3,declarative,v3,S_train,The atomic number associated with Arsenic is 33.,code/generate_controlled_surface_dataset.py,surface-v2,20260825
science-Q871-atomic_number_of,science,atomic_number_of,Q871,arsenic,literal:http://www.w3.org/2001/XMLSchema#decimal:33,33,chemical_element,integer,Wikidata,wd:Q871:P1086,https://www.wikidata.org/wiki/Q871#P1086,C_test,science-Q871-atomic_number_of-question-v1,question,v1,S_train,What is the atomic number of Arsenic? 33.,code/generate_controlled_surface_dataset.py,surface-v2,20260825
science-Q871-atomic_number_of,science,atomic_number_of,Q871,arsenic,literal:http://www.w3.org/2001/XMLSchema#decimal:33,33,chemical_element,integer,Wikidata,wd:Q871:P1086,https://www.wikidata.org/wiki/Q871#P1086,C_test,science-Q871-atomic_number_of-question-v2,question,v2,S_train,Which atomic number belongs to Arsenic? 33.,code/generate_controlled_surface_dataset.py,surface-v2,20260825
science-Q871-atomic_number_of,science,atomic_number_of,Q871,arsenic,literal:http://www.w3.org/2001/XMLSchema#decimal:33,33,chemical_element,integer,Wikidata,wd:Q871:P1086,https://www.wikidata.org/wiki/Q871#P1086,C_test,science-Q871-atomic_number_of-question-v3,question,v3,S_train,Arsenic has what atomic number? 33.,code/generate_controlled_surface_dataset.py,surface-v2,20260825
science-Q871-atomic_number_of,science,atomic_number_of,Q871,arsenic,literal:http://www.w3.org/2001/XMLSchema#decimal:33,33,chemical_element,integer,Wikidata,wd:Q871:P1086,https://www.wikidata.org/wiki/Q871#P1086,C_test,science-Q871-atomic_number_of-paraphrase-v1,paraphrase,v1,S_train,An atom of Arsenic contains 33 protons.,code/generate_controlled_surface_dataset.py,surface-v2,20260825
science-Q871-atomic_number_of,science,atomic_number_of,Q871,arsenic,literal:http://www.w3.org/2001/XMLSchema#decimal:33,33,chemical_element,integer,Wikidata,wd:Q871:P1086,https://www.wikidata.org/wiki/Q871#P1086,C_test,science-Q871-atomic_number_of-paraphrase-v2,paraphrase,v2,S_train,33 is the atomic number assigned to Arsenic.,code/generate_controlled_surface_dataset.py,surface-v2,20260825
science-Q871-atomic_number_of,science,atomic_number_of,Q871,arsenic,literal:http://www.w3.org/2001/XMLSchema#decimal:33,33,chemical_element,integer,Wikidata,wd:Q871:P1086,https://www.wikidata.org/wiki/Q871#P1086,C_test,science-Q871-atomic_number_of-paraphrase-v3,paraphrase,v3,S_train,Arsenic occupies atomic-number position 33.,code/generate_controlled_surface_dataset.py,surface-v2,20260825
science-Q871-atomic_number_of,science,atomic_number_of,Q871,arsenic,literal:http://www.w3.org/2001/XMLSchema#decimal:33,33,chemical_element,integer,Wikidata,wd:Q871:P1086,https://www.wikidata.org/wiki/Q871#P1086,C_test,science-Q871-atomic_number_of-formal-v1,formal,v1,S_test,Element: Arsenic. Atomic number: 33.,code/generate_controlled_surface_dataset.py,surface-v2,20260825
science-Q871-atomic_number_of,science,atomic_number_of,Q871,arsenic,literal:http://www.w3.org/2001/XMLSchema#decimal:33,33,chemical_element,integer,Wikidata,wd:Q871:P1086,https://www.wikidata.org/wiki/Q871#P1086,C_test,science-Q871-atomic_number_of-formal-v2,formal,v2,S_test,Atomic number — 33; element — Arsenic.,code/generate_controlled_surface_dataset.py,surface-v2,20260825
science-Q871-atomic_number_of,science,atomic_number_of,Q871,arsenic,literal:http://www.w3.org/2001/XMLSchema#decimal:33,33,chemical_element,integer,Wikidata,wd:Q871:P1086,https://www.wikidata.org/wiki/Q871#P1086,C_test,science-Q871-atomic_number_of-structured-v1,structured,v1,S_test,"{""atomic_number"": ""33"", ""element"": ""Arsenic""}",code/generate_controlled_surface_dataset.py,surface-v2,20260825
science-Q877-atomic_number_of,science,atomic_number_of,Q877,iridium,literal:http://www.w3.org/2001/XMLSchema#decimal:77,77,chemical_element,integer,Wikidata,wd:Q877:P1086,https://www.wikidata.org/wiki/Q877#P1086,C_test,science-Q877-atomic_number_of-declarative-v1,declarative,v1,S_train,Iridium has atomic number 77.,code/generate_controlled_surface_dataset.py,surface-v2,20260825
science-Q877-atomic_number_of,science,atomic_number_of,Q877,iridium,literal:http://www.w3.org/2001/XMLSchema#decimal:77,77,chemical_element,integer,Wikidata,wd:Q877:P1086,https://www.wikidata.org/wiki/Q877#P1086,C_test,science-Q877-atomic_number_of-declarative-v2,declarative,v2,S_train,Iridium is assigned atomic number 77.,code/generate_controlled_surface_dataset.py,surface-v2,20260825
science-Q877-atomic_number_of,science,atomic_number_of,Q877,iridium,literal:http://www.w3.org/2001/XMLSchema#decimal:77,77,chemical_element,integer,Wikidata,wd:Q877:P1086,https://www.wikidata.org/wiki/Q877#P1086,C_test,science-Q877-atomic_number_of-declarative-v3,declarative,v3,S_train,The atomic number associated with Iridium is 77.,code/generate_controlled_surface_dataset.py,surface-v2,20260825
science-Q877-atomic_number_of,science,atomic_number_of,Q877,iridium,literal:http://www.w3.org/2001/XMLSchema#decimal:77,77,chemical_element,integer,Wikidata,wd:Q877:P1086,https://www.wikidata.org/wiki/Q877#P1086,C_test,science-Q877-atomic_number_of-question-v1,question,v1,S_train,What is the atomic number of Iridium? 77.,code/generate_controlled_surface_dataset.py,surface-v2,20260825
science-Q877-atomic_number_of,science,atomic_number_of,Q877,iridium,literal:http://www.w3.org/2001/XMLSchema#decimal:77,77,chemical_element,integer,Wikidata,wd:Q877:P1086,https://www.wikidata.org/wiki/Q877#P1086,C_test,science-Q877-atomic_number_of-question-v2,question,v2,S_train,Which atomic number belongs to Iridium? 77.,code/generate_controlled_surface_dataset.py,surface-v2,20260825
science-Q877-atomic_number_of,science,atomic_number_of,Q877,iridium,literal:http://www.w3.org/2001/XMLSchema#decimal:77,77,chemical_element,integer,Wikidata,wd:Q877:P1086,https://www.wikidata.org/wiki/Q877#P1086,C_test,science-Q877-atomic_number_of-question-v3,question,v3,S_train,Iridium has what atomic number? 77.,code/generate_controlled_surface_dataset.py,surface-v2,20260825
science-Q877-atomic_number_of,science,atomic_number_of,Q877,iridium,literal:http://www.w3.org/2001/XMLSchema#decimal:77,77,chemical_element,integer,Wikidata,wd:Q877:P1086,https://www.wikidata.org/wiki/Q877#P1086,C_test,science-Q877-atomic_number_of-paraphrase-v1,paraphrase,v1,S_train,An atom of Iridium contains 77 protons.,code/generate_controlled_surface_dataset.py,surface-v2,20260825
science-Q877-atomic_number_of,science,atomic_number_of,Q877,iridium,literal:http://www.w3.org/2001/XMLSchema#decimal:77,77,chemical_element,integer,Wikidata,wd:Q877:P1086,https://www.wikidata.org/wiki/Q877#P1086,C_test,science-Q877-atomic_number_of-paraphrase-v2,paraphrase,v2,S_train,77 is the atomic number assigned to Iridium.,code/generate_controlled_surface_dataset.py,surface-v2,20260825
science-Q877-atomic_number_of,science,atomic_number_of,Q877,iridium,literal:http://www.w3.org/2001/XMLSchema#decimal:77,77,chemical_element,integer,Wikidata,wd:Q877:P1086,https://www.wikidata.org/wiki/Q877#P1086,C_test,science-Q877-atomic_number_of-paraphrase-v3,paraphrase,v3,S_train,Iridium occupies atomic-number position 77.,code/generate_controlled_surface_dataset.py,surface-v2,20260825
science-Q877-atomic_number_of,science,atomic_number_of,Q877,iridium,literal:http://www.w3.org/2001/XMLSchema#decimal:77,77,chemical_element,integer,Wikidata,wd:Q877:P1086,https://www.wikidata.org/wiki/Q877#P1086,C_test,science-Q877-atomic_number_of-formal-v1,formal,v1,S_test,Element: Iridium. Atomic number: 77.,code/generate_controlled_surface_dataset.py,surface-v2,20260825
science-Q877-atomic_number_of,science,atomic_number_of,Q877,iridium,literal:http://www.w3.org/2001/XMLSchema#decimal:77,77,chemical_element,integer,Wikidata,wd:Q877:P1086,https://www.wikidata.org/wiki/Q877#P1086,C_test,science-Q877-atomic_number_of-formal-v2,formal,v2,S_test,Atomic number — 77; element — Iridium.,code/generate_controlled_surface_dataset.py,surface-v2,20260825
science-Q877-atomic_number_of,science,atomic_number_of,Q877,iridium,literal:http://www.w3.org/2001/XMLSchema#decimal:77,77,chemical_element,integer,Wikidata,wd:Q877:P1086,https://www.wikidata.org/wiki/Q877#P1086,C_test,science-Q877-atomic_number_of-structured-v1,structured,v1,S_test,"{""atomic_number"": ""77"", ""element"": ""Iridium""}",code/generate_controlled_surface_dataset.py,surface-v2,20260825
science-Q879-atomic_number_of,science,atomic_number_of,Q879,bromine,literal:http://www.w3.org/2001/XMLSchema#decimal:35,35,chemical_element,integer,Wikidata,wd:Q879:P1086,https://www.wikidata.org/wiki/Q879#P1086,C_test,science-Q879-atomic_number_of-declarative-v1,declarative,v1,S_train,Bromine has atomic number 35.,code/generate_controlled_surface_dataset.py,surface-v2,20260825
science-Q879-atomic_number_of,science,atomic_number_of,Q879,bromine,literal:http://www.w3.org/2001/XMLSchema#decimal:35,35,chemical_element,integer,Wikidata,wd:Q879:P1086,https://www.wikidata.org/wiki/Q879#P1086,C_test,science-Q879-atomic_number_of-declarative-v2,declarative,v2,S_train,Bromine is assigned atomic number 35.,code/generate_controlled_surface_dataset.py,surface-v2,20260825
science-Q879-atomic_number_of,science,atomic_number_of,Q879,bromine,literal:http://www.w3.org/2001/XMLSchema#decimal:35,35,chemical_element,integer,Wikidata,wd:Q879:P1086,https://www.wikidata.org/wiki/Q879#P1086,C_test,science-Q879-atomic_number_of-declarative-v3,declarative,v3,S_train,The atomic number associated with Bromine is 35.,code/generate_controlled_surface_dataset.py,surface-v2,20260825
science-Q879-atomic_number_of,science,atomic_number_of,Q879,bromine,literal:http://www.w3.org/2001/XMLSchema#decimal:35,35,chemical_element,integer,Wikidata,wd:Q879:P1086,https://www.wikidata.org/wiki/Q879#P1086,C_test,science-Q879-atomic_number_of-question-v1,question,v1,S_train,What is the atomic number of Bromine? 35.,code/generate_controlled_surface_dataset.py,surface-v2,20260825
science-Q879-atomic_number_of,science,atomic_number_of,Q879,bromine,literal:http://www.w3.org/2001/XMLSchema#decimal:35,35,chemical_element,integer,Wikidata,wd:Q879:P1086,https://www.wikidata.org/wiki/Q879#P1086,C_test,science-Q879-atomic_number_of-question-v2,question,v2,S_train,Which atomic number belongs to Bromine? 35.,code/generate_controlled_surface_dataset.py,surface-v2,20260825
science-Q879-atomic_number_of,science,atomic_number_of,Q879,bromine,literal:http://www.w3.org/2001/XMLSchema#decimal:35,35,chemical_element,integer,Wikidata,wd:Q879:P1086,https://www.wikidata.org/wiki/Q879#P1086,C_test,science-Q879-atomic_number_of-question-v3,question,v3,S_train,Bromine has what atomic number? 35.,code/generate_controlled_surface_dataset.py,surface-v2,20260825
science-Q879-atomic_number_of,science,atomic_number_of,Q879,bromine,literal:http://www.w3.org/2001/XMLSchema#decimal:35,35,chemical_element,integer,Wikidata,wd:Q879:P1086,https://www.wikidata.org/wiki/Q879#P1086,C_test,science-Q879-atomic_number_of-paraphrase-v1,paraphrase,v1,S_train,An atom of Bromine contains 35 protons.,code/generate_controlled_surface_dataset.py,surface-v2,20260825
science-Q879-atomic_number_of,science,atomic_number_of,Q879,bromine,literal:http://www.w3.org/2001/XMLSchema#decimal:35,35,chemical_element,integer,Wikidata,wd:Q879:P1086,https://www.wikidata.org/wiki/Q879#P1086,C_test,science-Q879-atomic_number_of-paraphrase-v2,paraphrase,v2,S_train,35 is the atomic number assigned to Bromine.,code/generate_controlled_surface_dataset.py,surface-v2,20260825
science-Q879-atomic_number_of,science,atomic_number_of,Q879,bromine,literal:http://www.w3.org/2001/XMLSchema#decimal:35,35,chemical_element,integer,Wikidata,wd:Q879:P1086,https://www.wikidata.org/wiki/Q879#P1086,C_test,science-Q879-atomic_number_of-paraphrase-v3,paraphrase,v3,S_train,Bromine occupies atomic-number position 35.,code/generate_controlled_surface_dataset.py,surface-v2,20260825
science-Q879-atomic_number_of,science,atomic_number_of,Q879,bromine,literal:http://www.w3.org/2001/XMLSchema#decimal:35,35,chemical_element,integer,Wikidata,wd:Q879:P1086,https://www.wikidata.org/wiki/Q879#P1086,C_test,science-Q879-atomic_number_of-formal-v1,formal,v1,S_test,Element: Bromine. Atomic number: 35.,code/generate_controlled_surface_dataset.py,surface-v2,20260825
science-Q879-atomic_number_of,science,atomic_number_of,Q879,bromine,literal:http://www.w3.org/2001/XMLSchema#decimal:35,35,chemical_element,integer,Wikidata,wd:Q879:P1086,https://www.wikidata.org/wiki/Q879#P1086,C_test,science-Q879-atomic_number_of-formal-v2,formal,v2,S_test,Atomic number — 35; element — Bromine.,code/generate_controlled_surface_dataset.py,surface-v2,20260825
science-Q879-atomic_number_of,science,atomic_number_of,Q879,bromine,literal:http://www.w3.org/2001/XMLSchema#decimal:35,35,chemical_element,integer,Wikidata,wd:Q879:P1086,https://www.wikidata.org/wiki/Q879#P1086,C_test,science-Q879-atomic_number_of-structured-v1,structured,v1,S_test,"{""atomic_number"": ""35"", ""element"": ""Bromine""}",code/generate_controlled_surface_dataset.py,surface-v2,20260825
science-Q879-period_of,science,period_of,Q879,bromine,literal:period:4,4,chemical_element,period,Royal Society of Chemistry,rsc:Q879:period,https://periodic-table.rsc.org/element/35/bromine,C_test,science-Q879-period_of-declarative-v1,declarative,v1,S_train,Bromine is in period 4 of the periodic table.,code/generate_controlled_surface_dataset.py,surface-v2,20260825
science-Q879-period_of,science,period_of,Q879,bromine,literal:period:4,4,chemical_element,period,Royal Society of Chemistry,rsc:Q879:period,https://periodic-table.rsc.org/element/35/bromine,C_test,science-Q879-period_of-declarative-v2,declarative,v2,S_train,Bromine belongs to period 4 on the periodic table.,code/generate_controlled_surface_dataset.py,surface-v2,20260825
science-Q879-period_of,science,period_of,Q879,bromine,literal:period:4,4,chemical_element,period,Royal Society of Chemistry,rsc:Q879:period,https://periodic-table.rsc.org/element/35/bromine,C_test,science-Q879-period_of-declarative-v3,declarative,v3,S_train,Period 4 of the periodic table contains Bromine.,code/generate_controlled_surface_dataset.py,surface-v2,20260825
science-Q879-period_of,science,period_of,Q879,bromine,literal:period:4,4,chemical_element,period,Royal Society of Chemistry,rsc:Q879:period,https://periodic-table.rsc.org/element/35/bromine,C_test,science-Q879-period_of-question-v1,question,v1,S_train,Which period contains Bromine on the periodic table? 4.,code/generate_controlled_surface_dataset.py,surface-v2,20260825
science-Q879-period_of,science,period_of,Q879,bromine,literal:period:4,4,chemical_element,period,Royal Society of Chemistry,rsc:Q879:period,https://periodic-table.rsc.org/element/35/bromine,C_test,science-Q879-period_of-question-v2,question,v2,S_train,What periodic-table period is Bromine in? 4.,code/generate_controlled_surface_dataset.py,surface-v2,20260825
science-Q879-period_of,science,period_of,Q879,bromine,literal:period:4,4,chemical_element,period,Royal Society of Chemistry,rsc:Q879:period,https://periodic-table.rsc.org/element/35/bromine,C_test,science-Q879-period_of-question-v3,question,v3,S_train,Bromine appears in which period? 4.,code/generate_controlled_surface_dataset.py,surface-v2,20260825
science-Q879-period_of,science,period_of,Q879,bromine,literal:period:4,4,chemical_element,period,Royal Society of Chemistry,rsc:Q879:period,https://periodic-table.rsc.org/element/35/bromine,C_test,science-Q879-period_of-paraphrase-v1,paraphrase,v1,S_train,"On the periodic table, Bromine appears in row 4.",code/generate_controlled_surface_dataset.py,surface-v2,20260825
science-Q879-period_of,science,period_of,Q879,bromine,literal:period:4,4,chemical_element,period,Royal Society of Chemistry,rsc:Q879:period,https://periodic-table.rsc.org/element/35/bromine,C_test,science-Q879-period_of-paraphrase-v2,paraphrase,v2,S_train,The periodic-table row for Bromine is 4.,code/generate_controlled_surface_dataset.py,surface-v2,20260825
science-Q879-period_of,science,period_of,Q879,bromine,literal:period:4,4,chemical_element,period,Royal Society of Chemistry,rsc:Q879:period,https://periodic-table.rsc.org/element/35/bromine,C_test,science-Q879-period_of-paraphrase-v3,paraphrase,v3,S_train,Bromine is placed on row 4 of the periodic table.,code/generate_controlled_surface_dataset.py,surface-v2,20260825
science-Q879-period_of,science,period_of,Q879,bromine,literal:period:4,4,chemical_element,period,Royal Society of Chemistry,rsc:Q879:period,https://periodic-table.rsc.org/element/35/bromine,C_test,science-Q879-period_of-formal-v1,formal,v1,S_test,Element: Bromine. Period: 4.,code/generate_controlled_surface_dataset.py,surface-v2,20260825
science-Q879-period_of,science,period_of,Q879,bromine,literal:period:4,4,chemical_element,period,Royal Society of Chemistry,rsc:Q879:period,https://periodic-table.rsc.org/element/35/bromine,C_test,science-Q879-period_of-formal-v2,formal,v2,S_test,Period — 4; element — Bromine.,code/generate_controlled_surface_dataset.py,surface-v2,20260825
science-Q879-period_of,science,period_of,Q879,bromine,literal:period:4,4,chemical_element,period,Royal Society of Chemistry,rsc:Q879:period,https://periodic-table.rsc.org/element/35/bromine,C_test,science-Q879-period_of-structured-v1,structured,v1,S_test,"{""element"": ""Bromine"", ""period"": ""4""}",code/generate_controlled_surface_dataset.py,surface-v2,20260825
science-Q979-period_of,science,period_of,Q979,polonium,literal:period:6,6,chemical_element,period,Royal Society of Chemistry,rsc:Q979:period,https://periodic-table.rsc.org/element/84/polonium,C_test,science-Q979-period_of-declarative-v1,declarative,v1,S_train,Polonium is in period 6 of the periodic table.,code/generate_controlled_surface_dataset.py,surface-v2,20260825
science-Q979-period_of,science,period_of,Q979,polonium,literal:period:6,6,chemical_element,period,Royal Society of Chemistry,rsc:Q979:period,https://periodic-table.rsc.org/element/84/polonium,C_test,science-Q979-period_of-declarative-v2,declarative,v2,S_train,Polonium belongs to period 6 on the periodic table.,code/generate_controlled_surface_dataset.py,surface-v2,20260825
science-Q979-period_of,science,period_of,Q979,polonium,literal:period:6,6,chemical_element,period,Royal Society of Chemistry,rsc:Q979:period,https://periodic-table.rsc.org/element/84/polonium,C_test,science-Q979-period_of-declarative-v3,declarative,v3,S_train,Period 6 of the periodic table contains Polonium.,code/generate_controlled_surface_dataset.py,surface-v2,20260825
science-Q979-period_of,science,period_of,Q979,polonium,literal:period:6,6,chemical_element,period,Royal Society of Chemistry,rsc:Q979:period,https://periodic-table.rsc.org/element/84/polonium,C_test,science-Q979-period_of-question-v1,question,v1,S_train,Which period contains Polonium on the periodic table? 6.,code/generate_controlled_surface_dataset.py,surface-v2,20260825
science-Q979-period_of,science,period_of,Q979,polonium,literal:period:6,6,chemical_element,period,Royal Society of Chemistry,rsc:Q979:period,https://periodic-table.rsc.org/element/84/polonium,C_test,science-Q979-period_of-question-v2,question,v2,S_train,What periodic-table period is Polonium in? 6.,code/generate_controlled_surface_dataset.py,surface-v2,20260825
science-Q979-period_of,science,period_of,Q979,polonium,literal:period:6,6,chemical_element,period,Royal Society of Chemistry,rsc:Q979:period,https://periodic-table.rsc.org/element/84/polonium,C_test,science-Q979-period_of-question-v3,question,v3,S_train,Polonium appears in which period? 6.,code/generate_controlled_surface_dataset.py,surface-v2,20260825
science-Q979-period_of,science,period_of,Q979,polonium,literal:period:6,6,chemical_element,period,Royal Society of Chemistry,rsc:Q979:period,https://periodic-table.rsc.org/element/84/polonium,C_test,science-Q979-period_of-paraphrase-v1,paraphrase,v1,S_train,"On the periodic table, Polonium appears in row 6.",code/generate_controlled_surface_dataset.py,surface-v2,20260825
science-Q979-period_of,science,period_of,Q979,polonium,literal:period:6,6,chemical_element,period,Royal Society of Chemistry,rsc:Q979:period,https://periodic-table.rsc.org/element/84/polonium,C_test,science-Q979-period_of-paraphrase-v2,paraphrase,v2,S_train,The periodic-table row for Polonium is 6.,code/generate_controlled_surface_dataset.py,surface-v2,20260825
science-Q979-period_of,science,period_of,Q979,polonium,literal:period:6,6,chemical_element,period,Royal Society of Chemistry,rsc:Q979:period,https://periodic-table.rsc.org/element/84/polonium,C_test,science-Q979-period_of-paraphrase-v3,paraphrase,v3,S_train,Polonium is placed on row 6 of the periodic table.,code/generate_controlled_surface_dataset.py,surface-v2,20260825
science-Q979-period_of,science,period_of,Q979,polonium,literal:period:6,6,chemical_element,period,Royal Society of Chemistry,rsc:Q979:period,https://periodic-table.rsc.org/element/84/polonium,C_test,science-Q979-period_of-formal-v1,formal,v1,S_test,Element: Polonium. Period: 6.,code/generate_controlled_surface_dataset.py,surface-v2,20260825
science-Q979-period_of,science,period_of,Q979,polonium,literal:period:6,6,chemical_element,period,Royal Society of Chemistry,rsc:Q979:period,https://periodic-table.rsc.org/element/84/polonium,C_test,science-Q979-period_of-formal-v2,formal,v2,S_test,Period — 6; element — Polonium.,code/generate_controlled_surface_dataset.py,surface-v2,20260825
science-Q979-period_of,science,period_of,Q979,polonium,literal:period:6,6,chemical_element,period,Royal Society of Chemistry,rsc:Q979:period,https://periodic-table.rsc.org/element/84/polonium,C_test,science-Q979-period_of-structured-v1,structured,v1,S_test,"{""element"": ""Polonium"", ""period"": ""6""}",code/generate_controlled_surface_dataset.py,surface-v2,20260825
