fact_id,C_domain,C_relation,C_subject_id,C_subject_label,C_value_id,C_value_label,C_subject_type,C_value_type,source_name,source_record_id,source_provenance,C_split,example_id,S_family,S_variant,S_split,text,generator,template_version,generation_seed
geography-Q1005-continent_of,geography,continent_of,Q1005,The Gambia,Q15,Africa,country,continent,Wikidata,wd:Q1005:P30,https://www.wikidata.org/wiki/Q1005#P30,C_train,geography-Q1005-continent_of-declarative-v1,declarative,v1,S_train,The Gambia is in Africa.,code/generate_controlled_surface_dataset.py,surface-v2,20260825
geography-Q1005-continent_of,geography,continent_of,Q1005,The Gambia,Q15,Africa,country,continent,Wikidata,wd:Q1005:P30,https://www.wikidata.org/wiki/Q1005#P30,C_train,geography-Q1005-continent_of-declarative-v2,declarative,v2,S_train,The Gambia lies in Africa.,code/generate_controlled_surface_dataset.py,surface-v2,20260825
geography-Q1005-continent_of,geography,continent_of,Q1005,The Gambia,Q15,Africa,country,continent,Wikidata,wd:Q1005:P30,https://www.wikidata.org/wiki/Q1005#P30,C_train,geography-Q1005-continent_of-declarative-v3,declarative,v3,S_train,Africa includes The Gambia.,code/generate_controlled_surface_dataset.py,surface-v2,20260825
geography-Q1005-continent_of,geography,continent_of,Q1005,The Gambia,Q15,Africa,country,continent,Wikidata,wd:Q1005:P30,https://www.wikidata.org/wiki/Q1005#P30,C_train,geography-Q1005-continent_of-question-v1,question,v1,S_train,Which continent is The Gambia in? Africa.,code/generate_controlled_surface_dataset.py,surface-v2,20260825
geography-Q1005-continent_of,geography,continent_of,Q1005,The Gambia,Q15,Africa,country,continent,Wikidata,wd:Q1005:P30,https://www.wikidata.org/wiki/Q1005#P30,C_train,geography-Q1005-continent_of-question-v2,question,v2,S_train,The Gambia belongs to which continent? Africa.,code/generate_controlled_surface_dataset.py,surface-v2,20260825
geography-Q1005-continent_of,geography,continent_of,Q1005,The Gambia,Q15,Africa,country,continent,Wikidata,wd:Q1005:P30,https://www.wikidata.org/wiki/Q1005#P30,C_train,geography-Q1005-continent_of-question-v3,question,v3,S_train,What continent contains The Gambia? Africa.,code/generate_controlled_surface_dataset.py,surface-v2,20260825
geography-Q1005-continent_of,geography,continent_of,Q1005,The Gambia,Q15,Africa,country,continent,Wikidata,wd:Q1005:P30,https://www.wikidata.org/wiki/Q1005#P30,C_train,geography-Q1005-continent_of-paraphrase-v1,paraphrase,v1,S_train,The continent containing The Gambia is Africa.,code/generate_controlled_surface_dataset.py,surface-v2,20260825
geography-Q1005-continent_of,geography,continent_of,Q1005,The Gambia,Q15,Africa,country,continent,Wikidata,wd:Q1005:P30,https://www.wikidata.org/wiki/Q1005#P30,C_train,geography-Q1005-continent_of-paraphrase-v2,paraphrase,v2,S_train,The Gambia is part of Africa.,code/generate_controlled_surface_dataset.py,surface-v2,20260825
geography-Q1005-continent_of,geography,continent_of,Q1005,The Gambia,Q15,Africa,country,continent,Wikidata,wd:Q1005:P30,https://www.wikidata.org/wiki/Q1005#P30,C_train,geography-Q1005-continent_of-paraphrase-v3,paraphrase,v3,S_train,"For The Gambia, the relevant continent is Africa.",code/generate_controlled_surface_dataset.py,surface-v2,20260825
geography-Q1005-continent_of,geography,continent_of,Q1005,The Gambia,Q15,Africa,country,continent,Wikidata,wd:Q1005:P30,https://www.wikidata.org/wiki/Q1005#P30,C_train,geography-Q1005-continent_of-formal-v1,formal,v1,S_test,Country: The Gambia. Continent: Africa.,code/generate_controlled_surface_dataset.py,surface-v2,20260825
geography-Q1005-continent_of,geography,continent_of,Q1005,The Gambia,Q15,Africa,country,continent,Wikidata,wd:Q1005:P30,https://www.wikidata.org/wiki/Q1005#P30,C_train,geography-Q1005-continent_of-formal-v2,formal,v2,S_test,Continent — Africa; country — The Gambia.,code/generate_controlled_surface_dataset.py,surface-v2,20260825
geography-Q1005-continent_of,geography,continent_of,Q1005,The Gambia,Q15,Africa,country,continent,Wikidata,wd:Q1005:P30,https://www.wikidata.org/wiki/Q1005#P30,C_train,geography-Q1005-continent_of-structured-v1,structured,v1,S_test,"{""continent"": ""Africa"", ""country"": ""The Gambia""}",code/generate_controlled_surface_dataset.py,surface-v2,20260825
geography-Q1014-continent_of,geography,continent_of,Q1014,Liberia,Q15,Africa,country,continent,Wikidata,wd:Q1014:P30,https://www.wikidata.org/wiki/Q1014#P30,C_train,geography-Q1014-continent_of-declarative-v1,declarative,v1,S_train,Liberia is in Africa.,code/generate_controlled_surface_dataset.py,surface-v2,20260825
geography-Q1014-continent_of,geography,continent_of,Q1014,Liberia,Q15,Africa,country,continent,Wikidata,wd:Q1014:P30,https://www.wikidata.org/wiki/Q1014#P30,C_train,geography-Q1014-continent_of-declarative-v2,declarative,v2,S_train,Liberia lies in Africa.,code/generate_controlled_surface_dataset.py,surface-v2,20260825
geography-Q1014-continent_of,geography,continent_of,Q1014,Liberia,Q15,Africa,country,continent,Wikidata,wd:Q1014:P30,https://www.wikidata.org/wiki/Q1014#P30,C_train,geography-Q1014-continent_of-declarative-v3,declarative,v3,S_train,Africa includes Liberia.,code/generate_controlled_surface_dataset.py,surface-v2,20260825
geography-Q1014-continent_of,geography,continent_of,Q1014,Liberia,Q15,Africa,country,continent,Wikidata,wd:Q1014:P30,https://www.wikidata.org/wiki/Q1014#P30,C_train,geography-Q1014-continent_of-question-v1,question,v1,S_train,Which continent is Liberia in? Africa.,code/generate_controlled_surface_dataset.py,surface-v2,20260825
geography-Q1014-continent_of,geography,continent_of,Q1014,Liberia,Q15,Africa,country,continent,Wikidata,wd:Q1014:P30,https://www.wikidata.org/wiki/Q1014#P30,C_train,geography-Q1014-continent_of-question-v2,question,v2,S_train,Liberia belongs to which continent? Africa.,code/generate_controlled_surface_dataset.py,surface-v2,20260825
geography-Q1014-continent_of,geography,continent_of,Q1014,Liberia,Q15,Africa,country,continent,Wikidata,wd:Q1014:P30,https://www.wikidata.org/wiki/Q1014#P30,C_train,geography-Q1014-continent_of-question-v3,question,v3,S_train,What continent contains Liberia? Africa.,code/generate_controlled_surface_dataset.py,surface-v2,20260825
geography-Q1014-continent_of,geography,continent_of,Q1014,Liberia,Q15,Africa,country,continent,Wikidata,wd:Q1014:P30,https://www.wikidata.org/wiki/Q1014#P30,C_train,geography-Q1014-continent_of-paraphrase-v1,paraphrase,v1,S_train,The continent containing Liberia is Africa.,code/generate_controlled_surface_dataset.py,surface-v2,20260825
geography-Q1014-continent_of,geography,continent_of,Q1014,Liberia,Q15,Africa,country,continent,Wikidata,wd:Q1014:P30,https://www.wikidata.org/wiki/Q1014#P30,C_train,geography-Q1014-continent_of-paraphrase-v2,paraphrase,v2,S_train,Liberia is part of Africa.,code/generate_controlled_surface_dataset.py,surface-v2,20260825
geography-Q1014-continent_of,geography,continent_of,Q1014,Liberia,Q15,Africa,country,continent,Wikidata,wd:Q1014:P30,https://www.wikidata.org/wiki/Q1014#P30,C_train,geography-Q1014-continent_of-paraphrase-v3,paraphrase,v3,S_train,"For Liberia, the relevant continent is Africa.",code/generate_controlled_surface_dataset.py,surface-v2,20260825
geography-Q1014-continent_of,geography,continent_of,Q1014,Liberia,Q15,Africa,country,continent,Wikidata,wd:Q1014:P30,https://www.wikidata.org/wiki/Q1014#P30,C_train,geography-Q1014-continent_of-formal-v1,formal,v1,S_test,Country: Liberia. Continent: Africa.,code/generate_controlled_surface_dataset.py,surface-v2,20260825
geography-Q1014-continent_of,geography,continent_of,Q1014,Liberia,Q15,Africa,country,continent,Wikidata,wd:Q1014:P30,https://www.wikidata.org/wiki/Q1014#P30,C_train,geography-Q1014-continent_of-formal-v2,formal,v2,S_test,Continent — Africa; country — Liberia.,code/generate_controlled_surface_dataset.py,surface-v2,20260825
geography-Q1014-continent_of,geography,continent_of,Q1014,Liberia,Q15,Africa,country,continent,Wikidata,wd:Q1014:P30,https://www.wikidata.org/wiki/Q1014#P30,C_train,geography-Q1014-continent_of-structured-v1,structured,v1,S_test,"{""continent"": ""Africa"", ""country"": ""Liberia""}",code/generate_controlled_surface_dataset.py,surface-v2,20260825
geography-Q1027-currency_of,geography,currency_of,Q1027,Mauritius,Q212967,Mauritian rupee,country,currency,Wikidata,wd:Q1027:P38,https://www.wikidata.org/wiki/Q1027#P38,C_train,geography-Q1027-currency_of-declarative-v1,declarative,v1,S_train,Mauritius uses the Mauritian rupee.,code/generate_controlled_surface_dataset.py,surface-v2,20260825
geography-Q1027-currency_of,geography,currency_of,Q1027,Mauritius,Q212967,Mauritian rupee,country,currency,Wikidata,wd:Q1027:P38,https://www.wikidata.org/wiki/Q1027#P38,C_train,geography-Q1027-currency_of-declarative-v2,declarative,v2,S_train,The Mauritian rupee is used in Mauritius.,code/generate_controlled_surface_dataset.py,surface-v2,20260825
geography-Q1027-currency_of,geography,currency_of,Q1027,Mauritius,Q212967,Mauritian rupee,country,currency,Wikidata,wd:Q1027:P38,https://www.wikidata.org/wiki/Q1027#P38,C_train,geography-Q1027-currency_of-declarative-v3,declarative,v3,S_train,Mauritius's currency is the Mauritian rupee.,code/generate_controlled_surface_dataset.py,surface-v2,20260825
geography-Q1027-currency_of,geography,currency_of,Q1027,Mauritius,Q212967,Mauritian rupee,country,currency,Wikidata,wd:Q1027:P38,https://www.wikidata.org/wiki/Q1027#P38,C_train,geography-Q1027-currency_of-question-v1,question,v1,S_train,Which currency does Mauritius use? Mauritian rupee.,code/generate_controlled_surface_dataset.py,surface-v2,20260825
geography-Q1027-currency_of,geography,currency_of,Q1027,Mauritius,Q212967,Mauritian rupee,country,currency,Wikidata,wd:Q1027:P38,https://www.wikidata.org/wiki/Q1027#P38,C_train,geography-Q1027-currency_of-question-v2,question,v2,S_train,What currency is used in Mauritius? Mauritian rupee.,code/generate_controlled_surface_dataset.py,surface-v2,20260825
geography-Q1027-currency_of,geography,currency_of,Q1027,Mauritius,Q212967,Mauritian rupee,country,currency,Wikidata,wd:Q1027:P38,https://www.wikidata.org/wiki/Q1027#P38,C_train,geography-Q1027-currency_of-question-v3,question,v3,S_train,Mauritius uses which currency? Mauritian rupee.,code/generate_controlled_surface_dataset.py,surface-v2,20260825
geography-Q1027-currency_of,geography,currency_of,Q1027,Mauritius,Q212967,Mauritian rupee,country,currency,Wikidata,wd:Q1027:P38,https://www.wikidata.org/wiki/Q1027#P38,C_train,geography-Q1027-currency_of-paraphrase-v1,paraphrase,v1,S_train,"For Mauritius, the currency is the Mauritian rupee.",code/generate_controlled_surface_dataset.py,surface-v2,20260825
geography-Q1027-currency_of,geography,currency_of,Q1027,Mauritius,Q212967,Mauritian rupee,country,currency,Wikidata,wd:Q1027:P38,https://www.wikidata.org/wiki/Q1027#P38,C_train,geography-Q1027-currency_of-paraphrase-v2,paraphrase,v2,S_train,The currency associated with Mauritius is the Mauritian rupee.,code/generate_controlled_surface_dataset.py,surface-v2,20260825
geography-Q1027-currency_of,geography,currency_of,Q1027,Mauritius,Q212967,Mauritian rupee,country,currency,Wikidata,wd:Q1027:P38,https://www.wikidata.org/wiki/Q1027#P38,C_train,geography-Q1027-currency_of-paraphrase-v3,paraphrase,v3,S_train,"In Mauritius, payment uses the Mauritian rupee.",code/generate_controlled_surface_dataset.py,surface-v2,20260825
geography-Q1027-currency_of,geography,currency_of,Q1027,Mauritius,Q212967,Mauritian rupee,country,currency,Wikidata,wd:Q1027:P38,https://www.wikidata.org/wiki/Q1027#P38,C_train,geography-Q1027-currency_of-formal-v1,formal,v1,S_test,Country: Mauritius. Currency: Mauritian rupee.,code/generate_controlled_surface_dataset.py,surface-v2,20260825
geography-Q1027-currency_of,geography,currency_of,Q1027,Mauritius,Q212967,Mauritian rupee,country,currency,Wikidata,wd:Q1027:P38,https://www.wikidata.org/wiki/Q1027#P38,C_train,geography-Q1027-currency_of-formal-v2,formal,v2,S_test,Currency — Mauritian rupee; country — Mauritius.,code/generate_controlled_surface_dataset.py,surface-v2,20260825
geography-Q1027-currency_of,geography,currency_of,Q1027,Mauritius,Q212967,Mauritian rupee,country,currency,Wikidata,wd:Q1027:P38,https://www.wikidata.org/wiki/Q1027#P38,C_train,geography-Q1027-currency_of-structured-v1,structured,v1,S_test,"{""country"": ""Mauritius"", ""currency"": ""Mauritian rupee""}",code/generate_controlled_surface_dataset.py,surface-v2,20260825
geography-Q1036-continent_of,geography,continent_of,Q1036,Uganda,Q15,Africa,country,continent,Wikidata,wd:Q1036:P30,https://www.wikidata.org/wiki/Q1036#P30,C_train,geography-Q1036-continent_of-declarative-v1,declarative,v1,S_train,Uganda is in Africa.,code/generate_controlled_surface_dataset.py,surface-v2,20260825
geography-Q1036-continent_of,geography,continent_of,Q1036,Uganda,Q15,Africa,country,continent,Wikidata,wd:Q1036:P30,https://www.wikidata.org/wiki/Q1036#P30,C_train,geography-Q1036-continent_of-declarative-v2,declarative,v2,S_train,Uganda lies in Africa.,code/generate_controlled_surface_dataset.py,surface-v2,20260825
geography-Q1036-continent_of,geography,continent_of,Q1036,Uganda,Q15,Africa,country,continent,Wikidata,wd:Q1036:P30,https://www.wikidata.org/wiki/Q1036#P30,C_train,geography-Q1036-continent_of-declarative-v3,declarative,v3,S_train,Africa includes Uganda.,code/generate_controlled_surface_dataset.py,surface-v2,20260825
geography-Q1036-continent_of,geography,continent_of,Q1036,Uganda,Q15,Africa,country,continent,Wikidata,wd:Q1036:P30,https://www.wikidata.org/wiki/Q1036#P30,C_train,geography-Q1036-continent_of-question-v1,question,v1,S_train,Which continent is Uganda in? Africa.,code/generate_controlled_surface_dataset.py,surface-v2,20260825
geography-Q1036-continent_of,geography,continent_of,Q1036,Uganda,Q15,Africa,country,continent,Wikidata,wd:Q1036:P30,https://www.wikidata.org/wiki/Q1036#P30,C_train,geography-Q1036-continent_of-question-v2,question,v2,S_train,Uganda belongs to which continent? Africa.,code/generate_controlled_surface_dataset.py,surface-v2,20260825
geography-Q1036-continent_of,geography,continent_of,Q1036,Uganda,Q15,Africa,country,continent,Wikidata,wd:Q1036:P30,https://www.wikidata.org/wiki/Q1036#P30,C_train,geography-Q1036-continent_of-question-v3,question,v3,S_train,What continent contains Uganda? Africa.,code/generate_controlled_surface_dataset.py,surface-v2,20260825
geography-Q1036-continent_of,geography,continent_of,Q1036,Uganda,Q15,Africa,country,continent,Wikidata,wd:Q1036:P30,https://www.wikidata.org/wiki/Q1036#P30,C_train,geography-Q1036-continent_of-paraphrase-v1,paraphrase,v1,S_train,The continent containing Uganda is Africa.,code/generate_controlled_surface_dataset.py,surface-v2,20260825
geography-Q1036-continent_of,geography,continent_of,Q1036,Uganda,Q15,Africa,country,continent,Wikidata,wd:Q1036:P30,https://www.wikidata.org/wiki/Q1036#P30,C_train,geography-Q1036-continent_of-paraphrase-v2,paraphrase,v2,S_train,Uganda is part of Africa.,code/generate_controlled_surface_dataset.py,surface-v2,20260825
geography-Q1036-continent_of,geography,continent_of,Q1036,Uganda,Q15,Africa,country,continent,Wikidata,wd:Q1036:P30,https://www.wikidata.org/wiki/Q1036#P30,C_train,geography-Q1036-continent_of-paraphrase-v3,paraphrase,v3,S_train,"For Uganda, the relevant continent is Africa.",code/generate_controlled_surface_dataset.py,surface-v2,20260825
geography-Q1036-continent_of,geography,continent_of,Q1036,Uganda,Q15,Africa,country,continent,Wikidata,wd:Q1036:P30,https://www.wikidata.org/wiki/Q1036#P30,C_train,geography-Q1036-continent_of-formal-v1,formal,v1,S_test,Country: Uganda. Continent: Africa.,code/generate_controlled_surface_dataset.py,surface-v2,20260825
geography-Q1036-continent_of,geography,continent_of,Q1036,Uganda,Q15,Africa,country,continent,Wikidata,wd:Q1036:P30,https://www.wikidata.org/wiki/Q1036#P30,C_train,geography-Q1036-continent_of-formal-v2,formal,v2,S_test,Continent — Africa; country — Uganda.,code/generate_controlled_surface_dataset.py,surface-v2,20260825
geography-Q1036-continent_of,geography,continent_of,Q1036,Uganda,Q15,Africa,country,continent,Wikidata,wd:Q1036:P30,https://www.wikidata.org/wiki/Q1036#P30,C_train,geography-Q1036-continent_of-structured-v1,structured,v1,S_test,"{""continent"": ""Africa"", ""country"": ""Uganda""}",code/generate_controlled_surface_dataset.py,surface-v2,20260825
geography-Q1045-currency_of,geography,currency_of,Q1045,Somalia,Q4603,Somali shilling,country,currency,Wikidata,wd:Q1045:P38,https://www.wikidata.org/wiki/Q1045#P38,C_train,geography-Q1045-currency_of-declarative-v1,declarative,v1,S_train,Somalia uses the Somali shilling.,code/generate_controlled_surface_dataset.py,surface-v2,20260825
geography-Q1045-currency_of,geography,currency_of,Q1045,Somalia,Q4603,Somali shilling,country,currency,Wikidata,wd:Q1045:P38,https://www.wikidata.org/wiki/Q1045#P38,C_train,geography-Q1045-currency_of-declarative-v2,declarative,v2,S_train,The Somali shilling is used in Somalia.,code/generate_controlled_surface_dataset.py,surface-v2,20260825
geography-Q1045-currency_of,geography,currency_of,Q1045,Somalia,Q4603,Somali shilling,country,currency,Wikidata,wd:Q1045:P38,https://www.wikidata.org/wiki/Q1045#P38,C_train,geography-Q1045-currency_of-declarative-v3,declarative,v3,S_train,Somalia's currency is the Somali shilling.,code/generate_controlled_surface_dataset.py,surface-v2,20260825
geography-Q1045-currency_of,geography,currency_of,Q1045,Somalia,Q4603,Somali shilling,country,currency,Wikidata,wd:Q1045:P38,https://www.wikidata.org/wiki/Q1045#P38,C_train,geography-Q1045-currency_of-question-v1,question,v1,S_train,Which currency does Somalia use? Somali shilling.,code/generate_controlled_surface_dataset.py,surface-v2,20260825
geography-Q1045-currency_of,geography,currency_of,Q1045,Somalia,Q4603,Somali shilling,country,currency,Wikidata,wd:Q1045:P38,https://www.wikidata.org/wiki/Q1045#P38,C_train,geography-Q1045-currency_of-question-v2,question,v2,S_train,What currency is used in Somalia? Somali shilling.,code/generate_controlled_surface_dataset.py,surface-v2,20260825
geography-Q1045-currency_of,geography,currency_of,Q1045,Somalia,Q4603,Somali shilling,country,currency,Wikidata,wd:Q1045:P38,https://www.wikidata.org/wiki/Q1045#P38,C_train,geography-Q1045-currency_of-question-v3,question,v3,S_train,Somalia uses which currency? Somali shilling.,code/generate_controlled_surface_dataset.py,surface-v2,20260825
geography-Q1045-currency_of,geography,currency_of,Q1045,Somalia,Q4603,Somali shilling,country,currency,Wikidata,wd:Q1045:P38,https://www.wikidata.org/wiki/Q1045#P38,C_train,geography-Q1045-currency_of-paraphrase-v1,paraphrase,v1,S_train,"For Somalia, the currency is the Somali shilling.",code/generate_controlled_surface_dataset.py,surface-v2,20260825
geography-Q1045-currency_of,geography,currency_of,Q1045,Somalia,Q4603,Somali shilling,country,currency,Wikidata,wd:Q1045:P38,https://www.wikidata.org/wiki/Q1045#P38,C_train,geography-Q1045-currency_of-paraphrase-v2,paraphrase,v2,S_train,The currency associated with Somalia is the Somali shilling.,code/generate_controlled_surface_dataset.py,surface-v2,20260825
geography-Q1045-currency_of,geography,currency_of,Q1045,Somalia,Q4603,Somali shilling,country,currency,Wikidata,wd:Q1045:P38,https://www.wikidata.org/wiki/Q1045#P38,C_train,geography-Q1045-currency_of-paraphrase-v3,paraphrase,v3,S_train,"In Somalia, payment uses the Somali shilling.",code/generate_controlled_surface_dataset.py,surface-v2,20260825
geography-Q1045-currency_of,geography,currency_of,Q1045,Somalia,Q4603,Somali shilling,country,currency,Wikidata,wd:Q1045:P38,https://www.wikidata.org/wiki/Q1045#P38,C_train,geography-Q1045-currency_of-formal-v1,formal,v1,S_test,Country: Somalia. Currency: Somali shilling.,code/generate_controlled_surface_dataset.py,surface-v2,20260825
geography-Q1045-currency_of,geography,currency_of,Q1045,Somalia,Q4603,Somali shilling,country,currency,Wikidata,wd:Q1045:P38,https://www.wikidata.org/wiki/Q1045#P38,C_train,geography-Q1045-currency_of-formal-v2,formal,v2,S_test,Currency — Somali shilling; country — Somalia.,code/generate_controlled_surface_dataset.py,surface-v2,20260825
geography-Q1045-currency_of,geography,currency_of,Q1045,Somalia,Q4603,Somali shilling,country,currency,Wikidata,wd:Q1045:P38,https://www.wikidata.org/wiki/Q1045#P38,C_train,geography-Q1045-currency_of-structured-v1,structured,v1,S_test,"{""country"": ""Somalia"", ""currency"": ""Somali shilling""}",code/generate_controlled_surface_dataset.py,surface-v2,20260825
geography-Q114-currency_of,geography,currency_of,Q114,Kenya,Q202882,Kenyan shilling,country,currency,Wikidata,wd:Q114:P38,https://www.wikidata.org/wiki/Q114#P38,C_train,geography-Q114-currency_of-declarative-v1,declarative,v1,S_train,Kenya uses the Kenyan shilling.,code/generate_controlled_surface_dataset.py,surface-v2,20260825
geography-Q114-currency_of,geography,currency_of,Q114,Kenya,Q202882,Kenyan shilling,country,currency,Wikidata,wd:Q114:P38,https://www.wikidata.org/wiki/Q114#P38,C_train,geography-Q114-currency_of-declarative-v2,declarative,v2,S_train,The Kenyan shilling is used in Kenya.,code/generate_controlled_surface_dataset.py,surface-v2,20260825
geography-Q114-currency_of,geography,currency_of,Q114,Kenya,Q202882,Kenyan shilling,country,currency,Wikidata,wd:Q114:P38,https://www.wikidata.org/wiki/Q114#P38,C_train,geography-Q114-currency_of-declarative-v3,declarative,v3,S_train,Kenya's currency is the Kenyan shilling.,code/generate_controlled_surface_dataset.py,surface-v2,20260825
geography-Q114-currency_of,geography,currency_of,Q114,Kenya,Q202882,Kenyan shilling,country,currency,Wikidata,wd:Q114:P38,https://www.wikidata.org/wiki/Q114#P38,C_train,geography-Q114-currency_of-question-v1,question,v1,S_train,Which currency does Kenya use? Kenyan shilling.,code/generate_controlled_surface_dataset.py,surface-v2,20260825
geography-Q114-currency_of,geography,currency_of,Q114,Kenya,Q202882,Kenyan shilling,country,currency,Wikidata,wd:Q114:P38,https://www.wikidata.org/wiki/Q114#P38,C_train,geography-Q114-currency_of-question-v2,question,v2,S_train,What currency is used in Kenya? Kenyan shilling.,code/generate_controlled_surface_dataset.py,surface-v2,20260825
geography-Q114-currency_of,geography,currency_of,Q114,Kenya,Q202882,Kenyan shilling,country,currency,Wikidata,wd:Q114:P38,https://www.wikidata.org/wiki/Q114#P38,C_train,geography-Q114-currency_of-question-v3,question,v3,S_train,Kenya uses which currency? Kenyan shilling.,code/generate_controlled_surface_dataset.py,surface-v2,20260825
geography-Q114-currency_of,geography,currency_of,Q114,Kenya,Q202882,Kenyan shilling,country,currency,Wikidata,wd:Q114:P38,https://www.wikidata.org/wiki/Q114#P38,C_train,geography-Q114-currency_of-paraphrase-v1,paraphrase,v1,S_train,"For Kenya, the currency is the Kenyan shilling.",code/generate_controlled_surface_dataset.py,surface-v2,20260825
geography-Q114-currency_of,geography,currency_of,Q114,Kenya,Q202882,Kenyan shilling,country,currency,Wikidata,wd:Q114:P38,https://www.wikidata.org/wiki/Q114#P38,C_train,geography-Q114-currency_of-paraphrase-v2,paraphrase,v2,S_train,The currency associated with Kenya is the Kenyan shilling.,code/generate_controlled_surface_dataset.py,surface-v2,20260825
geography-Q114-currency_of,geography,currency_of,Q114,Kenya,Q202882,Kenyan shilling,country,currency,Wikidata,wd:Q114:P38,https://www.wikidata.org/wiki/Q114#P38,C_train,geography-Q114-currency_of-paraphrase-v3,paraphrase,v3,S_train,"In Kenya, payment uses the Kenyan shilling.",code/generate_controlled_surface_dataset.py,surface-v2,20260825
geography-Q114-currency_of,geography,currency_of,Q114,Kenya,Q202882,Kenyan shilling,country,currency,Wikidata,wd:Q114:P38,https://www.wikidata.org/wiki/Q114#P38,C_train,geography-Q114-currency_of-formal-v1,formal,v1,S_test,Country: Kenya. Currency: Kenyan shilling.,code/generate_controlled_surface_dataset.py,surface-v2,20260825
geography-Q114-currency_of,geography,currency_of,Q114,Kenya,Q202882,Kenyan shilling,country,currency,Wikidata,wd:Q114:P38,https://www.wikidata.org/wiki/Q114#P38,C_train,geography-Q114-currency_of-formal-v2,formal,v2,S_test,Currency — Kenyan shilling; country — Kenya.,code/generate_controlled_surface_dataset.py,surface-v2,20260825
geography-Q114-currency_of,geography,currency_of,Q114,Kenya,Q202882,Kenyan shilling,country,currency,Wikidata,wd:Q114:P38,https://www.wikidata.org/wiki/Q114#P38,C_train,geography-Q114-currency_of-structured-v1,structured,v1,S_test,"{""country"": ""Kenya"", ""currency"": ""Kenyan shilling""}",code/generate_controlled_surface_dataset.py,surface-v2,20260825
geography-Q16-capital_of,geography,capital_of,Q16,Canada,Q1930,Ottawa,country,city,Wikidata,wd:Q16:P36,https://www.wikidata.org/wiki/Q16#P36,C_train,geography-Q16-capital_of-declarative-v1,declarative,v1,S_train,Ottawa is the capital city of Canada.,code/generate_controlled_surface_dataset.py,surface-v2,20260825
geography-Q16-capital_of,geography,capital_of,Q16,Canada,Q1930,Ottawa,country,city,Wikidata,wd:Q16:P36,https://www.wikidata.org/wiki/Q16#P36,C_train,geography-Q16-capital_of-declarative-v2,declarative,v2,S_train,Canada has Ottawa as its capital.,code/generate_controlled_surface_dataset.py,surface-v2,20260825
geography-Q16-capital_of,geography,capital_of,Q16,Canada,Q1930,Ottawa,country,city,Wikidata,wd:Q16:P36,https://www.wikidata.org/wiki/Q16#P36,C_train,geography-Q16-capital_of-declarative-v3,declarative,v3,S_train,The capital of Canada is Ottawa.,code/generate_controlled_surface_dataset.py,surface-v2,20260825
geography-Q16-capital_of,geography,capital_of,Q16,Canada,Q1930,Ottawa,country,city,Wikidata,wd:Q16:P36,https://www.wikidata.org/wiki/Q16#P36,C_train,geography-Q16-capital_of-question-v1,question,v1,S_train,Which city is the capital of Canada? Ottawa.,code/generate_controlled_surface_dataset.py,surface-v2,20260825
geography-Q16-capital_of,geography,capital_of,Q16,Canada,Q1930,Ottawa,country,city,Wikidata,wd:Q16:P36,https://www.wikidata.org/wiki/Q16#P36,C_train,geography-Q16-capital_of-question-v2,question,v2,S_train,What is the capital of Canada? Ottawa.,code/generate_controlled_surface_dataset.py,surface-v2,20260825
geography-Q16-capital_of,geography,capital_of,Q16,Canada,Q1930,Ottawa,country,city,Wikidata,wd:Q16:P36,https://www.wikidata.org/wiki/Q16#P36,C_train,geography-Q16-capital_of-question-v3,question,v3,S_train,Canada has which city as its capital? Ottawa.,code/generate_controlled_surface_dataset.py,surface-v2,20260825
geography-Q16-capital_of,geography,capital_of,Q16,Canada,Q1930,Ottawa,country,city,Wikidata,wd:Q16:P36,https://www.wikidata.org/wiki/Q16#P36,C_train,geography-Q16-capital_of-paraphrase-v1,paraphrase,v1,S_train,"In Canada, the capital city is Ottawa.",code/generate_controlled_surface_dataset.py,surface-v2,20260825
geography-Q16-capital_of,geography,capital_of,Q16,Canada,Q1930,Ottawa,country,city,Wikidata,wd:Q16:P36,https://www.wikidata.org/wiki/Q16#P36,C_train,geography-Q16-capital_of-paraphrase-v2,paraphrase,v2,S_train,Ottawa holds the role of capital for Canada.,code/generate_controlled_surface_dataset.py,surface-v2,20260825
geography-Q16-capital_of,geography,capital_of,Q16,Canada,Q1930,Ottawa,country,city,Wikidata,wd:Q16:P36,https://www.wikidata.org/wiki/Q16#P36,C_train,geography-Q16-capital_of-paraphrase-v3,paraphrase,v3,S_train,"For Canada, the capital is Ottawa.",code/generate_controlled_surface_dataset.py,surface-v2,20260825
geography-Q16-capital_of,geography,capital_of,Q16,Canada,Q1930,Ottawa,country,city,Wikidata,wd:Q16:P36,https://www.wikidata.org/wiki/Q16#P36,C_train,geography-Q16-capital_of-formal-v1,formal,v1,S_test,Country: Canada. Capital city: Ottawa.,code/generate_controlled_surface_dataset.py,surface-v2,20260825
geography-Q16-capital_of,geography,capital_of,Q16,Canada,Q1930,Ottawa,country,city,Wikidata,wd:Q16:P36,https://www.wikidata.org/wiki/Q16#P36,C_train,geography-Q16-capital_of-formal-v2,formal,v2,S_test,Capital city — Ottawa; country — Canada.,code/generate_controlled_surface_dataset.py,surface-v2,20260825
geography-Q16-capital_of,geography,capital_of,Q16,Canada,Q1930,Ottawa,country,city,Wikidata,wd:Q16:P36,https://www.wikidata.org/wiki/Q16#P36,C_train,geography-Q16-capital_of-structured-v1,structured,v1,S_test,"{""capital_city"": ""Ottawa"", ""country"": ""Canada""}",code/generate_controlled_surface_dataset.py,surface-v2,20260825
geography-Q17-capital_of,geography,capital_of,Q17,Japan,Q1490,Tokyo,country,city,Wikidata,wd:Q17:P36,https://www.wikidata.org/wiki/Q17#P36,C_train,geography-Q17-capital_of-declarative-v1,declarative,v1,S_train,Tokyo is the capital city of Japan.,code/generate_controlled_surface_dataset.py,surface-v2,20260825
geography-Q17-capital_of,geography,capital_of,Q17,Japan,Q1490,Tokyo,country,city,Wikidata,wd:Q17:P36,https://www.wikidata.org/wiki/Q17#P36,C_train,geography-Q17-capital_of-declarative-v2,declarative,v2,S_train,Japan has Tokyo as its capital.,code/generate_controlled_surface_dataset.py,surface-v2,20260825
geography-Q17-capital_of,geography,capital_of,Q17,Japan,Q1490,Tokyo,country,city,Wikidata,wd:Q17:P36,https://www.wikidata.org/wiki/Q17#P36,C_train,geography-Q17-capital_of-declarative-v3,declarative,v3,S_train,The capital of Japan is Tokyo.,code/generate_controlled_surface_dataset.py,surface-v2,20260825
geography-Q17-capital_of,geography,capital_of,Q17,Japan,Q1490,Tokyo,country,city,Wikidata,wd:Q17:P36,https://www.wikidata.org/wiki/Q17#P36,C_train,geography-Q17-capital_of-question-v1,question,v1,S_train,Which city is the capital of Japan? Tokyo.,code/generate_controlled_surface_dataset.py,surface-v2,20260825
geography-Q17-capital_of,geography,capital_of,Q17,Japan,Q1490,Tokyo,country,city,Wikidata,wd:Q17:P36,https://www.wikidata.org/wiki/Q17#P36,C_train,geography-Q17-capital_of-question-v2,question,v2,S_train,What is the capital of Japan? Tokyo.,code/generate_controlled_surface_dataset.py,surface-v2,20260825
geography-Q17-capital_of,geography,capital_of,Q17,Japan,Q1490,Tokyo,country,city,Wikidata,wd:Q17:P36,https://www.wikidata.org/wiki/Q17#P36,C_train,geography-Q17-capital_of-question-v3,question,v3,S_train,Japan has which city as its capital? Tokyo.,code/generate_controlled_surface_dataset.py,surface-v2,20260825
geography-Q17-capital_of,geography,capital_of,Q17,Japan,Q1490,Tokyo,country,city,Wikidata,wd:Q17:P36,https://www.wikidata.org/wiki/Q17#P36,C_train,geography-Q17-capital_of-paraphrase-v1,paraphrase,v1,S_train,"In Japan, the capital city is Tokyo.",code/generate_controlled_surface_dataset.py,surface-v2,20260825
geography-Q17-capital_of,geography,capital_of,Q17,Japan,Q1490,Tokyo,country,city,Wikidata,wd:Q17:P36,https://www.wikidata.org/wiki/Q17#P36,C_train,geography-Q17-capital_of-paraphrase-v2,paraphrase,v2,S_train,Tokyo holds the role of capital for Japan.,code/generate_controlled_surface_dataset.py,surface-v2,20260825
geography-Q17-capital_of,geography,capital_of,Q17,Japan,Q1490,Tokyo,country,city,Wikidata,wd:Q17:P36,https://www.wikidata.org/wiki/Q17#P36,C_train,geography-Q17-capital_of-paraphrase-v3,paraphrase,v3,S_train,"For Japan, the capital is Tokyo.",code/generate_controlled_surface_dataset.py,surface-v2,20260825
geography-Q17-capital_of,geography,capital_of,Q17,Japan,Q1490,Tokyo,country,city,Wikidata,wd:Q17:P36,https://www.wikidata.org/wiki/Q17#P36,C_train,geography-Q17-capital_of-formal-v1,formal,v1,S_test,Country: Japan. Capital city: Tokyo.,code/generate_controlled_surface_dataset.py,surface-v2,20260825
geography-Q17-capital_of,geography,capital_of,Q17,Japan,Q1490,Tokyo,country,city,Wikidata,wd:Q17:P36,https://www.wikidata.org/wiki/Q17#P36,C_train,geography-Q17-capital_of-formal-v2,formal,v2,S_test,Capital city — Tokyo; country — Japan.,code/generate_controlled_surface_dataset.py,surface-v2,20260825
geography-Q17-capital_of,geography,capital_of,Q17,Japan,Q1490,Tokyo,country,city,Wikidata,wd:Q17:P36,https://www.wikidata.org/wiki/Q17#P36,C_train,geography-Q17-capital_of-structured-v1,structured,v1,S_test,"{""capital_city"": ""Tokyo"", ""country"": ""Japan""}",code/generate_controlled_surface_dataset.py,surface-v2,20260825
geography-Q17-continent_of,geography,continent_of,Q17,Japan,Q48,Asia,country,continent,Wikidata,wd:Q17:P30,https://www.wikidata.org/wiki/Q17#P30,C_train,geography-Q17-continent_of-declarative-v1,declarative,v1,S_train,Japan is in Asia.,code/generate_controlled_surface_dataset.py,surface-v2,20260825
geography-Q17-continent_of,geography,continent_of,Q17,Japan,Q48,Asia,country,continent,Wikidata,wd:Q17:P30,https://www.wikidata.org/wiki/Q17#P30,C_train,geography-Q17-continent_of-declarative-v2,declarative,v2,S_train,Japan lies in Asia.,code/generate_controlled_surface_dataset.py,surface-v2,20260825
geography-Q17-continent_of,geography,continent_of,Q17,Japan,Q48,Asia,country,continent,Wikidata,wd:Q17:P30,https://www.wikidata.org/wiki/Q17#P30,C_train,geography-Q17-continent_of-declarative-v3,declarative,v3,S_train,Asia includes Japan.,code/generate_controlled_surface_dataset.py,surface-v2,20260825
geography-Q17-continent_of,geography,continent_of,Q17,Japan,Q48,Asia,country,continent,Wikidata,wd:Q17:P30,https://www.wikidata.org/wiki/Q17#P30,C_train,geography-Q17-continent_of-question-v1,question,v1,S_train,Which continent is Japan in? Asia.,code/generate_controlled_surface_dataset.py,surface-v2,20260825
geography-Q17-continent_of,geography,continent_of,Q17,Japan,Q48,Asia,country,continent,Wikidata,wd:Q17:P30,https://www.wikidata.org/wiki/Q17#P30,C_train,geography-Q17-continent_of-question-v2,question,v2,S_train,Japan belongs to which continent? Asia.,code/generate_controlled_surface_dataset.py,surface-v2,20260825
geography-Q17-continent_of,geography,continent_of,Q17,Japan,Q48,Asia,country,continent,Wikidata,wd:Q17:P30,https://www.wikidata.org/wiki/Q17#P30,C_train,geography-Q17-continent_of-question-v3,question,v3,S_train,What continent contains Japan? Asia.,code/generate_controlled_surface_dataset.py,surface-v2,20260825
geography-Q17-continent_of,geography,continent_of,Q17,Japan,Q48,Asia,country,continent,Wikidata,wd:Q17:P30,https://www.wikidata.org/wiki/Q17#P30,C_train,geography-Q17-continent_of-paraphrase-v1,paraphrase,v1,S_train,The continent containing Japan is Asia.,code/generate_controlled_surface_dataset.py,surface-v2,20260825
geography-Q17-continent_of,geography,continent_of,Q17,Japan,Q48,Asia,country,continent,Wikidata,wd:Q17:P30,https://www.wikidata.org/wiki/Q17#P30,C_train,geography-Q17-continent_of-paraphrase-v2,paraphrase,v2,S_train,Japan is part of Asia.,code/generate_controlled_surface_dataset.py,surface-v2,20260825
geography-Q17-continent_of,geography,continent_of,Q17,Japan,Q48,Asia,country,continent,Wikidata,wd:Q17:P30,https://www.wikidata.org/wiki/Q17#P30,C_train,geography-Q17-continent_of-paraphrase-v3,paraphrase,v3,S_train,"For Japan, the relevant continent is Asia.",code/generate_controlled_surface_dataset.py,surface-v2,20260825
geography-Q17-continent_of,geography,continent_of,Q17,Japan,Q48,Asia,country,continent,Wikidata,wd:Q17:P30,https://www.wikidata.org/wiki/Q17#P30,C_train,geography-Q17-continent_of-formal-v1,formal,v1,S_test,Country: Japan. Continent: Asia.,code/generate_controlled_surface_dataset.py,surface-v2,20260825
geography-Q17-continent_of,geography,continent_of,Q17,Japan,Q48,Asia,country,continent,Wikidata,wd:Q17:P30,https://www.wikidata.org/wiki/Q17#P30,C_train,geography-Q17-continent_of-formal-v2,formal,v2,S_test,Continent — Asia; country — Japan.,code/generate_controlled_surface_dataset.py,surface-v2,20260825
geography-Q17-continent_of,geography,continent_of,Q17,Japan,Q48,Asia,country,continent,Wikidata,wd:Q17:P30,https://www.wikidata.org/wiki/Q17#P30,C_train,geography-Q17-continent_of-structured-v1,structured,v1,S_test,"{""continent"": ""Asia"", ""country"": ""Japan""}",code/generate_controlled_surface_dataset.py,surface-v2,20260825
geography-Q189-currency_of,geography,currency_of,Q189,Iceland,Q131473,Icelandic króna,country,currency,Wikidata,wd:Q189:P38,https://www.wikidata.org/wiki/Q189#P38,C_train,geography-Q189-currency_of-declarative-v1,declarative,v1,S_train,Iceland uses the Icelandic króna.,code/generate_controlled_surface_dataset.py,surface-v2,20260825
geography-Q189-currency_of,geography,currency_of,Q189,Iceland,Q131473,Icelandic króna,country,currency,Wikidata,wd:Q189:P38,https://www.wikidata.org/wiki/Q189#P38,C_train,geography-Q189-currency_of-declarative-v2,declarative,v2,S_train,The Icelandic króna is used in Iceland.,code/generate_controlled_surface_dataset.py,surface-v2,20260825
geography-Q189-currency_of,geography,currency_of,Q189,Iceland,Q131473,Icelandic króna,country,currency,Wikidata,wd:Q189:P38,https://www.wikidata.org/wiki/Q189#P38,C_train,geography-Q189-currency_of-declarative-v3,declarative,v3,S_train,Iceland's currency is the Icelandic króna.,code/generate_controlled_surface_dataset.py,surface-v2,20260825
geography-Q189-currency_of,geography,currency_of,Q189,Iceland,Q131473,Icelandic króna,country,currency,Wikidata,wd:Q189:P38,https://www.wikidata.org/wiki/Q189#P38,C_train,geography-Q189-currency_of-question-v1,question,v1,S_train,Which currency does Iceland use? Icelandic króna.,code/generate_controlled_surface_dataset.py,surface-v2,20260825
geography-Q189-currency_of,geography,currency_of,Q189,Iceland,Q131473,Icelandic króna,country,currency,Wikidata,wd:Q189:P38,https://www.wikidata.org/wiki/Q189#P38,C_train,geography-Q189-currency_of-question-v2,question,v2,S_train,What currency is used in Iceland? Icelandic króna.,code/generate_controlled_surface_dataset.py,surface-v2,20260825
geography-Q189-currency_of,geography,currency_of,Q189,Iceland,Q131473,Icelandic króna,country,currency,Wikidata,wd:Q189:P38,https://www.wikidata.org/wiki/Q189#P38,C_train,geography-Q189-currency_of-question-v3,question,v3,S_train,Iceland uses which currency? Icelandic króna.,code/generate_controlled_surface_dataset.py,surface-v2,20260825
geography-Q189-currency_of,geography,currency_of,Q189,Iceland,Q131473,Icelandic króna,country,currency,Wikidata,wd:Q189:P38,https://www.wikidata.org/wiki/Q189#P38,C_train,geography-Q189-currency_of-paraphrase-v1,paraphrase,v1,S_train,"For Iceland, the currency is the Icelandic króna.",code/generate_controlled_surface_dataset.py,surface-v2,20260825
geography-Q189-currency_of,geography,currency_of,Q189,Iceland,Q131473,Icelandic króna,country,currency,Wikidata,wd:Q189:P38,https://www.wikidata.org/wiki/Q189#P38,C_train,geography-Q189-currency_of-paraphrase-v2,paraphrase,v2,S_train,The currency associated with Iceland is the Icelandic króna.,code/generate_controlled_surface_dataset.py,surface-v2,20260825
geography-Q189-currency_of,geography,currency_of,Q189,Iceland,Q131473,Icelandic króna,country,currency,Wikidata,wd:Q189:P38,https://www.wikidata.org/wiki/Q189#P38,C_train,geography-Q189-currency_of-paraphrase-v3,paraphrase,v3,S_train,"In Iceland, payment uses the Icelandic króna.",code/generate_controlled_surface_dataset.py,surface-v2,20260825
geography-Q189-currency_of,geography,currency_of,Q189,Iceland,Q131473,Icelandic króna,country,currency,Wikidata,wd:Q189:P38,https://www.wikidata.org/wiki/Q189#P38,C_train,geography-Q189-currency_of-formal-v1,formal,v1,S_test,Country: Iceland. Currency: Icelandic króna.,code/generate_controlled_surface_dataset.py,surface-v2,20260825
geography-Q189-currency_of,geography,currency_of,Q189,Iceland,Q131473,Icelandic króna,country,currency,Wikidata,wd:Q189:P38,https://www.wikidata.org/wiki/Q189#P38,C_train,geography-Q189-currency_of-formal-v2,formal,v2,S_test,Currency — Icelandic króna; country — Iceland.,code/generate_controlled_surface_dataset.py,surface-v2,20260825
geography-Q189-currency_of,geography,currency_of,Q189,Iceland,Q131473,Icelandic króna,country,currency,Wikidata,wd:Q189:P38,https://www.wikidata.org/wiki/Q189#P38,C_train,geography-Q189-currency_of-structured-v1,structured,v1,S_test,"{""country"": ""Iceland"", ""currency"": ""Icelandic króna""}",code/generate_controlled_surface_dataset.py,surface-v2,20260825
geography-Q242-currency_of,geography,currency_of,Q242,Belize,Q275112,Belize dollar,country,currency,Wikidata,wd:Q242:P38,https://www.wikidata.org/wiki/Q242#P38,C_train,geography-Q242-currency_of-declarative-v1,declarative,v1,S_train,Belize uses the Belize dollar.,code/generate_controlled_surface_dataset.py,surface-v2,20260825
geography-Q242-currency_of,geography,currency_of,Q242,Belize,Q275112,Belize dollar,country,currency,Wikidata,wd:Q242:P38,https://www.wikidata.org/wiki/Q242#P38,C_train,geography-Q242-currency_of-declarative-v2,declarative,v2,S_train,The Belize dollar is used in Belize.,code/generate_controlled_surface_dataset.py,surface-v2,20260825
geography-Q242-currency_of,geography,currency_of,Q242,Belize,Q275112,Belize dollar,country,currency,Wikidata,wd:Q242:P38,https://www.wikidata.org/wiki/Q242#P38,C_train,geography-Q242-currency_of-declarative-v3,declarative,v3,S_train,Belize's currency is the Belize dollar.,code/generate_controlled_surface_dataset.py,surface-v2,20260825
geography-Q242-currency_of,geography,currency_of,Q242,Belize,Q275112,Belize dollar,country,currency,Wikidata,wd:Q242:P38,https://www.wikidata.org/wiki/Q242#P38,C_train,geography-Q242-currency_of-question-v1,question,v1,S_train,Which currency does Belize use? Belize dollar.,code/generate_controlled_surface_dataset.py,surface-v2,20260825
geography-Q242-currency_of,geography,currency_of,Q242,Belize,Q275112,Belize dollar,country,currency,Wikidata,wd:Q242:P38,https://www.wikidata.org/wiki/Q242#P38,C_train,geography-Q242-currency_of-question-v2,question,v2,S_train,What currency is used in Belize? Belize dollar.,code/generate_controlled_surface_dataset.py,surface-v2,20260825
geography-Q242-currency_of,geography,currency_of,Q242,Belize,Q275112,Belize dollar,country,currency,Wikidata,wd:Q242:P38,https://www.wikidata.org/wiki/Q242#P38,C_train,geography-Q242-currency_of-question-v3,question,v3,S_train,Belize uses which currency? Belize dollar.,code/generate_controlled_surface_dataset.py,surface-v2,20260825
geography-Q242-currency_of,geography,currency_of,Q242,Belize,Q275112,Belize dollar,country,currency,Wikidata,wd:Q242:P38,https://www.wikidata.org/wiki/Q242#P38,C_train,geography-Q242-currency_of-paraphrase-v1,paraphrase,v1,S_train,"For Belize, the currency is the Belize dollar.",code/generate_controlled_surface_dataset.py,surface-v2,20260825
geography-Q242-currency_of,geography,currency_of,Q242,Belize,Q275112,Belize dollar,country,currency,Wikidata,wd:Q242:P38,https://www.wikidata.org/wiki/Q242#P38,C_train,geography-Q242-currency_of-paraphrase-v2,paraphrase,v2,S_train,The currency associated with Belize is the Belize dollar.,code/generate_controlled_surface_dataset.py,surface-v2,20260825
geography-Q242-currency_of,geography,currency_of,Q242,Belize,Q275112,Belize dollar,country,currency,Wikidata,wd:Q242:P38,https://www.wikidata.org/wiki/Q242#P38,C_train,geography-Q242-currency_of-paraphrase-v3,paraphrase,v3,S_train,"In Belize, payment uses the Belize dollar.",code/generate_controlled_surface_dataset.py,surface-v2,20260825
geography-Q242-currency_of,geography,currency_of,Q242,Belize,Q275112,Belize dollar,country,currency,Wikidata,wd:Q242:P38,https://www.wikidata.org/wiki/Q242#P38,C_train,geography-Q242-currency_of-formal-v1,formal,v1,S_test,Country: Belize. Currency: Belize dollar.,code/generate_controlled_surface_dataset.py,surface-v2,20260825
geography-Q242-currency_of,geography,currency_of,Q242,Belize,Q275112,Belize dollar,country,currency,Wikidata,wd:Q242:P38,https://www.wikidata.org/wiki/Q242#P38,C_train,geography-Q242-currency_of-formal-v2,formal,v2,S_test,Currency — Belize dollar; country — Belize.,code/generate_controlled_surface_dataset.py,surface-v2,20260825
geography-Q242-currency_of,geography,currency_of,Q242,Belize,Q275112,Belize dollar,country,currency,Wikidata,wd:Q242:P38,https://www.wikidata.org/wiki/Q242#P38,C_train,geography-Q242-currency_of-structured-v1,structured,v1,S_test,"{""country"": ""Belize"", ""currency"": ""Belize dollar""}",code/generate_controlled_surface_dataset.py,surface-v2,20260825
geography-Q244-continent_of,geography,continent_of,Q244,Barbados,Q49,North America,country,continent,Wikidata,wd:Q244:P30,https://www.wikidata.org/wiki/Q244#P30,C_train,geography-Q244-continent_of-declarative-v1,declarative,v1,S_train,Barbados is in North America.,code/generate_controlled_surface_dataset.py,surface-v2,20260825
geography-Q244-continent_of,geography,continent_of,Q244,Barbados,Q49,North America,country,continent,Wikidata,wd:Q244:P30,https://www.wikidata.org/wiki/Q244#P30,C_train,geography-Q244-continent_of-declarative-v2,declarative,v2,S_train,Barbados lies in North America.,code/generate_controlled_surface_dataset.py,surface-v2,20260825
geography-Q244-continent_of,geography,continent_of,Q244,Barbados,Q49,North America,country,continent,Wikidata,wd:Q244:P30,https://www.wikidata.org/wiki/Q244#P30,C_train,geography-Q244-continent_of-declarative-v3,declarative,v3,S_train,North America includes Barbados.,code/generate_controlled_surface_dataset.py,surface-v2,20260825
geography-Q244-continent_of,geography,continent_of,Q244,Barbados,Q49,North America,country,continent,Wikidata,wd:Q244:P30,https://www.wikidata.org/wiki/Q244#P30,C_train,geography-Q244-continent_of-question-v1,question,v1,S_train,Which continent is Barbados in? North America.,code/generate_controlled_surface_dataset.py,surface-v2,20260825
geography-Q244-continent_of,geography,continent_of,Q244,Barbados,Q49,North America,country,continent,Wikidata,wd:Q244:P30,https://www.wikidata.org/wiki/Q244#P30,C_train,geography-Q244-continent_of-question-v2,question,v2,S_train,Barbados belongs to which continent? North America.,code/generate_controlled_surface_dataset.py,surface-v2,20260825
geography-Q244-continent_of,geography,continent_of,Q244,Barbados,Q49,North America,country,continent,Wikidata,wd:Q244:P30,https://www.wikidata.org/wiki/Q244#P30,C_train,geography-Q244-continent_of-question-v3,question,v3,S_train,What continent contains Barbados? North America.,code/generate_controlled_surface_dataset.py,surface-v2,20260825
geography-Q244-continent_of,geography,continent_of,Q244,Barbados,Q49,North America,country,continent,Wikidata,wd:Q244:P30,https://www.wikidata.org/wiki/Q244#P30,C_train,geography-Q244-continent_of-paraphrase-v1,paraphrase,v1,S_train,The continent containing Barbados is North America.,code/generate_controlled_surface_dataset.py,surface-v2,20260825
geography-Q244-continent_of,geography,continent_of,Q244,Barbados,Q49,North America,country,continent,Wikidata,wd:Q244:P30,https://www.wikidata.org/wiki/Q244#P30,C_train,geography-Q244-continent_of-paraphrase-v2,paraphrase,v2,S_train,Barbados is part of North America.,code/generate_controlled_surface_dataset.py,surface-v2,20260825
geography-Q244-continent_of,geography,continent_of,Q244,Barbados,Q49,North America,country,continent,Wikidata,wd:Q244:P30,https://www.wikidata.org/wiki/Q244#P30,C_train,geography-Q244-continent_of-paraphrase-v3,paraphrase,v3,S_train,"For Barbados, the relevant continent is North America.",code/generate_controlled_surface_dataset.py,surface-v2,20260825
geography-Q244-continent_of,geography,continent_of,Q244,Barbados,Q49,North America,country,continent,Wikidata,wd:Q244:P30,https://www.wikidata.org/wiki/Q244#P30,C_train,geography-Q244-continent_of-formal-v1,formal,v1,S_test,Country: Barbados. Continent: North America.,code/generate_controlled_surface_dataset.py,surface-v2,20260825
geography-Q244-continent_of,geography,continent_of,Q244,Barbados,Q49,North America,country,continent,Wikidata,wd:Q244:P30,https://www.wikidata.org/wiki/Q244#P30,C_train,geography-Q244-continent_of-formal-v2,formal,v2,S_test,Continent — North America; country — Barbados.,code/generate_controlled_surface_dataset.py,surface-v2,20260825
geography-Q244-continent_of,geography,continent_of,Q244,Barbados,Q49,North America,country,continent,Wikidata,wd:Q244:P30,https://www.wikidata.org/wiki/Q244#P30,C_train,geography-Q244-continent_of-structured-v1,structured,v1,S_test,"{""continent"": ""North America"", ""country"": ""Barbados""}",code/generate_controlled_surface_dataset.py,surface-v2,20260825
geography-Q30-continent_of,geography,continent_of,Q30,United States,Q49,North America,country,continent,Wikidata,wd:Q30:P30,https://www.wikidata.org/wiki/Q30#P30,C_train,geography-Q30-continent_of-declarative-v1,declarative,v1,S_train,United States is in North America.,code/generate_controlled_surface_dataset.py,surface-v2,20260825
geography-Q30-continent_of,geography,continent_of,Q30,United States,Q49,North America,country,continent,Wikidata,wd:Q30:P30,https://www.wikidata.org/wiki/Q30#P30,C_train,geography-Q30-continent_of-declarative-v2,declarative,v2,S_train,United States lies in North America.,code/generate_controlled_surface_dataset.py,surface-v2,20260825
geography-Q30-continent_of,geography,continent_of,Q30,United States,Q49,North America,country,continent,Wikidata,wd:Q30:P30,https://www.wikidata.org/wiki/Q30#P30,C_train,geography-Q30-continent_of-declarative-v3,declarative,v3,S_train,North America includes United States.,code/generate_controlled_surface_dataset.py,surface-v2,20260825
geography-Q30-continent_of,geography,continent_of,Q30,United States,Q49,North America,country,continent,Wikidata,wd:Q30:P30,https://www.wikidata.org/wiki/Q30#P30,C_train,geography-Q30-continent_of-question-v1,question,v1,S_train,Which continent is United States in? North America.,code/generate_controlled_surface_dataset.py,surface-v2,20260825
geography-Q30-continent_of,geography,continent_of,Q30,United States,Q49,North America,country,continent,Wikidata,wd:Q30:P30,https://www.wikidata.org/wiki/Q30#P30,C_train,geography-Q30-continent_of-question-v2,question,v2,S_train,United States belongs to which continent? North America.,code/generate_controlled_surface_dataset.py,surface-v2,20260825
geography-Q30-continent_of,geography,continent_of,Q30,United States,Q49,North America,country,continent,Wikidata,wd:Q30:P30,https://www.wikidata.org/wiki/Q30#P30,C_train,geography-Q30-continent_of-question-v3,question,v3,S_train,What continent contains United States? North America.,code/generate_controlled_surface_dataset.py,surface-v2,20260825
geography-Q30-continent_of,geography,continent_of,Q30,United States,Q49,North America,country,continent,Wikidata,wd:Q30:P30,https://www.wikidata.org/wiki/Q30#P30,C_train,geography-Q30-continent_of-paraphrase-v1,paraphrase,v1,S_train,The continent containing United States is North America.,code/generate_controlled_surface_dataset.py,surface-v2,20260825
geography-Q30-continent_of,geography,continent_of,Q30,United States,Q49,North America,country,continent,Wikidata,wd:Q30:P30,https://www.wikidata.org/wiki/Q30#P30,C_train,geography-Q30-continent_of-paraphrase-v2,paraphrase,v2,S_train,United States is part of North America.,code/generate_controlled_surface_dataset.py,surface-v2,20260825
geography-Q30-continent_of,geography,continent_of,Q30,United States,Q49,North America,country,continent,Wikidata,wd:Q30:P30,https://www.wikidata.org/wiki/Q30#P30,C_train,geography-Q30-continent_of-paraphrase-v3,paraphrase,v3,S_train,"For United States, the relevant continent is North America.",code/generate_controlled_surface_dataset.py,surface-v2,20260825
geography-Q30-continent_of,geography,continent_of,Q30,United States,Q49,North America,country,continent,Wikidata,wd:Q30:P30,https://www.wikidata.org/wiki/Q30#P30,C_train,geography-Q30-continent_of-formal-v1,formal,v1,S_test,Country: United States. Continent: North America.,code/generate_controlled_surface_dataset.py,surface-v2,20260825
geography-Q30-continent_of,geography,continent_of,Q30,United States,Q49,North America,country,continent,Wikidata,wd:Q30:P30,https://www.wikidata.org/wiki/Q30#P30,C_train,geography-Q30-continent_of-formal-v2,formal,v2,S_test,Continent — North America; country — United States.,code/generate_controlled_surface_dataset.py,surface-v2,20260825
geography-Q30-continent_of,geography,continent_of,Q30,United States,Q49,North America,country,continent,Wikidata,wd:Q30:P30,https://www.wikidata.org/wiki/Q30#P30,C_train,geography-Q30-continent_of-structured-v1,structured,v1,S_test,"{""continent"": ""North America"", ""country"": ""United States""}",code/generate_controlled_surface_dataset.py,surface-v2,20260825
geography-Q39-currency_of,geography,currency_of,Q39,Switzerland,Q25344,Swiss franc,country,currency,Wikidata,wd:Q39:P38,https://www.wikidata.org/wiki/Q39#P38,C_train,geography-Q39-currency_of-declarative-v1,declarative,v1,S_train,Switzerland uses the Swiss franc.,code/generate_controlled_surface_dataset.py,surface-v2,20260825
geography-Q39-currency_of,geography,currency_of,Q39,Switzerland,Q25344,Swiss franc,country,currency,Wikidata,wd:Q39:P38,https://www.wikidata.org/wiki/Q39#P38,C_train,geography-Q39-currency_of-declarative-v2,declarative,v2,S_train,The Swiss franc is used in Switzerland.,code/generate_controlled_surface_dataset.py,surface-v2,20260825
geography-Q39-currency_of,geography,currency_of,Q39,Switzerland,Q25344,Swiss franc,country,currency,Wikidata,wd:Q39:P38,https://www.wikidata.org/wiki/Q39#P38,C_train,geography-Q39-currency_of-declarative-v3,declarative,v3,S_train,Switzerland's currency is the Swiss franc.,code/generate_controlled_surface_dataset.py,surface-v2,20260825
geography-Q39-currency_of,geography,currency_of,Q39,Switzerland,Q25344,Swiss franc,country,currency,Wikidata,wd:Q39:P38,https://www.wikidata.org/wiki/Q39#P38,C_train,geography-Q39-currency_of-question-v1,question,v1,S_train,Which currency does Switzerland use? Swiss franc.,code/generate_controlled_surface_dataset.py,surface-v2,20260825
geography-Q39-currency_of,geography,currency_of,Q39,Switzerland,Q25344,Swiss franc,country,currency,Wikidata,wd:Q39:P38,https://www.wikidata.org/wiki/Q39#P38,C_train,geography-Q39-currency_of-question-v2,question,v2,S_train,What currency is used in Switzerland? Swiss franc.,code/generate_controlled_surface_dataset.py,surface-v2,20260825
geography-Q39-currency_of,geography,currency_of,Q39,Switzerland,Q25344,Swiss franc,country,currency,Wikidata,wd:Q39:P38,https://www.wikidata.org/wiki/Q39#P38,C_train,geography-Q39-currency_of-question-v3,question,v3,S_train,Switzerland uses which currency? Swiss franc.,code/generate_controlled_surface_dataset.py,surface-v2,20260825
geography-Q39-currency_of,geography,currency_of,Q39,Switzerland,Q25344,Swiss franc,country,currency,Wikidata,wd:Q39:P38,https://www.wikidata.org/wiki/Q39#P38,C_train,geography-Q39-currency_of-paraphrase-v1,paraphrase,v1,S_train,"For Switzerland, the currency is the Swiss franc.",code/generate_controlled_surface_dataset.py,surface-v2,20260825
geography-Q39-currency_of,geography,currency_of,Q39,Switzerland,Q25344,Swiss franc,country,currency,Wikidata,wd:Q39:P38,https://www.wikidata.org/wiki/Q39#P38,C_train,geography-Q39-currency_of-paraphrase-v2,paraphrase,v2,S_train,The currency associated with Switzerland is the Swiss franc.,code/generate_controlled_surface_dataset.py,surface-v2,20260825
geography-Q39-currency_of,geography,currency_of,Q39,Switzerland,Q25344,Swiss franc,country,currency,Wikidata,wd:Q39:P38,https://www.wikidata.org/wiki/Q39#P38,C_train,geography-Q39-currency_of-paraphrase-v3,paraphrase,v3,S_train,"In Switzerland, payment uses the Swiss franc.",code/generate_controlled_surface_dataset.py,surface-v2,20260825
geography-Q39-currency_of,geography,currency_of,Q39,Switzerland,Q25344,Swiss franc,country,currency,Wikidata,wd:Q39:P38,https://www.wikidata.org/wiki/Q39#P38,C_train,geography-Q39-currency_of-formal-v1,formal,v1,S_test,Country: Switzerland. Currency: Swiss franc.,code/generate_controlled_surface_dataset.py,surface-v2,20260825
geography-Q39-currency_of,geography,currency_of,Q39,Switzerland,Q25344,Swiss franc,country,currency,Wikidata,wd:Q39:P38,https://www.wikidata.org/wiki/Q39#P38,C_train,geography-Q39-currency_of-formal-v2,formal,v2,S_test,Currency — Swiss franc; country — Switzerland.,code/generate_controlled_surface_dataset.py,surface-v2,20260825
geography-Q39-currency_of,geography,currency_of,Q39,Switzerland,Q25344,Swiss franc,country,currency,Wikidata,wd:Q39:P38,https://www.wikidata.org/wiki/Q39#P38,C_train,geography-Q39-currency_of-structured-v1,structured,v1,S_test,"{""country"": ""Switzerland"", ""currency"": ""Swiss franc""}",code/generate_controlled_surface_dataset.py,surface-v2,20260825
geography-Q408-continent_of,geography,continent_of,Q408,Australia,Q55643,Oceania,country,continent,Wikidata,wd:Q408:P30,https://www.wikidata.org/wiki/Q408#P30,C_train,geography-Q408-continent_of-declarative-v1,declarative,v1,S_train,Australia is in Oceania.,code/generate_controlled_surface_dataset.py,surface-v2,20260825
geography-Q408-continent_of,geography,continent_of,Q408,Australia,Q55643,Oceania,country,continent,Wikidata,wd:Q408:P30,https://www.wikidata.org/wiki/Q408#P30,C_train,geography-Q408-continent_of-declarative-v2,declarative,v2,S_train,Australia lies in Oceania.,code/generate_controlled_surface_dataset.py,surface-v2,20260825
geography-Q408-continent_of,geography,continent_of,Q408,Australia,Q55643,Oceania,country,continent,Wikidata,wd:Q408:P30,https://www.wikidata.org/wiki/Q408#P30,C_train,geography-Q408-continent_of-declarative-v3,declarative,v3,S_train,Oceania includes Australia.,code/generate_controlled_surface_dataset.py,surface-v2,20260825
geography-Q408-continent_of,geography,continent_of,Q408,Australia,Q55643,Oceania,country,continent,Wikidata,wd:Q408:P30,https://www.wikidata.org/wiki/Q408#P30,C_train,geography-Q408-continent_of-question-v1,question,v1,S_train,Which continent is Australia in? Oceania.,code/generate_controlled_surface_dataset.py,surface-v2,20260825
geography-Q408-continent_of,geography,continent_of,Q408,Australia,Q55643,Oceania,country,continent,Wikidata,wd:Q408:P30,https://www.wikidata.org/wiki/Q408#P30,C_train,geography-Q408-continent_of-question-v2,question,v2,S_train,Australia belongs to which continent? Oceania.,code/generate_controlled_surface_dataset.py,surface-v2,20260825
geography-Q408-continent_of,geography,continent_of,Q408,Australia,Q55643,Oceania,country,continent,Wikidata,wd:Q408:P30,https://www.wikidata.org/wiki/Q408#P30,C_train,geography-Q408-continent_of-question-v3,question,v3,S_train,What continent contains Australia? Oceania.,code/generate_controlled_surface_dataset.py,surface-v2,20260825
geography-Q408-continent_of,geography,continent_of,Q408,Australia,Q55643,Oceania,country,continent,Wikidata,wd:Q408:P30,https://www.wikidata.org/wiki/Q408#P30,C_train,geography-Q408-continent_of-paraphrase-v1,paraphrase,v1,S_train,The continent containing Australia is Oceania.,code/generate_controlled_surface_dataset.py,surface-v2,20260825
geography-Q408-continent_of,geography,continent_of,Q408,Australia,Q55643,Oceania,country,continent,Wikidata,wd:Q408:P30,https://www.wikidata.org/wiki/Q408#P30,C_train,geography-Q408-continent_of-paraphrase-v2,paraphrase,v2,S_train,Australia is part of Oceania.,code/generate_controlled_surface_dataset.py,surface-v2,20260825
geography-Q408-continent_of,geography,continent_of,Q408,Australia,Q55643,Oceania,country,continent,Wikidata,wd:Q408:P30,https://www.wikidata.org/wiki/Q408#P30,C_train,geography-Q408-continent_of-paraphrase-v3,paraphrase,v3,S_train,"For Australia, the relevant continent is Oceania.",code/generate_controlled_surface_dataset.py,surface-v2,20260825
geography-Q408-continent_of,geography,continent_of,Q408,Australia,Q55643,Oceania,country,continent,Wikidata,wd:Q408:P30,https://www.wikidata.org/wiki/Q408#P30,C_train,geography-Q408-continent_of-formal-v1,formal,v1,S_test,Country: Australia. Continent: Oceania.,code/generate_controlled_surface_dataset.py,surface-v2,20260825
geography-Q408-continent_of,geography,continent_of,Q408,Australia,Q55643,Oceania,country,continent,Wikidata,wd:Q408:P30,https://www.wikidata.org/wiki/Q408#P30,C_train,geography-Q408-continent_of-formal-v2,formal,v2,S_test,Continent — Oceania; country — Australia.,code/generate_controlled_surface_dataset.py,surface-v2,20260825
geography-Q408-continent_of,geography,continent_of,Q408,Australia,Q55643,Oceania,country,continent,Wikidata,wd:Q408:P30,https://www.wikidata.org/wiki/Q408#P30,C_train,geography-Q408-continent_of-structured-v1,structured,v1,S_test,"{""continent"": ""Oceania"", ""country"": ""Australia""}",code/generate_controlled_surface_dataset.py,surface-v2,20260825
geography-Q423-currency_of,geography,currency_of,Q423,North Korea,Q106720,North Korean won,country,currency,Wikidata,wd:Q423:P38,https://www.wikidata.org/wiki/Q423#P38,C_train,geography-Q423-currency_of-declarative-v1,declarative,v1,S_train,North Korea uses the North Korean won.,code/generate_controlled_surface_dataset.py,surface-v2,20260825
geography-Q423-currency_of,geography,currency_of,Q423,North Korea,Q106720,North Korean won,country,currency,Wikidata,wd:Q423:P38,https://www.wikidata.org/wiki/Q423#P38,C_train,geography-Q423-currency_of-declarative-v2,declarative,v2,S_train,The North Korean won is used in North Korea.,code/generate_controlled_surface_dataset.py,surface-v2,20260825
geography-Q423-currency_of,geography,currency_of,Q423,North Korea,Q106720,North Korean won,country,currency,Wikidata,wd:Q423:P38,https://www.wikidata.org/wiki/Q423#P38,C_train,geography-Q423-currency_of-declarative-v3,declarative,v3,S_train,North Korea's currency is the North Korean won.,code/generate_controlled_surface_dataset.py,surface-v2,20260825
geography-Q423-currency_of,geography,currency_of,Q423,North Korea,Q106720,North Korean won,country,currency,Wikidata,wd:Q423:P38,https://www.wikidata.org/wiki/Q423#P38,C_train,geography-Q423-currency_of-question-v1,question,v1,S_train,Which currency does North Korea use? North Korean won.,code/generate_controlled_surface_dataset.py,surface-v2,20260825
geography-Q423-currency_of,geography,currency_of,Q423,North Korea,Q106720,North Korean won,country,currency,Wikidata,wd:Q423:P38,https://www.wikidata.org/wiki/Q423#P38,C_train,geography-Q423-currency_of-question-v2,question,v2,S_train,What currency is used in North Korea? North Korean won.,code/generate_controlled_surface_dataset.py,surface-v2,20260825
geography-Q423-currency_of,geography,currency_of,Q423,North Korea,Q106720,North Korean won,country,currency,Wikidata,wd:Q423:P38,https://www.wikidata.org/wiki/Q423#P38,C_train,geography-Q423-currency_of-question-v3,question,v3,S_train,North Korea uses which currency? North Korean won.,code/generate_controlled_surface_dataset.py,surface-v2,20260825
geography-Q423-currency_of,geography,currency_of,Q423,North Korea,Q106720,North Korean won,country,currency,Wikidata,wd:Q423:P38,https://www.wikidata.org/wiki/Q423#P38,C_train,geography-Q423-currency_of-paraphrase-v1,paraphrase,v1,S_train,"For North Korea, the currency is the North Korean won.",code/generate_controlled_surface_dataset.py,surface-v2,20260825
geography-Q423-currency_of,geography,currency_of,Q423,North Korea,Q106720,North Korean won,country,currency,Wikidata,wd:Q423:P38,https://www.wikidata.org/wiki/Q423#P38,C_train,geography-Q423-currency_of-paraphrase-v2,paraphrase,v2,S_train,The currency associated with North Korea is the North Korean won.,code/generate_controlled_surface_dataset.py,surface-v2,20260825
geography-Q423-currency_of,geography,currency_of,Q423,North Korea,Q106720,North Korean won,country,currency,Wikidata,wd:Q423:P38,https://www.wikidata.org/wiki/Q423#P38,C_train,geography-Q423-currency_of-paraphrase-v3,paraphrase,v3,S_train,"In North Korea, payment uses the North Korean won.",code/generate_controlled_surface_dataset.py,surface-v2,20260825
geography-Q423-currency_of,geography,currency_of,Q423,North Korea,Q106720,North Korean won,country,currency,Wikidata,wd:Q423:P38,https://www.wikidata.org/wiki/Q423#P38,C_train,geography-Q423-currency_of-formal-v1,formal,v1,S_test,Country: North Korea. Currency: North Korean won.,code/generate_controlled_surface_dataset.py,surface-v2,20260825
geography-Q423-currency_of,geography,currency_of,Q423,North Korea,Q106720,North Korean won,country,currency,Wikidata,wd:Q423:P38,https://www.wikidata.org/wiki/Q423#P38,C_train,geography-Q423-currency_of-formal-v2,formal,v2,S_test,Currency — North Korean won; country — North Korea.,code/generate_controlled_surface_dataset.py,surface-v2,20260825
geography-Q423-currency_of,geography,currency_of,Q423,North Korea,Q106720,North Korean won,country,currency,Wikidata,wd:Q423:P38,https://www.wikidata.org/wiki/Q423#P38,C_train,geography-Q423-currency_of-structured-v1,structured,v1,S_test,"{""country"": ""North Korea"", ""currency"": ""North Korean won""}",code/generate_controlled_surface_dataset.py,surface-v2,20260825
geography-Q711-currency_of,geography,currency_of,Q711,Mongolia,Q183435,Mongolian tögrög,country,currency,Wikidata,wd:Q711:P38,https://www.wikidata.org/wiki/Q711#P38,C_train,geography-Q711-currency_of-declarative-v1,declarative,v1,S_train,Mongolia uses the Mongolian tögrög.,code/generate_controlled_surface_dataset.py,surface-v2,20260825
geography-Q711-currency_of,geography,currency_of,Q711,Mongolia,Q183435,Mongolian tögrög,country,currency,Wikidata,wd:Q711:P38,https://www.wikidata.org/wiki/Q711#P38,C_train,geography-Q711-currency_of-declarative-v2,declarative,v2,S_train,The Mongolian tögrög is used in Mongolia.,code/generate_controlled_surface_dataset.py,surface-v2,20260825
geography-Q711-currency_of,geography,currency_of,Q711,Mongolia,Q183435,Mongolian tögrög,country,currency,Wikidata,wd:Q711:P38,https://www.wikidata.org/wiki/Q711#P38,C_train,geography-Q711-currency_of-declarative-v3,declarative,v3,S_train,Mongolia's currency is the Mongolian tögrög.,code/generate_controlled_surface_dataset.py,surface-v2,20260825
geography-Q711-currency_of,geography,currency_of,Q711,Mongolia,Q183435,Mongolian tögrög,country,currency,Wikidata,wd:Q711:P38,https://www.wikidata.org/wiki/Q711#P38,C_train,geography-Q711-currency_of-question-v1,question,v1,S_train,Which currency does Mongolia use? Mongolian tögrög.,code/generate_controlled_surface_dataset.py,surface-v2,20260825
geography-Q711-currency_of,geography,currency_of,Q711,Mongolia,Q183435,Mongolian tögrög,country,currency,Wikidata,wd:Q711:P38,https://www.wikidata.org/wiki/Q711#P38,C_train,geography-Q711-currency_of-question-v2,question,v2,S_train,What currency is used in Mongolia? Mongolian tögrög.,code/generate_controlled_surface_dataset.py,surface-v2,20260825
geography-Q711-currency_of,geography,currency_of,Q711,Mongolia,Q183435,Mongolian tögrög,country,currency,Wikidata,wd:Q711:P38,https://www.wikidata.org/wiki/Q711#P38,C_train,geography-Q711-currency_of-question-v3,question,v3,S_train,Mongolia uses which currency? Mongolian tögrög.,code/generate_controlled_surface_dataset.py,surface-v2,20260825
geography-Q711-currency_of,geography,currency_of,Q711,Mongolia,Q183435,Mongolian tögrög,country,currency,Wikidata,wd:Q711:P38,https://www.wikidata.org/wiki/Q711#P38,C_train,geography-Q711-currency_of-paraphrase-v1,paraphrase,v1,S_train,"For Mongolia, the currency is the Mongolian tögrög.",code/generate_controlled_surface_dataset.py,surface-v2,20260825
geography-Q711-currency_of,geography,currency_of,Q711,Mongolia,Q183435,Mongolian tögrög,country,currency,Wikidata,wd:Q711:P38,https://www.wikidata.org/wiki/Q711#P38,C_train,geography-Q711-currency_of-paraphrase-v2,paraphrase,v2,S_train,The currency associated with Mongolia is the Mongolian tögrög.,code/generate_controlled_surface_dataset.py,surface-v2,20260825
geography-Q711-currency_of,geography,currency_of,Q711,Mongolia,Q183435,Mongolian tögrög,country,currency,Wikidata,wd:Q711:P38,https://www.wikidata.org/wiki/Q711#P38,C_train,geography-Q711-currency_of-paraphrase-v3,paraphrase,v3,S_train,"In Mongolia, payment uses the Mongolian tögrög.",code/generate_controlled_surface_dataset.py,surface-v2,20260825
geography-Q711-currency_of,geography,currency_of,Q711,Mongolia,Q183435,Mongolian tögrög,country,currency,Wikidata,wd:Q711:P38,https://www.wikidata.org/wiki/Q711#P38,C_train,geography-Q711-currency_of-formal-v1,formal,v1,S_test,Country: Mongolia. Currency: Mongolian tögrög.,code/generate_controlled_surface_dataset.py,surface-v2,20260825
geography-Q711-currency_of,geography,currency_of,Q711,Mongolia,Q183435,Mongolian tögrög,country,currency,Wikidata,wd:Q711:P38,https://www.wikidata.org/wiki/Q711#P38,C_train,geography-Q711-currency_of-formal-v2,formal,v2,S_test,Currency — Mongolian tögrög; country — Mongolia.,code/generate_controlled_surface_dataset.py,surface-v2,20260825
geography-Q711-currency_of,geography,currency_of,Q711,Mongolia,Q183435,Mongolian tögrög,country,currency,Wikidata,wd:Q711:P38,https://www.wikidata.org/wiki/Q711#P38,C_train,geography-Q711-currency_of-structured-v1,structured,v1,S_test,"{""country"": ""Mongolia"", ""currency"": ""Mongolian tögrög""}",code/generate_controlled_surface_dataset.py,surface-v2,20260825
geography-Q760-currency_of,geography,currency_of,Q760,Saint Lucia,Q26365,Eastern Caribbean dollar,country,currency,Wikidata,wd:Q760:P38,https://www.wikidata.org/wiki/Q760#P38,C_train,geography-Q760-currency_of-declarative-v1,declarative,v1,S_train,Saint Lucia uses the Eastern Caribbean dollar.,code/generate_controlled_surface_dataset.py,surface-v2,20260825
geography-Q760-currency_of,geography,currency_of,Q760,Saint Lucia,Q26365,Eastern Caribbean dollar,country,currency,Wikidata,wd:Q760:P38,https://www.wikidata.org/wiki/Q760#P38,C_train,geography-Q760-currency_of-declarative-v2,declarative,v2,S_train,The Eastern Caribbean dollar is used in Saint Lucia.,code/generate_controlled_surface_dataset.py,surface-v2,20260825
geography-Q760-currency_of,geography,currency_of,Q760,Saint Lucia,Q26365,Eastern Caribbean dollar,country,currency,Wikidata,wd:Q760:P38,https://www.wikidata.org/wiki/Q760#P38,C_train,geography-Q760-currency_of-declarative-v3,declarative,v3,S_train,Saint Lucia's currency is the Eastern Caribbean dollar.,code/generate_controlled_surface_dataset.py,surface-v2,20260825
geography-Q760-currency_of,geography,currency_of,Q760,Saint Lucia,Q26365,Eastern Caribbean dollar,country,currency,Wikidata,wd:Q760:P38,https://www.wikidata.org/wiki/Q760#P38,C_train,geography-Q760-currency_of-question-v1,question,v1,S_train,Which currency does Saint Lucia use? Eastern Caribbean dollar.,code/generate_controlled_surface_dataset.py,surface-v2,20260825
geography-Q760-currency_of,geography,currency_of,Q760,Saint Lucia,Q26365,Eastern Caribbean dollar,country,currency,Wikidata,wd:Q760:P38,https://www.wikidata.org/wiki/Q760#P38,C_train,geography-Q760-currency_of-question-v2,question,v2,S_train,What currency is used in Saint Lucia? Eastern Caribbean dollar.,code/generate_controlled_surface_dataset.py,surface-v2,20260825
geography-Q760-currency_of,geography,currency_of,Q760,Saint Lucia,Q26365,Eastern Caribbean dollar,country,currency,Wikidata,wd:Q760:P38,https://www.wikidata.org/wiki/Q760#P38,C_train,geography-Q760-currency_of-question-v3,question,v3,S_train,Saint Lucia uses which currency? Eastern Caribbean dollar.,code/generate_controlled_surface_dataset.py,surface-v2,20260825
geography-Q760-currency_of,geography,currency_of,Q760,Saint Lucia,Q26365,Eastern Caribbean dollar,country,currency,Wikidata,wd:Q760:P38,https://www.wikidata.org/wiki/Q760#P38,C_train,geography-Q760-currency_of-paraphrase-v1,paraphrase,v1,S_train,"For Saint Lucia, the currency is the Eastern Caribbean dollar.",code/generate_controlled_surface_dataset.py,surface-v2,20260825
geography-Q760-currency_of,geography,currency_of,Q760,Saint Lucia,Q26365,Eastern Caribbean dollar,country,currency,Wikidata,wd:Q760:P38,https://www.wikidata.org/wiki/Q760#P38,C_train,geography-Q760-currency_of-paraphrase-v2,paraphrase,v2,S_train,The currency associated with Saint Lucia is the Eastern Caribbean dollar.,code/generate_controlled_surface_dataset.py,surface-v2,20260825
geography-Q760-currency_of,geography,currency_of,Q760,Saint Lucia,Q26365,Eastern Caribbean dollar,country,currency,Wikidata,wd:Q760:P38,https://www.wikidata.org/wiki/Q760#P38,C_train,geography-Q760-currency_of-paraphrase-v3,paraphrase,v3,S_train,"In Saint Lucia, payment uses the Eastern Caribbean dollar.",code/generate_controlled_surface_dataset.py,surface-v2,20260825
geography-Q760-currency_of,geography,currency_of,Q760,Saint Lucia,Q26365,Eastern Caribbean dollar,country,currency,Wikidata,wd:Q760:P38,https://www.wikidata.org/wiki/Q760#P38,C_train,geography-Q760-currency_of-formal-v1,formal,v1,S_test,Country: Saint Lucia. Currency: Eastern Caribbean dollar.,code/generate_controlled_surface_dataset.py,surface-v2,20260825
geography-Q760-currency_of,geography,currency_of,Q760,Saint Lucia,Q26365,Eastern Caribbean dollar,country,currency,Wikidata,wd:Q760:P38,https://www.wikidata.org/wiki/Q760#P38,C_train,geography-Q760-currency_of-formal-v2,formal,v2,S_test,Currency — Eastern Caribbean dollar; country — Saint Lucia.,code/generate_controlled_surface_dataset.py,surface-v2,20260825
geography-Q760-currency_of,geography,currency_of,Q760,Saint Lucia,Q26365,Eastern Caribbean dollar,country,currency,Wikidata,wd:Q760:P38,https://www.wikidata.org/wiki/Q760#P38,C_train,geography-Q760-currency_of-structured-v1,structured,v1,S_test,"{""country"": ""Saint Lucia"", ""currency"": ""Eastern Caribbean dollar""}",code/generate_controlled_surface_dataset.py,surface-v2,20260825
geography-Q774-currency_of,geography,currency_of,Q774,Guatemala,Q207396,quetzal,country,currency,Wikidata,wd:Q774:P38,https://www.wikidata.org/wiki/Q774#P38,C_train,geography-Q774-currency_of-declarative-v1,declarative,v1,S_train,Guatemala uses the quetzal.,code/generate_controlled_surface_dataset.py,surface-v2,20260825
geography-Q774-currency_of,geography,currency_of,Q774,Guatemala,Q207396,quetzal,country,currency,Wikidata,wd:Q774:P38,https://www.wikidata.org/wiki/Q774#P38,C_train,geography-Q774-currency_of-declarative-v2,declarative,v2,S_train,The quetzal is used in Guatemala.,code/generate_controlled_surface_dataset.py,surface-v2,20260825
geography-Q774-currency_of,geography,currency_of,Q774,Guatemala,Q207396,quetzal,country,currency,Wikidata,wd:Q774:P38,https://www.wikidata.org/wiki/Q774#P38,C_train,geography-Q774-currency_of-declarative-v3,declarative,v3,S_train,Guatemala's currency is the quetzal.,code/generate_controlled_surface_dataset.py,surface-v2,20260825
geography-Q774-currency_of,geography,currency_of,Q774,Guatemala,Q207396,quetzal,country,currency,Wikidata,wd:Q774:P38,https://www.wikidata.org/wiki/Q774#P38,C_train,geography-Q774-currency_of-question-v1,question,v1,S_train,Which currency does Guatemala use? quetzal.,code/generate_controlled_surface_dataset.py,surface-v2,20260825
geography-Q774-currency_of,geography,currency_of,Q774,Guatemala,Q207396,quetzal,country,currency,Wikidata,wd:Q774:P38,https://www.wikidata.org/wiki/Q774#P38,C_train,geography-Q774-currency_of-question-v2,question,v2,S_train,What currency is used in Guatemala? quetzal.,code/generate_controlled_surface_dataset.py,surface-v2,20260825
geography-Q774-currency_of,geography,currency_of,Q774,Guatemala,Q207396,quetzal,country,currency,Wikidata,wd:Q774:P38,https://www.wikidata.org/wiki/Q774#P38,C_train,geography-Q774-currency_of-question-v3,question,v3,S_train,Guatemala uses which currency? quetzal.,code/generate_controlled_surface_dataset.py,surface-v2,20260825
geography-Q774-currency_of,geography,currency_of,Q774,Guatemala,Q207396,quetzal,country,currency,Wikidata,wd:Q774:P38,https://www.wikidata.org/wiki/Q774#P38,C_train,geography-Q774-currency_of-paraphrase-v1,paraphrase,v1,S_train,"For Guatemala, the currency is the quetzal.",code/generate_controlled_surface_dataset.py,surface-v2,20260825
geography-Q774-currency_of,geography,currency_of,Q774,Guatemala,Q207396,quetzal,country,currency,Wikidata,wd:Q774:P38,https://www.wikidata.org/wiki/Q774#P38,C_train,geography-Q774-currency_of-paraphrase-v2,paraphrase,v2,S_train,The currency associated with Guatemala is the quetzal.,code/generate_controlled_surface_dataset.py,surface-v2,20260825
geography-Q774-currency_of,geography,currency_of,Q774,Guatemala,Q207396,quetzal,country,currency,Wikidata,wd:Q774:P38,https://www.wikidata.org/wiki/Q774#P38,C_train,geography-Q774-currency_of-paraphrase-v3,paraphrase,v3,S_train,"In Guatemala, payment uses the quetzal.",code/generate_controlled_surface_dataset.py,surface-v2,20260825
geography-Q774-currency_of,geography,currency_of,Q774,Guatemala,Q207396,quetzal,country,currency,Wikidata,wd:Q774:P38,https://www.wikidata.org/wiki/Q774#P38,C_train,geography-Q774-currency_of-formal-v1,formal,v1,S_test,Country: Guatemala. Currency: quetzal.,code/generate_controlled_surface_dataset.py,surface-v2,20260825
geography-Q774-currency_of,geography,currency_of,Q774,Guatemala,Q207396,quetzal,country,currency,Wikidata,wd:Q774:P38,https://www.wikidata.org/wiki/Q774#P38,C_train,geography-Q774-currency_of-formal-v2,formal,v2,S_test,Currency — quetzal; country — Guatemala.,code/generate_controlled_surface_dataset.py,surface-v2,20260825
geography-Q774-currency_of,geography,currency_of,Q774,Guatemala,Q207396,quetzal,country,currency,Wikidata,wd:Q774:P38,https://www.wikidata.org/wiki/Q774#P38,C_train,geography-Q774-currency_of-structured-v1,structured,v1,S_test,"{""country"": ""Guatemala"", ""currency"": ""quetzal""}",code/generate_controlled_surface_dataset.py,surface-v2,20260825
geography-Q778-currency_of,geography,currency_of,Q778,The Bahamas,Q194339,Bahamian dollar,country,currency,Wikidata,wd:Q778:P38,https://www.wikidata.org/wiki/Q778#P38,C_train,geography-Q778-currency_of-declarative-v1,declarative,v1,S_train,The Bahamas uses the Bahamian dollar.,code/generate_controlled_surface_dataset.py,surface-v2,20260825
geography-Q778-currency_of,geography,currency_of,Q778,The Bahamas,Q194339,Bahamian dollar,country,currency,Wikidata,wd:Q778:P38,https://www.wikidata.org/wiki/Q778#P38,C_train,geography-Q778-currency_of-declarative-v2,declarative,v2,S_train,The Bahamian dollar is used in The Bahamas.,code/generate_controlled_surface_dataset.py,surface-v2,20260825
geography-Q778-currency_of,geography,currency_of,Q778,The Bahamas,Q194339,Bahamian dollar,country,currency,Wikidata,wd:Q778:P38,https://www.wikidata.org/wiki/Q778#P38,C_train,geography-Q778-currency_of-declarative-v3,declarative,v3,S_train,The Bahamas's currency is the Bahamian dollar.,code/generate_controlled_surface_dataset.py,surface-v2,20260825
geography-Q778-currency_of,geography,currency_of,Q778,The Bahamas,Q194339,Bahamian dollar,country,currency,Wikidata,wd:Q778:P38,https://www.wikidata.org/wiki/Q778#P38,C_train,geography-Q778-currency_of-question-v1,question,v1,S_train,Which currency does The Bahamas use? Bahamian dollar.,code/generate_controlled_surface_dataset.py,surface-v2,20260825
geography-Q778-currency_of,geography,currency_of,Q778,The Bahamas,Q194339,Bahamian dollar,country,currency,Wikidata,wd:Q778:P38,https://www.wikidata.org/wiki/Q778#P38,C_train,geography-Q778-currency_of-question-v2,question,v2,S_train,What currency is used in The Bahamas? Bahamian dollar.,code/generate_controlled_surface_dataset.py,surface-v2,20260825
geography-Q778-currency_of,geography,currency_of,Q778,The Bahamas,Q194339,Bahamian dollar,country,currency,Wikidata,wd:Q778:P38,https://www.wikidata.org/wiki/Q778#P38,C_train,geography-Q778-currency_of-question-v3,question,v3,S_train,The Bahamas uses which currency? Bahamian dollar.,code/generate_controlled_surface_dataset.py,surface-v2,20260825
geography-Q778-currency_of,geography,currency_of,Q778,The Bahamas,Q194339,Bahamian dollar,country,currency,Wikidata,wd:Q778:P38,https://www.wikidata.org/wiki/Q778#P38,C_train,geography-Q778-currency_of-paraphrase-v1,paraphrase,v1,S_train,"For The Bahamas, the currency is the Bahamian dollar.",code/generate_controlled_surface_dataset.py,surface-v2,20260825
geography-Q778-currency_of,geography,currency_of,Q778,The Bahamas,Q194339,Bahamian dollar,country,currency,Wikidata,wd:Q778:P38,https://www.wikidata.org/wiki/Q778#P38,C_train,geography-Q778-currency_of-paraphrase-v2,paraphrase,v2,S_train,The currency associated with The Bahamas is the Bahamian dollar.,code/generate_controlled_surface_dataset.py,surface-v2,20260825
geography-Q778-currency_of,geography,currency_of,Q778,The Bahamas,Q194339,Bahamian dollar,country,currency,Wikidata,wd:Q778:P38,https://www.wikidata.org/wiki/Q778#P38,C_train,geography-Q778-currency_of-paraphrase-v3,paraphrase,v3,S_train,"In The Bahamas, payment uses the Bahamian dollar.",code/generate_controlled_surface_dataset.py,surface-v2,20260825
geography-Q778-currency_of,geography,currency_of,Q778,The Bahamas,Q194339,Bahamian dollar,country,currency,Wikidata,wd:Q778:P38,https://www.wikidata.org/wiki/Q778#P38,C_train,geography-Q778-currency_of-formal-v1,formal,v1,S_test,Country: The Bahamas. Currency: Bahamian dollar.,code/generate_controlled_surface_dataset.py,surface-v2,20260825
geography-Q778-currency_of,geography,currency_of,Q778,The Bahamas,Q194339,Bahamian dollar,country,currency,Wikidata,wd:Q778:P38,https://www.wikidata.org/wiki/Q778#P38,C_train,geography-Q778-currency_of-formal-v2,formal,v2,S_test,Currency — Bahamian dollar; country — The Bahamas.,code/generate_controlled_surface_dataset.py,surface-v2,20260825
geography-Q778-currency_of,geography,currency_of,Q778,The Bahamas,Q194339,Bahamian dollar,country,currency,Wikidata,wd:Q778:P38,https://www.wikidata.org/wiki/Q778#P38,C_train,geography-Q778-currency_of-structured-v1,structured,v1,S_test,"{""country"": ""The Bahamas"", ""currency"": ""Bahamian dollar""}",code/generate_controlled_surface_dataset.py,surface-v2,20260825
geography-Q786-capital_of,geography,capital_of,Q786,Dominican Republic,Q34820,Santo Domingo,country,city,Wikidata,wd:Q786:P36,https://www.wikidata.org/wiki/Q786#P36,C_train,geography-Q786-capital_of-declarative-v1,declarative,v1,S_train,Santo Domingo is the capital city of Dominican Republic.,code/generate_controlled_surface_dataset.py,surface-v2,20260825
geography-Q786-capital_of,geography,capital_of,Q786,Dominican Republic,Q34820,Santo Domingo,country,city,Wikidata,wd:Q786:P36,https://www.wikidata.org/wiki/Q786#P36,C_train,geography-Q786-capital_of-declarative-v2,declarative,v2,S_train,Dominican Republic has Santo Domingo as its capital.,code/generate_controlled_surface_dataset.py,surface-v2,20260825
geography-Q786-capital_of,geography,capital_of,Q786,Dominican Republic,Q34820,Santo Domingo,country,city,Wikidata,wd:Q786:P36,https://www.wikidata.org/wiki/Q786#P36,C_train,geography-Q786-capital_of-declarative-v3,declarative,v3,S_train,The capital of Dominican Republic is Santo Domingo.,code/generate_controlled_surface_dataset.py,surface-v2,20260825
geography-Q786-capital_of,geography,capital_of,Q786,Dominican Republic,Q34820,Santo Domingo,country,city,Wikidata,wd:Q786:P36,https://www.wikidata.org/wiki/Q786#P36,C_train,geography-Q786-capital_of-question-v1,question,v1,S_train,Which city is the capital of Dominican Republic? Santo Domingo.,code/generate_controlled_surface_dataset.py,surface-v2,20260825
geography-Q786-capital_of,geography,capital_of,Q786,Dominican Republic,Q34820,Santo Domingo,country,city,Wikidata,wd:Q786:P36,https://www.wikidata.org/wiki/Q786#P36,C_train,geography-Q786-capital_of-question-v2,question,v2,S_train,What is the capital of Dominican Republic? Santo Domingo.,code/generate_controlled_surface_dataset.py,surface-v2,20260825
geography-Q786-capital_of,geography,capital_of,Q786,Dominican Republic,Q34820,Santo Domingo,country,city,Wikidata,wd:Q786:P36,https://www.wikidata.org/wiki/Q786#P36,C_train,geography-Q786-capital_of-question-v3,question,v3,S_train,Dominican Republic has which city as its capital? Santo Domingo.,code/generate_controlled_surface_dataset.py,surface-v2,20260825
geography-Q786-capital_of,geography,capital_of,Q786,Dominican Republic,Q34820,Santo Domingo,country,city,Wikidata,wd:Q786:P36,https://www.wikidata.org/wiki/Q786#P36,C_train,geography-Q786-capital_of-paraphrase-v1,paraphrase,v1,S_train,"In Dominican Republic, the capital city is Santo Domingo.",code/generate_controlled_surface_dataset.py,surface-v2,20260825
geography-Q786-capital_of,geography,capital_of,Q786,Dominican Republic,Q34820,Santo Domingo,country,city,Wikidata,wd:Q786:P36,https://www.wikidata.org/wiki/Q786#P36,C_train,geography-Q786-capital_of-paraphrase-v2,paraphrase,v2,S_train,Santo Domingo holds the role of capital for Dominican Republic.,code/generate_controlled_surface_dataset.py,surface-v2,20260825
geography-Q786-capital_of,geography,capital_of,Q786,Dominican Republic,Q34820,Santo Domingo,country,city,Wikidata,wd:Q786:P36,https://www.wikidata.org/wiki/Q786#P36,C_train,geography-Q786-capital_of-paraphrase-v3,paraphrase,v3,S_train,"For Dominican Republic, the capital is Santo Domingo.",code/generate_controlled_surface_dataset.py,surface-v2,20260825
geography-Q786-capital_of,geography,capital_of,Q786,Dominican Republic,Q34820,Santo Domingo,country,city,Wikidata,wd:Q786:P36,https://www.wikidata.org/wiki/Q786#P36,C_train,geography-Q786-capital_of-formal-v1,formal,v1,S_test,Country: Dominican Republic. Capital city: Santo Domingo.,code/generate_controlled_surface_dataset.py,surface-v2,20260825
geography-Q786-capital_of,geography,capital_of,Q786,Dominican Republic,Q34820,Santo Domingo,country,city,Wikidata,wd:Q786:P36,https://www.wikidata.org/wiki/Q786#P36,C_train,geography-Q786-capital_of-formal-v2,formal,v2,S_test,Capital city — Santo Domingo; country — Dominican Republic.,code/generate_controlled_surface_dataset.py,surface-v2,20260825
geography-Q786-capital_of,geography,capital_of,Q786,Dominican Republic,Q34820,Santo Domingo,country,city,Wikidata,wd:Q786:P36,https://www.wikidata.org/wiki/Q786#P36,C_train,geography-Q786-capital_of-structured-v1,structured,v1,S_test,"{""capital_city"": ""Santo Domingo"", ""country"": ""Dominican Republic""}",code/generate_controlled_surface_dataset.py,surface-v2,20260825
geography-Q794-capital_of,geography,capital_of,Q794,Iran,Q3616,Tehran,country,city,Wikidata,wd:Q794:P36,https://www.wikidata.org/wiki/Q794#P36,C_train,geography-Q794-capital_of-declarative-v1,declarative,v1,S_train,Tehran is the capital city of Iran.,code/generate_controlled_surface_dataset.py,surface-v2,20260825
geography-Q794-capital_of,geography,capital_of,Q794,Iran,Q3616,Tehran,country,city,Wikidata,wd:Q794:P36,https://www.wikidata.org/wiki/Q794#P36,C_train,geography-Q794-capital_of-declarative-v2,declarative,v2,S_train,Iran has Tehran as its capital.,code/generate_controlled_surface_dataset.py,surface-v2,20260825
geography-Q794-capital_of,geography,capital_of,Q794,Iran,Q3616,Tehran,country,city,Wikidata,wd:Q794:P36,https://www.wikidata.org/wiki/Q794#P36,C_train,geography-Q794-capital_of-declarative-v3,declarative,v3,S_train,The capital of Iran is Tehran.,code/generate_controlled_surface_dataset.py,surface-v2,20260825
geography-Q794-capital_of,geography,capital_of,Q794,Iran,Q3616,Tehran,country,city,Wikidata,wd:Q794:P36,https://www.wikidata.org/wiki/Q794#P36,C_train,geography-Q794-capital_of-question-v1,question,v1,S_train,Which city is the capital of Iran? Tehran.,code/generate_controlled_surface_dataset.py,surface-v2,20260825
geography-Q794-capital_of,geography,capital_of,Q794,Iran,Q3616,Tehran,country,city,Wikidata,wd:Q794:P36,https://www.wikidata.org/wiki/Q794#P36,C_train,geography-Q794-capital_of-question-v2,question,v2,S_train,What is the capital of Iran? Tehran.,code/generate_controlled_surface_dataset.py,surface-v2,20260825
geography-Q794-capital_of,geography,capital_of,Q794,Iran,Q3616,Tehran,country,city,Wikidata,wd:Q794:P36,https://www.wikidata.org/wiki/Q794#P36,C_train,geography-Q794-capital_of-question-v3,question,v3,S_train,Iran has which city as its capital? Tehran.,code/generate_controlled_surface_dataset.py,surface-v2,20260825
geography-Q794-capital_of,geography,capital_of,Q794,Iran,Q3616,Tehran,country,city,Wikidata,wd:Q794:P36,https://www.wikidata.org/wiki/Q794#P36,C_train,geography-Q794-capital_of-paraphrase-v1,paraphrase,v1,S_train,"In Iran, the capital city is Tehran.",code/generate_controlled_surface_dataset.py,surface-v2,20260825
geography-Q794-capital_of,geography,capital_of,Q794,Iran,Q3616,Tehran,country,city,Wikidata,wd:Q794:P36,https://www.wikidata.org/wiki/Q794#P36,C_train,geography-Q794-capital_of-paraphrase-v2,paraphrase,v2,S_train,Tehran holds the role of capital for Iran.,code/generate_controlled_surface_dataset.py,surface-v2,20260825
geography-Q794-capital_of,geography,capital_of,Q794,Iran,Q3616,Tehran,country,city,Wikidata,wd:Q794:P36,https://www.wikidata.org/wiki/Q794#P36,C_train,geography-Q794-capital_of-paraphrase-v3,paraphrase,v3,S_train,"For Iran, the capital is Tehran.",code/generate_controlled_surface_dataset.py,surface-v2,20260825
geography-Q794-capital_of,geography,capital_of,Q794,Iran,Q3616,Tehran,country,city,Wikidata,wd:Q794:P36,https://www.wikidata.org/wiki/Q794#P36,C_train,geography-Q794-capital_of-formal-v1,formal,v1,S_test,Country: Iran. Capital city: Tehran.,code/generate_controlled_surface_dataset.py,surface-v2,20260825
geography-Q794-capital_of,geography,capital_of,Q794,Iran,Q3616,Tehran,country,city,Wikidata,wd:Q794:P36,https://www.wikidata.org/wiki/Q794#P36,C_train,geography-Q794-capital_of-formal-v2,formal,v2,S_test,Capital city — Tehran; country — Iran.,code/generate_controlled_surface_dataset.py,surface-v2,20260825
geography-Q794-capital_of,geography,capital_of,Q794,Iran,Q3616,Tehran,country,city,Wikidata,wd:Q794:P36,https://www.wikidata.org/wiki/Q794#P36,C_train,geography-Q794-capital_of-structured-v1,structured,v1,S_test,"{""capital_city"": ""Tehran"", ""country"": ""Iran""}",code/generate_controlled_surface_dataset.py,surface-v2,20260825
geography-Q819-continent_of,geography,continent_of,Q819,Laos,Q48,Asia,country,continent,Wikidata,wd:Q819:P30,https://www.wikidata.org/wiki/Q819#P30,C_val,geography-Q819-continent_of-declarative-v1,declarative,v1,S_train,Laos is in Asia.,code/generate_controlled_surface_dataset.py,surface-v2,20260825
geography-Q819-continent_of,geography,continent_of,Q819,Laos,Q48,Asia,country,continent,Wikidata,wd:Q819:P30,https://www.wikidata.org/wiki/Q819#P30,C_val,geography-Q819-continent_of-declarative-v2,declarative,v2,S_train,Laos lies in Asia.,code/generate_controlled_surface_dataset.py,surface-v2,20260825
geography-Q819-continent_of,geography,continent_of,Q819,Laos,Q48,Asia,country,continent,Wikidata,wd:Q819:P30,https://www.wikidata.org/wiki/Q819#P30,C_val,geography-Q819-continent_of-declarative-v3,declarative,v3,S_train,Asia includes Laos.,code/generate_controlled_surface_dataset.py,surface-v2,20260825
geography-Q819-continent_of,geography,continent_of,Q819,Laos,Q48,Asia,country,continent,Wikidata,wd:Q819:P30,https://www.wikidata.org/wiki/Q819#P30,C_val,geography-Q819-continent_of-question-v1,question,v1,S_train,Which continent is Laos in? Asia.,code/generate_controlled_surface_dataset.py,surface-v2,20260825
geography-Q819-continent_of,geography,continent_of,Q819,Laos,Q48,Asia,country,continent,Wikidata,wd:Q819:P30,https://www.wikidata.org/wiki/Q819#P30,C_val,geography-Q819-continent_of-question-v2,question,v2,S_train,Laos belongs to which continent? Asia.,code/generate_controlled_surface_dataset.py,surface-v2,20260825
geography-Q819-continent_of,geography,continent_of,Q819,Laos,Q48,Asia,country,continent,Wikidata,wd:Q819:P30,https://www.wikidata.org/wiki/Q819#P30,C_val,geography-Q819-continent_of-question-v3,question,v3,S_train,What continent contains Laos? Asia.,code/generate_controlled_surface_dataset.py,surface-v2,20260825
geography-Q819-continent_of,geography,continent_of,Q819,Laos,Q48,Asia,country,continent,Wikidata,wd:Q819:P30,https://www.wikidata.org/wiki/Q819#P30,C_val,geography-Q819-continent_of-paraphrase-v1,paraphrase,v1,S_train,The continent containing Laos is Asia.,code/generate_controlled_surface_dataset.py,surface-v2,20260825
geography-Q819-continent_of,geography,continent_of,Q819,Laos,Q48,Asia,country,continent,Wikidata,wd:Q819:P30,https://www.wikidata.org/wiki/Q819#P30,C_val,geography-Q819-continent_of-paraphrase-v2,paraphrase,v2,S_train,Laos is part of Asia.,code/generate_controlled_surface_dataset.py,surface-v2,20260825
geography-Q819-continent_of,geography,continent_of,Q819,Laos,Q48,Asia,country,continent,Wikidata,wd:Q819:P30,https://www.wikidata.org/wiki/Q819#P30,C_val,geography-Q819-continent_of-paraphrase-v3,paraphrase,v3,S_train,"For Laos, the relevant continent is Asia.",code/generate_controlled_surface_dataset.py,surface-v2,20260825
geography-Q819-continent_of,geography,continent_of,Q819,Laos,Q48,Asia,country,continent,Wikidata,wd:Q819:P30,https://www.wikidata.org/wiki/Q819#P30,C_val,geography-Q819-continent_of-formal-v1,formal,v1,S_test,Country: Laos. Continent: Asia.,code/generate_controlled_surface_dataset.py,surface-v2,20260825
geography-Q819-continent_of,geography,continent_of,Q819,Laos,Q48,Asia,country,continent,Wikidata,wd:Q819:P30,https://www.wikidata.org/wiki/Q819#P30,C_val,geography-Q819-continent_of-formal-v2,formal,v2,S_test,Continent — Asia; country — Laos.,code/generate_controlled_surface_dataset.py,surface-v2,20260825
geography-Q819-continent_of,geography,continent_of,Q819,Laos,Q48,Asia,country,continent,Wikidata,wd:Q819:P30,https://www.wikidata.org/wiki/Q819#P30,C_val,geography-Q819-continent_of-structured-v1,structured,v1,S_test,"{""continent"": ""Asia"", ""country"": ""Laos""}",code/generate_controlled_surface_dataset.py,surface-v2,20260825
geography-Q826-currency_of,geography,currency_of,Q826,Maldives,Q206600,Maldivian rufiyaa,country,currency,Wikidata,wd:Q826:P38,https://www.wikidata.org/wiki/Q826#P38,C_val,geography-Q826-currency_of-declarative-v1,declarative,v1,S_train,Maldives uses the Maldivian rufiyaa.,code/generate_controlled_surface_dataset.py,surface-v2,20260825
geography-Q826-currency_of,geography,currency_of,Q826,Maldives,Q206600,Maldivian rufiyaa,country,currency,Wikidata,wd:Q826:P38,https://www.wikidata.org/wiki/Q826#P38,C_val,geography-Q826-currency_of-declarative-v2,declarative,v2,S_train,The Maldivian rufiyaa is used in Maldives.,code/generate_controlled_surface_dataset.py,surface-v2,20260825
geography-Q826-currency_of,geography,currency_of,Q826,Maldives,Q206600,Maldivian rufiyaa,country,currency,Wikidata,wd:Q826:P38,https://www.wikidata.org/wiki/Q826#P38,C_val,geography-Q826-currency_of-declarative-v3,declarative,v3,S_train,Maldives's currency is the Maldivian rufiyaa.,code/generate_controlled_surface_dataset.py,surface-v2,20260825
geography-Q826-currency_of,geography,currency_of,Q826,Maldives,Q206600,Maldivian rufiyaa,country,currency,Wikidata,wd:Q826:P38,https://www.wikidata.org/wiki/Q826#P38,C_val,geography-Q826-currency_of-question-v1,question,v1,S_train,Which currency does Maldives use? Maldivian rufiyaa.,code/generate_controlled_surface_dataset.py,surface-v2,20260825
geography-Q826-currency_of,geography,currency_of,Q826,Maldives,Q206600,Maldivian rufiyaa,country,currency,Wikidata,wd:Q826:P38,https://www.wikidata.org/wiki/Q826#P38,C_val,geography-Q826-currency_of-question-v2,question,v2,S_train,What currency is used in Maldives? Maldivian rufiyaa.,code/generate_controlled_surface_dataset.py,surface-v2,20260825
geography-Q826-currency_of,geography,currency_of,Q826,Maldives,Q206600,Maldivian rufiyaa,country,currency,Wikidata,wd:Q826:P38,https://www.wikidata.org/wiki/Q826#P38,C_val,geography-Q826-currency_of-question-v3,question,v3,S_train,Maldives uses which currency? Maldivian rufiyaa.,code/generate_controlled_surface_dataset.py,surface-v2,20260825
geography-Q826-currency_of,geography,currency_of,Q826,Maldives,Q206600,Maldivian rufiyaa,country,currency,Wikidata,wd:Q826:P38,https://www.wikidata.org/wiki/Q826#P38,C_val,geography-Q826-currency_of-paraphrase-v1,paraphrase,v1,S_train,"For Maldives, the currency is the Maldivian rufiyaa.",code/generate_controlled_surface_dataset.py,surface-v2,20260825
geography-Q826-currency_of,geography,currency_of,Q826,Maldives,Q206600,Maldivian rufiyaa,country,currency,Wikidata,wd:Q826:P38,https://www.wikidata.org/wiki/Q826#P38,C_val,geography-Q826-currency_of-paraphrase-v2,paraphrase,v2,S_train,The currency associated with Maldives is the Maldivian rufiyaa.,code/generate_controlled_surface_dataset.py,surface-v2,20260825
geography-Q826-currency_of,geography,currency_of,Q826,Maldives,Q206600,Maldivian rufiyaa,country,currency,Wikidata,wd:Q826:P38,https://www.wikidata.org/wiki/Q826#P38,C_val,geography-Q826-currency_of-paraphrase-v3,paraphrase,v3,S_train,"In Maldives, payment uses the Maldivian rufiyaa.",code/generate_controlled_surface_dataset.py,surface-v2,20260825
geography-Q826-currency_of,geography,currency_of,Q826,Maldives,Q206600,Maldivian rufiyaa,country,currency,Wikidata,wd:Q826:P38,https://www.wikidata.org/wiki/Q826#P38,C_val,geography-Q826-currency_of-formal-v1,formal,v1,S_test,Country: Maldives. Currency: Maldivian rufiyaa.,code/generate_controlled_surface_dataset.py,surface-v2,20260825
geography-Q826-currency_of,geography,currency_of,Q826,Maldives,Q206600,Maldivian rufiyaa,country,currency,Wikidata,wd:Q826:P38,https://www.wikidata.org/wiki/Q826#P38,C_val,geography-Q826-currency_of-formal-v2,formal,v2,S_test,Currency — Maldivian rufiyaa; country — Maldives.,code/generate_controlled_surface_dataset.py,surface-v2,20260825
geography-Q826-currency_of,geography,currency_of,Q826,Maldives,Q206600,Maldivian rufiyaa,country,currency,Wikidata,wd:Q826:P38,https://www.wikidata.org/wiki/Q826#P38,C_val,geography-Q826-currency_of-structured-v1,structured,v1,S_test,"{""country"": ""Maldives"", ""currency"": ""Maldivian rufiyaa""}",code/generate_controlled_surface_dataset.py,surface-v2,20260825
geography-Q846-currency_of,geography,currency_of,Q846,Qatar,Q206386,Qatari riyal,country,currency,Wikidata,wd:Q846:P38,https://www.wikidata.org/wiki/Q846#P38,C_val,geography-Q846-currency_of-declarative-v1,declarative,v1,S_train,Qatar uses the Qatari riyal.,code/generate_controlled_surface_dataset.py,surface-v2,20260825
geography-Q846-currency_of,geography,currency_of,Q846,Qatar,Q206386,Qatari riyal,country,currency,Wikidata,wd:Q846:P38,https://www.wikidata.org/wiki/Q846#P38,C_val,geography-Q846-currency_of-declarative-v2,declarative,v2,S_train,The Qatari riyal is used in Qatar.,code/generate_controlled_surface_dataset.py,surface-v2,20260825
geography-Q846-currency_of,geography,currency_of,Q846,Qatar,Q206386,Qatari riyal,country,currency,Wikidata,wd:Q846:P38,https://www.wikidata.org/wiki/Q846#P38,C_val,geography-Q846-currency_of-declarative-v3,declarative,v3,S_train,Qatar's currency is the Qatari riyal.,code/generate_controlled_surface_dataset.py,surface-v2,20260825
geography-Q846-currency_of,geography,currency_of,Q846,Qatar,Q206386,Qatari riyal,country,currency,Wikidata,wd:Q846:P38,https://www.wikidata.org/wiki/Q846#P38,C_val,geography-Q846-currency_of-question-v1,question,v1,S_train,Which currency does Qatar use? Qatari riyal.,code/generate_controlled_surface_dataset.py,surface-v2,20260825
geography-Q846-currency_of,geography,currency_of,Q846,Qatar,Q206386,Qatari riyal,country,currency,Wikidata,wd:Q846:P38,https://www.wikidata.org/wiki/Q846#P38,C_val,geography-Q846-currency_of-question-v2,question,v2,S_train,What currency is used in Qatar? Qatari riyal.,code/generate_controlled_surface_dataset.py,surface-v2,20260825
geography-Q846-currency_of,geography,currency_of,Q846,Qatar,Q206386,Qatari riyal,country,currency,Wikidata,wd:Q846:P38,https://www.wikidata.org/wiki/Q846#P38,C_val,geography-Q846-currency_of-question-v3,question,v3,S_train,Qatar uses which currency? Qatari riyal.,code/generate_controlled_surface_dataset.py,surface-v2,20260825
geography-Q846-currency_of,geography,currency_of,Q846,Qatar,Q206386,Qatari riyal,country,currency,Wikidata,wd:Q846:P38,https://www.wikidata.org/wiki/Q846#P38,C_val,geography-Q846-currency_of-paraphrase-v1,paraphrase,v1,S_train,"For Qatar, the currency is the Qatari riyal.",code/generate_controlled_surface_dataset.py,surface-v2,20260825
geography-Q846-currency_of,geography,currency_of,Q846,Qatar,Q206386,Qatari riyal,country,currency,Wikidata,wd:Q846:P38,https://www.wikidata.org/wiki/Q846#P38,C_val,geography-Q846-currency_of-paraphrase-v2,paraphrase,v2,S_train,The currency associated with Qatar is the Qatari riyal.,code/generate_controlled_surface_dataset.py,surface-v2,20260825
geography-Q846-currency_of,geography,currency_of,Q846,Qatar,Q206386,Qatari riyal,country,currency,Wikidata,wd:Q846:P38,https://www.wikidata.org/wiki/Q846#P38,C_val,geography-Q846-currency_of-paraphrase-v3,paraphrase,v3,S_train,"In Qatar, payment uses the Qatari riyal.",code/generate_controlled_surface_dataset.py,surface-v2,20260825
geography-Q846-currency_of,geography,currency_of,Q846,Qatar,Q206386,Qatari riyal,country,currency,Wikidata,wd:Q846:P38,https://www.wikidata.org/wiki/Q846#P38,C_val,geography-Q846-currency_of-formal-v1,formal,v1,S_test,Country: Qatar. Currency: Qatari riyal.,code/generate_controlled_surface_dataset.py,surface-v2,20260825
geography-Q846-currency_of,geography,currency_of,Q846,Qatar,Q206386,Qatari riyal,country,currency,Wikidata,wd:Q846:P38,https://www.wikidata.org/wiki/Q846#P38,C_val,geography-Q846-currency_of-formal-v2,formal,v2,S_test,Currency — Qatari riyal; country — Qatar.,code/generate_controlled_surface_dataset.py,surface-v2,20260825
geography-Q846-currency_of,geography,currency_of,Q846,Qatar,Q206386,Qatari riyal,country,currency,Wikidata,wd:Q846:P38,https://www.wikidata.org/wiki/Q846#P38,C_val,geography-Q846-currency_of-structured-v1,structured,v1,S_test,"{""country"": ""Qatar"", ""currency"": ""Qatari riyal""}",code/generate_controlled_surface_dataset.py,surface-v2,20260825
geography-Q851-capital_of,geography,capital_of,Q851,Saudi Arabia,Q3692,Riyadh,country,city,Wikidata,wd:Q851:P36,https://www.wikidata.org/wiki/Q851#P36,C_val,geography-Q851-capital_of-declarative-v1,declarative,v1,S_train,Riyadh is the capital city of Saudi Arabia.,code/generate_controlled_surface_dataset.py,surface-v2,20260825
geography-Q851-capital_of,geography,capital_of,Q851,Saudi Arabia,Q3692,Riyadh,country,city,Wikidata,wd:Q851:P36,https://www.wikidata.org/wiki/Q851#P36,C_val,geography-Q851-capital_of-declarative-v2,declarative,v2,S_train,Saudi Arabia has Riyadh as its capital.,code/generate_controlled_surface_dataset.py,surface-v2,20260825
geography-Q851-capital_of,geography,capital_of,Q851,Saudi Arabia,Q3692,Riyadh,country,city,Wikidata,wd:Q851:P36,https://www.wikidata.org/wiki/Q851#P36,C_val,geography-Q851-capital_of-declarative-v3,declarative,v3,S_train,The capital of Saudi Arabia is Riyadh.,code/generate_controlled_surface_dataset.py,surface-v2,20260825
geography-Q851-capital_of,geography,capital_of,Q851,Saudi Arabia,Q3692,Riyadh,country,city,Wikidata,wd:Q851:P36,https://www.wikidata.org/wiki/Q851#P36,C_val,geography-Q851-capital_of-question-v1,question,v1,S_train,Which city is the capital of Saudi Arabia? Riyadh.,code/generate_controlled_surface_dataset.py,surface-v2,20260825
geography-Q851-capital_of,geography,capital_of,Q851,Saudi Arabia,Q3692,Riyadh,country,city,Wikidata,wd:Q851:P36,https://www.wikidata.org/wiki/Q851#P36,C_val,geography-Q851-capital_of-question-v2,question,v2,S_train,What is the capital of Saudi Arabia? Riyadh.,code/generate_controlled_surface_dataset.py,surface-v2,20260825
geography-Q851-capital_of,geography,capital_of,Q851,Saudi Arabia,Q3692,Riyadh,country,city,Wikidata,wd:Q851:P36,https://www.wikidata.org/wiki/Q851#P36,C_val,geography-Q851-capital_of-question-v3,question,v3,S_train,Saudi Arabia has which city as its capital? Riyadh.,code/generate_controlled_surface_dataset.py,surface-v2,20260825
geography-Q851-capital_of,geography,capital_of,Q851,Saudi Arabia,Q3692,Riyadh,country,city,Wikidata,wd:Q851:P36,https://www.wikidata.org/wiki/Q851#P36,C_val,geography-Q851-capital_of-paraphrase-v1,paraphrase,v1,S_train,"In Saudi Arabia, the capital city is Riyadh.",code/generate_controlled_surface_dataset.py,surface-v2,20260825
geography-Q851-capital_of,geography,capital_of,Q851,Saudi Arabia,Q3692,Riyadh,country,city,Wikidata,wd:Q851:P36,https://www.wikidata.org/wiki/Q851#P36,C_val,geography-Q851-capital_of-paraphrase-v2,paraphrase,v2,S_train,Riyadh holds the role of capital for Saudi Arabia.,code/generate_controlled_surface_dataset.py,surface-v2,20260825
geography-Q851-capital_of,geography,capital_of,Q851,Saudi Arabia,Q3692,Riyadh,country,city,Wikidata,wd:Q851:P36,https://www.wikidata.org/wiki/Q851#P36,C_val,geography-Q851-capital_of-paraphrase-v3,paraphrase,v3,S_train,"For Saudi Arabia, the capital is Riyadh.",code/generate_controlled_surface_dataset.py,surface-v2,20260825
geography-Q851-capital_of,geography,capital_of,Q851,Saudi Arabia,Q3692,Riyadh,country,city,Wikidata,wd:Q851:P36,https://www.wikidata.org/wiki/Q851#P36,C_val,geography-Q851-capital_of-formal-v1,formal,v1,S_test,Country: Saudi Arabia. Capital city: Riyadh.,code/generate_controlled_surface_dataset.py,surface-v2,20260825
geography-Q851-capital_of,geography,capital_of,Q851,Saudi Arabia,Q3692,Riyadh,country,city,Wikidata,wd:Q851:P36,https://www.wikidata.org/wiki/Q851#P36,C_val,geography-Q851-capital_of-formal-v2,formal,v2,S_test,Capital city — Riyadh; country — Saudi Arabia.,code/generate_controlled_surface_dataset.py,surface-v2,20260825
geography-Q851-capital_of,geography,capital_of,Q851,Saudi Arabia,Q3692,Riyadh,country,city,Wikidata,wd:Q851:P36,https://www.wikidata.org/wiki/Q851#P36,C_val,geography-Q851-capital_of-structured-v1,structured,v1,S_test,"{""capital_city"": ""Riyadh"", ""country"": ""Saudi Arabia""}",code/generate_controlled_surface_dataset.py,surface-v2,20260825
geography-Q865-continent_of,geography,continent_of,Q865,Taiwan,Q48,Asia,country,continent,Wikidata,wd:Q865:P30,https://www.wikidata.org/wiki/Q865#P30,C_val,geography-Q865-continent_of-declarative-v1,declarative,v1,S_train,Taiwan is in Asia.,code/generate_controlled_surface_dataset.py,surface-v2,20260825
geography-Q865-continent_of,geography,continent_of,Q865,Taiwan,Q48,Asia,country,continent,Wikidata,wd:Q865:P30,https://www.wikidata.org/wiki/Q865#P30,C_val,geography-Q865-continent_of-declarative-v2,declarative,v2,S_train,Taiwan lies in Asia.,code/generate_controlled_surface_dataset.py,surface-v2,20260825
geography-Q865-continent_of,geography,continent_of,Q865,Taiwan,Q48,Asia,country,continent,Wikidata,wd:Q865:P30,https://www.wikidata.org/wiki/Q865#P30,C_val,geography-Q865-continent_of-declarative-v3,declarative,v3,S_train,Asia includes Taiwan.,code/generate_controlled_surface_dataset.py,surface-v2,20260825
geography-Q865-continent_of,geography,continent_of,Q865,Taiwan,Q48,Asia,country,continent,Wikidata,wd:Q865:P30,https://www.wikidata.org/wiki/Q865#P30,C_val,geography-Q865-continent_of-question-v1,question,v1,S_train,Which continent is Taiwan in? Asia.,code/generate_controlled_surface_dataset.py,surface-v2,20260825
geography-Q865-continent_of,geography,continent_of,Q865,Taiwan,Q48,Asia,country,continent,Wikidata,wd:Q865:P30,https://www.wikidata.org/wiki/Q865#P30,C_val,geography-Q865-continent_of-question-v2,question,v2,S_train,Taiwan belongs to which continent? Asia.,code/generate_controlled_surface_dataset.py,surface-v2,20260825
geography-Q865-continent_of,geography,continent_of,Q865,Taiwan,Q48,Asia,country,continent,Wikidata,wd:Q865:P30,https://www.wikidata.org/wiki/Q865#P30,C_val,geography-Q865-continent_of-question-v3,question,v3,S_train,What continent contains Taiwan? Asia.,code/generate_controlled_surface_dataset.py,surface-v2,20260825
geography-Q865-continent_of,geography,continent_of,Q865,Taiwan,Q48,Asia,country,continent,Wikidata,wd:Q865:P30,https://www.wikidata.org/wiki/Q865#P30,C_val,geography-Q865-continent_of-paraphrase-v1,paraphrase,v1,S_train,The continent containing Taiwan is Asia.,code/generate_controlled_surface_dataset.py,surface-v2,20260825
geography-Q865-continent_of,geography,continent_of,Q865,Taiwan,Q48,Asia,country,continent,Wikidata,wd:Q865:P30,https://www.wikidata.org/wiki/Q865#P30,C_val,geography-Q865-continent_of-paraphrase-v2,paraphrase,v2,S_train,Taiwan is part of Asia.,code/generate_controlled_surface_dataset.py,surface-v2,20260825
geography-Q865-continent_of,geography,continent_of,Q865,Taiwan,Q48,Asia,country,continent,Wikidata,wd:Q865:P30,https://www.wikidata.org/wiki/Q865#P30,C_val,geography-Q865-continent_of-paraphrase-v3,paraphrase,v3,S_train,"For Taiwan, the relevant continent is Asia.",code/generate_controlled_surface_dataset.py,surface-v2,20260825
geography-Q865-continent_of,geography,continent_of,Q865,Taiwan,Q48,Asia,country,continent,Wikidata,wd:Q865:P30,https://www.wikidata.org/wiki/Q865#P30,C_val,geography-Q865-continent_of-formal-v1,formal,v1,S_test,Country: Taiwan. Continent: Asia.,code/generate_controlled_surface_dataset.py,surface-v2,20260825
geography-Q865-continent_of,geography,continent_of,Q865,Taiwan,Q48,Asia,country,continent,Wikidata,wd:Q865:P30,https://www.wikidata.org/wiki/Q865#P30,C_val,geography-Q865-continent_of-formal-v2,formal,v2,S_test,Continent — Asia; country — Taiwan.,code/generate_controlled_surface_dataset.py,surface-v2,20260825
geography-Q865-continent_of,geography,continent_of,Q865,Taiwan,Q48,Asia,country,continent,Wikidata,wd:Q865:P30,https://www.wikidata.org/wiki/Q865#P30,C_val,geography-Q865-continent_of-structured-v1,structured,v1,S_test,"{""continent"": ""Asia"", ""country"": ""Taiwan""}",code/generate_controlled_surface_dataset.py,surface-v2,20260825
geography-Q977-continent_of,geography,continent_of,Q977,Djibouti,Q15,Africa,country,continent,Wikidata,wd:Q977:P30,https://www.wikidata.org/wiki/Q977#P30,C_test,geography-Q977-continent_of-declarative-v1,declarative,v1,S_train,Djibouti is in Africa.,code/generate_controlled_surface_dataset.py,surface-v2,20260825
geography-Q977-continent_of,geography,continent_of,Q977,Djibouti,Q15,Africa,country,continent,Wikidata,wd:Q977:P30,https://www.wikidata.org/wiki/Q977#P30,C_test,geography-Q977-continent_of-declarative-v2,declarative,v2,S_train,Djibouti lies in Africa.,code/generate_controlled_surface_dataset.py,surface-v2,20260825
geography-Q977-continent_of,geography,continent_of,Q977,Djibouti,Q15,Africa,country,continent,Wikidata,wd:Q977:P30,https://www.wikidata.org/wiki/Q977#P30,C_test,geography-Q977-continent_of-declarative-v3,declarative,v3,S_train,Africa includes Djibouti.,code/generate_controlled_surface_dataset.py,surface-v2,20260825
geography-Q977-continent_of,geography,continent_of,Q977,Djibouti,Q15,Africa,country,continent,Wikidata,wd:Q977:P30,https://www.wikidata.org/wiki/Q977#P30,C_test,geography-Q977-continent_of-question-v1,question,v1,S_train,Which continent is Djibouti in? Africa.,code/generate_controlled_surface_dataset.py,surface-v2,20260825
geography-Q977-continent_of,geography,continent_of,Q977,Djibouti,Q15,Africa,country,continent,Wikidata,wd:Q977:P30,https://www.wikidata.org/wiki/Q977#P30,C_test,geography-Q977-continent_of-question-v2,question,v2,S_train,Djibouti belongs to which continent? Africa.,code/generate_controlled_surface_dataset.py,surface-v2,20260825
geography-Q977-continent_of,geography,continent_of,Q977,Djibouti,Q15,Africa,country,continent,Wikidata,wd:Q977:P30,https://www.wikidata.org/wiki/Q977#P30,C_test,geography-Q977-continent_of-question-v3,question,v3,S_train,What continent contains Djibouti? Africa.,code/generate_controlled_surface_dataset.py,surface-v2,20260825
geography-Q977-continent_of,geography,continent_of,Q977,Djibouti,Q15,Africa,country,continent,Wikidata,wd:Q977:P30,https://www.wikidata.org/wiki/Q977#P30,C_test,geography-Q977-continent_of-paraphrase-v1,paraphrase,v1,S_train,The continent containing Djibouti is Africa.,code/generate_controlled_surface_dataset.py,surface-v2,20260825
geography-Q977-continent_of,geography,continent_of,Q977,Djibouti,Q15,Africa,country,continent,Wikidata,wd:Q977:P30,https://www.wikidata.org/wiki/Q977#P30,C_test,geography-Q977-continent_of-paraphrase-v2,paraphrase,v2,S_train,Djibouti is part of Africa.,code/generate_controlled_surface_dataset.py,surface-v2,20260825
geography-Q977-continent_of,geography,continent_of,Q977,Djibouti,Q15,Africa,country,continent,Wikidata,wd:Q977:P30,https://www.wikidata.org/wiki/Q977#P30,C_test,geography-Q977-continent_of-paraphrase-v3,paraphrase,v3,S_train,"For Djibouti, the relevant continent is Africa.",code/generate_controlled_surface_dataset.py,surface-v2,20260825
geography-Q977-continent_of,geography,continent_of,Q977,Djibouti,Q15,Africa,country,continent,Wikidata,wd:Q977:P30,https://www.wikidata.org/wiki/Q977#P30,C_test,geography-Q977-continent_of-formal-v1,formal,v1,S_test,Country: Djibouti. Continent: Africa.,code/generate_controlled_surface_dataset.py,surface-v2,20260825
geography-Q977-continent_of,geography,continent_of,Q977,Djibouti,Q15,Africa,country,continent,Wikidata,wd:Q977:P30,https://www.wikidata.org/wiki/Q977#P30,C_test,geography-Q977-continent_of-formal-v2,formal,v2,S_test,Continent — Africa; country — Djibouti.,code/generate_controlled_surface_dataset.py,surface-v2,20260825
geography-Q977-continent_of,geography,continent_of,Q977,Djibouti,Q15,Africa,country,continent,Wikidata,wd:Q977:P30,https://www.wikidata.org/wiki/Q977#P30,C_test,geography-Q977-continent_of-structured-v1,structured,v1,S_test,"{""continent"": ""Africa"", ""country"": ""Djibouti""}",code/generate_controlled_surface_dataset.py,surface-v2,20260825
geography-Q983-capital_of,geography,capital_of,Q983,Equatorial Guinea,Q1140136,Ciudad de la Paz,country,city,Wikidata,wd:Q983:P36,https://www.wikidata.org/wiki/Q983#P36,C_test,geography-Q983-capital_of-declarative-v1,declarative,v1,S_train,Ciudad de la Paz is the capital city of Equatorial Guinea.,code/generate_controlled_surface_dataset.py,surface-v2,20260825
geography-Q983-capital_of,geography,capital_of,Q983,Equatorial Guinea,Q1140136,Ciudad de la Paz,country,city,Wikidata,wd:Q983:P36,https://www.wikidata.org/wiki/Q983#P36,C_test,geography-Q983-capital_of-declarative-v2,declarative,v2,S_train,Equatorial Guinea has Ciudad de la Paz as its capital.,code/generate_controlled_surface_dataset.py,surface-v2,20260825
geography-Q983-capital_of,geography,capital_of,Q983,Equatorial Guinea,Q1140136,Ciudad de la Paz,country,city,Wikidata,wd:Q983:P36,https://www.wikidata.org/wiki/Q983#P36,C_test,geography-Q983-capital_of-declarative-v3,declarative,v3,S_train,The capital of Equatorial Guinea is Ciudad de la Paz.,code/generate_controlled_surface_dataset.py,surface-v2,20260825
geography-Q983-capital_of,geography,capital_of,Q983,Equatorial Guinea,Q1140136,Ciudad de la Paz,country,city,Wikidata,wd:Q983:P36,https://www.wikidata.org/wiki/Q983#P36,C_test,geography-Q983-capital_of-question-v1,question,v1,S_train,Which city is the capital of Equatorial Guinea? Ciudad de la Paz.,code/generate_controlled_surface_dataset.py,surface-v2,20260825
geography-Q983-capital_of,geography,capital_of,Q983,Equatorial Guinea,Q1140136,Ciudad de la Paz,country,city,Wikidata,wd:Q983:P36,https://www.wikidata.org/wiki/Q983#P36,C_test,geography-Q983-capital_of-question-v2,question,v2,S_train,What is the capital of Equatorial Guinea? Ciudad de la Paz.,code/generate_controlled_surface_dataset.py,surface-v2,20260825
geography-Q983-capital_of,geography,capital_of,Q983,Equatorial Guinea,Q1140136,Ciudad de la Paz,country,city,Wikidata,wd:Q983:P36,https://www.wikidata.org/wiki/Q983#P36,C_test,geography-Q983-capital_of-question-v3,question,v3,S_train,Equatorial Guinea has which city as its capital? Ciudad de la Paz.,code/generate_controlled_surface_dataset.py,surface-v2,20260825
geography-Q983-capital_of,geography,capital_of,Q983,Equatorial Guinea,Q1140136,Ciudad de la Paz,country,city,Wikidata,wd:Q983:P36,https://www.wikidata.org/wiki/Q983#P36,C_test,geography-Q983-capital_of-paraphrase-v1,paraphrase,v1,S_train,"In Equatorial Guinea, the capital city is Ciudad de la Paz.",code/generate_controlled_surface_dataset.py,surface-v2,20260825
geography-Q983-capital_of,geography,capital_of,Q983,Equatorial Guinea,Q1140136,Ciudad de la Paz,country,city,Wikidata,wd:Q983:P36,https://www.wikidata.org/wiki/Q983#P36,C_test,geography-Q983-capital_of-paraphrase-v2,paraphrase,v2,S_train,Ciudad de la Paz holds the role of capital for Equatorial Guinea.,code/generate_controlled_surface_dataset.py,surface-v2,20260825
geography-Q983-capital_of,geography,capital_of,Q983,Equatorial Guinea,Q1140136,Ciudad de la Paz,country,city,Wikidata,wd:Q983:P36,https://www.wikidata.org/wiki/Q983#P36,C_test,geography-Q983-capital_of-paraphrase-v3,paraphrase,v3,S_train,"For Equatorial Guinea, the capital is Ciudad de la Paz.",code/generate_controlled_surface_dataset.py,surface-v2,20260825
geography-Q983-capital_of,geography,capital_of,Q983,Equatorial Guinea,Q1140136,Ciudad de la Paz,country,city,Wikidata,wd:Q983:P36,https://www.wikidata.org/wiki/Q983#P36,C_test,geography-Q983-capital_of-formal-v1,formal,v1,S_test,Country: Equatorial Guinea. Capital city: Ciudad de la Paz.,code/generate_controlled_surface_dataset.py,surface-v2,20260825
geography-Q983-capital_of,geography,capital_of,Q983,Equatorial Guinea,Q1140136,Ciudad de la Paz,country,city,Wikidata,wd:Q983:P36,https://www.wikidata.org/wiki/Q983#P36,C_test,geography-Q983-capital_of-formal-v2,formal,v2,S_test,Capital city — Ciudad de la Paz; country — Equatorial Guinea.,code/generate_controlled_surface_dataset.py,surface-v2,20260825
geography-Q983-capital_of,geography,capital_of,Q983,Equatorial Guinea,Q1140136,Ciudad de la Paz,country,city,Wikidata,wd:Q983:P36,https://www.wikidata.org/wiki/Q983#P36,C_test,geography-Q983-capital_of-structured-v1,structured,v1,S_test,"{""capital_city"": ""Ciudad de la Paz"", ""country"": ""Equatorial Guinea""}",code/generate_controlled_surface_dataset.py,surface-v2,20260825
science-Q1054-atomic_number_of,science,atomic_number_of,Q1054,technetium,literal:http://www.w3.org/2001/XMLSchema#decimal:43,43,chemical_element,integer,Wikidata,wd:Q1054:P1086,https://www.wikidata.org/wiki/Q1054#P1086,C_train,science-Q1054-atomic_number_of-declarative-v1,declarative,v1,S_train,Technetium has atomic number 43.,code/generate_controlled_surface_dataset.py,surface-v2,20260825
science-Q1054-atomic_number_of,science,atomic_number_of,Q1054,technetium,literal:http://www.w3.org/2001/XMLSchema#decimal:43,43,chemical_element,integer,Wikidata,wd:Q1054:P1086,https://www.wikidata.org/wiki/Q1054#P1086,C_train,science-Q1054-atomic_number_of-declarative-v2,declarative,v2,S_train,Technetium is assigned atomic number 43.,code/generate_controlled_surface_dataset.py,surface-v2,20260825
science-Q1054-atomic_number_of,science,atomic_number_of,Q1054,technetium,literal:http://www.w3.org/2001/XMLSchema#decimal:43,43,chemical_element,integer,Wikidata,wd:Q1054:P1086,https://www.wikidata.org/wiki/Q1054#P1086,C_train,science-Q1054-atomic_number_of-declarative-v3,declarative,v3,S_train,The atomic number associated with Technetium is 43.,code/generate_controlled_surface_dataset.py,surface-v2,20260825
science-Q1054-atomic_number_of,science,atomic_number_of,Q1054,technetium,literal:http://www.w3.org/2001/XMLSchema#decimal:43,43,chemical_element,integer,Wikidata,wd:Q1054:P1086,https://www.wikidata.org/wiki/Q1054#P1086,C_train,science-Q1054-atomic_number_of-question-v1,question,v1,S_train,What is the atomic number of Technetium? 43.,code/generate_controlled_surface_dataset.py,surface-v2,20260825
science-Q1054-atomic_number_of,science,atomic_number_of,Q1054,technetium,literal:http://www.w3.org/2001/XMLSchema#decimal:43,43,chemical_element,integer,Wikidata,wd:Q1054:P1086,https://www.wikidata.org/wiki/Q1054#P1086,C_train,science-Q1054-atomic_number_of-question-v2,question,v2,S_train,Which atomic number belongs to Technetium? 43.,code/generate_controlled_surface_dataset.py,surface-v2,20260825
science-Q1054-atomic_number_of,science,atomic_number_of,Q1054,technetium,literal:http://www.w3.org/2001/XMLSchema#decimal:43,43,chemical_element,integer,Wikidata,wd:Q1054:P1086,https://www.wikidata.org/wiki/Q1054#P1086,C_train,science-Q1054-atomic_number_of-question-v3,question,v3,S_train,Technetium has what atomic number? 43.,code/generate_controlled_surface_dataset.py,surface-v2,20260825
science-Q1054-atomic_number_of,science,atomic_number_of,Q1054,technetium,literal:http://www.w3.org/2001/XMLSchema#decimal:43,43,chemical_element,integer,Wikidata,wd:Q1054:P1086,https://www.wikidata.org/wiki/Q1054#P1086,C_train,science-Q1054-atomic_number_of-paraphrase-v1,paraphrase,v1,S_train,An atom of Technetium contains 43 protons.,code/generate_controlled_surface_dataset.py,surface-v2,20260825
science-Q1054-atomic_number_of,science,atomic_number_of,Q1054,technetium,literal:http://www.w3.org/2001/XMLSchema#decimal:43,43,chemical_element,integer,Wikidata,wd:Q1054:P1086,https://www.wikidata.org/wiki/Q1054#P1086,C_train,science-Q1054-atomic_number_of-paraphrase-v2,paraphrase,v2,S_train,43 is the atomic number assigned to Technetium.,code/generate_controlled_surface_dataset.py,surface-v2,20260825
science-Q1054-atomic_number_of,science,atomic_number_of,Q1054,technetium,literal:http://www.w3.org/2001/XMLSchema#decimal:43,43,chemical_element,integer,Wikidata,wd:Q1054:P1086,https://www.wikidata.org/wiki/Q1054#P1086,C_train,science-Q1054-atomic_number_of-paraphrase-v3,paraphrase,v3,S_train,Technetium occupies atomic-number position 43.,code/generate_controlled_surface_dataset.py,surface-v2,20260825
science-Q1054-atomic_number_of,science,atomic_number_of,Q1054,technetium,literal:http://www.w3.org/2001/XMLSchema#decimal:43,43,chemical_element,integer,Wikidata,wd:Q1054:P1086,https://www.wikidata.org/wiki/Q1054#P1086,C_train,science-Q1054-atomic_number_of-formal-v1,formal,v1,S_test,Element: Technetium. Atomic number: 43.,code/generate_controlled_surface_dataset.py,surface-v2,20260825
science-Q1054-atomic_number_of,science,atomic_number_of,Q1054,technetium,literal:http://www.w3.org/2001/XMLSchema#decimal:43,43,chemical_element,integer,Wikidata,wd:Q1054:P1086,https://www.wikidata.org/wiki/Q1054#P1086,C_train,science-Q1054-atomic_number_of-formal-v2,formal,v2,S_test,Atomic number — 43; element — Technetium.,code/generate_controlled_surface_dataset.py,surface-v2,20260825
science-Q1054-atomic_number_of,science,atomic_number_of,Q1054,technetium,literal:http://www.w3.org/2001/XMLSchema#decimal:43,43,chemical_element,integer,Wikidata,wd:Q1054:P1086,https://www.wikidata.org/wiki/Q1054#P1086,C_train,science-Q1054-atomic_number_of-structured-v1,structured,v1,S_test,"{""atomic_number"": ""43"", ""element"": ""Technetium""}",code/generate_controlled_surface_dataset.py,surface-v2,20260825
science-Q1054-period_of,science,period_of,Q1054,technetium,literal:period:5,5,chemical_element,period,Royal Society of Chemistry,rsc:Q1054:period,https://periodic-table.rsc.org/element/43/technetium,C_train,science-Q1054-period_of-declarative-v1,declarative,v1,S_train,Technetium is in period 5 of the periodic table.,code/generate_controlled_surface_dataset.py,surface-v2,20260825
science-Q1054-period_of,science,period_of,Q1054,technetium,literal:period:5,5,chemical_element,period,Royal Society of Chemistry,rsc:Q1054:period,https://periodic-table.rsc.org/element/43/technetium,C_train,science-Q1054-period_of-declarative-v2,declarative,v2,S_train,Technetium belongs to period 5 on the periodic table.,code/generate_controlled_surface_dataset.py,surface-v2,20260825
science-Q1054-period_of,science,period_of,Q1054,technetium,literal:period:5,5,chemical_element,period,Royal Society of Chemistry,rsc:Q1054:period,https://periodic-table.rsc.org/element/43/technetium,C_train,science-Q1054-period_of-declarative-v3,declarative,v3,S_train,Period 5 of the periodic table contains Technetium.,code/generate_controlled_surface_dataset.py,surface-v2,20260825
science-Q1054-period_of,science,period_of,Q1054,technetium,literal:period:5,5,chemical_element,period,Royal Society of Chemistry,rsc:Q1054:period,https://periodic-table.rsc.org/element/43/technetium,C_train,science-Q1054-period_of-question-v1,question,v1,S_train,Which period contains Technetium on the periodic table? 5.,code/generate_controlled_surface_dataset.py,surface-v2,20260825
science-Q1054-period_of,science,period_of,Q1054,technetium,literal:period:5,5,chemical_element,period,Royal Society of Chemistry,rsc:Q1054:period,https://periodic-table.rsc.org/element/43/technetium,C_train,science-Q1054-period_of-question-v2,question,v2,S_train,What periodic-table period is Technetium in? 5.,code/generate_controlled_surface_dataset.py,surface-v2,20260825
science-Q1054-period_of,science,period_of,Q1054,technetium,literal:period:5,5,chemical_element,period,Royal Society of Chemistry,rsc:Q1054:period,https://periodic-table.rsc.org/element/43/technetium,C_train,science-Q1054-period_of-question-v3,question,v3,S_train,Technetium appears in which period? 5.,code/generate_controlled_surface_dataset.py,surface-v2,20260825
science-Q1054-period_of,science,period_of,Q1054,technetium,literal:period:5,5,chemical_element,period,Royal Society of Chemistry,rsc:Q1054:period,https://periodic-table.rsc.org/element/43/technetium,C_train,science-Q1054-period_of-paraphrase-v1,paraphrase,v1,S_train,"On the periodic table, Technetium appears in row 5.",code/generate_controlled_surface_dataset.py,surface-v2,20260825
science-Q1054-period_of,science,period_of,Q1054,technetium,literal:period:5,5,chemical_element,period,Royal Society of Chemistry,rsc:Q1054:period,https://periodic-table.rsc.org/element/43/technetium,C_train,science-Q1054-period_of-paraphrase-v2,paraphrase,v2,S_train,The periodic-table row for Technetium is 5.,code/generate_controlled_surface_dataset.py,surface-v2,20260825
science-Q1054-period_of,science,period_of,Q1054,technetium,literal:period:5,5,chemical_element,period,Royal Society of Chemistry,rsc:Q1054:period,https://periodic-table.rsc.org/element/43/technetium,C_train,science-Q1054-period_of-paraphrase-v3,paraphrase,v3,S_train,Technetium is placed on row 5 of the periodic table.,code/generate_controlled_surface_dataset.py,surface-v2,20260825
science-Q1054-period_of,science,period_of,Q1054,technetium,literal:period:5,5,chemical_element,period,Royal Society of Chemistry,rsc:Q1054:period,https://periodic-table.rsc.org/element/43/technetium,C_train,science-Q1054-period_of-formal-v1,formal,v1,S_test,Element: Technetium. Period: 5.,code/generate_controlled_surface_dataset.py,surface-v2,20260825
science-Q1054-period_of,science,period_of,Q1054,technetium,literal:period:5,5,chemical_element,period,Royal Society of Chemistry,rsc:Q1054:period,https://periodic-table.rsc.org/element/43/technetium,C_train,science-Q1054-period_of-formal-v2,formal,v2,S_test,Period — 5; element — Technetium.,code/generate_controlled_surface_dataset.py,surface-v2,20260825
science-Q1054-period_of,science,period_of,Q1054,technetium,literal:period:5,5,chemical_element,period,Royal Society of Chemistry,rsc:Q1054:period,https://periodic-table.rsc.org/element/43/technetium,C_train,science-Q1054-period_of-structured-v1,structured,v1,S_test,"{""element"": ""Technetium"", ""period"": ""5""}",code/generate_controlled_surface_dataset.py,surface-v2,20260825
science-Q1094-chemical_symbol_of,science,chemical_symbol_of,Q1094,indium,literal:string:In,In,chemical_element,chemical_symbol,Wikidata,wd:Q1094:P246,https://www.wikidata.org/wiki/Q1094#P246,C_train,science-Q1094-chemical_symbol_of-declarative-v1,declarative,v1,S_train,The chemical symbol for Indium is In.,code/generate_controlled_surface_dataset.py,surface-v2,20260825
science-Q1094-chemical_symbol_of,science,chemical_symbol_of,Q1094,indium,literal:string:In,In,chemical_element,chemical_symbol,Wikidata,wd:Q1094:P246,https://www.wikidata.org/wiki/Q1094#P246,C_train,science-Q1094-chemical_symbol_of-declarative-v2,declarative,v2,S_train,Indium's chemical symbol is In.,code/generate_controlled_surface_dataset.py,surface-v2,20260825
science-Q1094-chemical_symbol_of,science,chemical_symbol_of,Q1094,indium,literal:string:In,In,chemical_element,chemical_symbol,Wikidata,wd:Q1094:P246,https://www.wikidata.org/wiki/Q1094#P246,C_train,science-Q1094-chemical_symbol_of-declarative-v3,declarative,v3,S_train,In is the chemical symbol of Indium.,code/generate_controlled_surface_dataset.py,surface-v2,20260825
science-Q1094-chemical_symbol_of,science,chemical_symbol_of,Q1094,indium,literal:string:In,In,chemical_element,chemical_symbol,Wikidata,wd:Q1094:P246,https://www.wikidata.org/wiki/Q1094#P246,C_train,science-Q1094-chemical_symbol_of-question-v1,question,v1,S_train,What is the chemical symbol for Indium? In.,code/generate_controlled_surface_dataset.py,surface-v2,20260825
science-Q1094-chemical_symbol_of,science,chemical_symbol_of,Q1094,indium,literal:string:In,In,chemical_element,chemical_symbol,Wikidata,wd:Q1094:P246,https://www.wikidata.org/wiki/Q1094#P246,C_train,science-Q1094-chemical_symbol_of-question-v2,question,v2,S_train,Which symbol represents Indium? In.,code/generate_controlled_surface_dataset.py,surface-v2,20260825
science-Q1094-chemical_symbol_of,science,chemical_symbol_of,Q1094,indium,literal:string:In,In,chemical_element,chemical_symbol,Wikidata,wd:Q1094:P246,https://www.wikidata.org/wiki/Q1094#P246,C_train,science-Q1094-chemical_symbol_of-question-v3,question,v3,S_train,Indium is represented by which symbol? In.,code/generate_controlled_surface_dataset.py,surface-v2,20260825
science-Q1094-chemical_symbol_of,science,chemical_symbol_of,Q1094,indium,literal:string:In,In,chemical_element,chemical_symbol,Wikidata,wd:Q1094:P246,https://www.wikidata.org/wiki/Q1094#P246,C_train,science-Q1094-chemical_symbol_of-paraphrase-v1,paraphrase,v1,S_train,Indium is written as In on the periodic table.,code/generate_controlled_surface_dataset.py,surface-v2,20260825
science-Q1094-chemical_symbol_of,science,chemical_symbol_of,Q1094,indium,literal:string:In,In,chemical_element,chemical_symbol,Wikidata,wd:Q1094:P246,https://www.wikidata.org/wiki/Q1094#P246,C_train,science-Q1094-chemical_symbol_of-paraphrase-v2,paraphrase,v2,S_train,"On the periodic table, In denotes Indium.",code/generate_controlled_surface_dataset.py,surface-v2,20260825
science-Q1094-chemical_symbol_of,science,chemical_symbol_of,Q1094,indium,literal:string:In,In,chemical_element,chemical_symbol,Wikidata,wd:Q1094:P246,https://www.wikidata.org/wiki/Q1094#P246,C_train,science-Q1094-chemical_symbol_of-paraphrase-v3,paraphrase,v3,S_train,The notation In stands for Indium.,code/generate_controlled_surface_dataset.py,surface-v2,20260825
science-Q1094-chemical_symbol_of,science,chemical_symbol_of,Q1094,indium,literal:string:In,In,chemical_element,chemical_symbol,Wikidata,wd:Q1094:P246,https://www.wikidata.org/wiki/Q1094#P246,C_train,science-Q1094-chemical_symbol_of-formal-v1,formal,v1,S_test,Element: Indium. Symbol: In.,code/generate_controlled_surface_dataset.py,surface-v2,20260825
science-Q1094-chemical_symbol_of,science,chemical_symbol_of,Q1094,indium,literal:string:In,In,chemical_element,chemical_symbol,Wikidata,wd:Q1094:P246,https://www.wikidata.org/wiki/Q1094#P246,C_train,science-Q1094-chemical_symbol_of-formal-v2,formal,v2,S_test,Symbol — In; element — Indium.,code/generate_controlled_surface_dataset.py,surface-v2,20260825
science-Q1094-chemical_symbol_of,science,chemical_symbol_of,Q1094,indium,literal:string:In,In,chemical_element,chemical_symbol,Wikidata,wd:Q1094:P246,https://www.wikidata.org/wiki/Q1094#P246,C_train,science-Q1094-chemical_symbol_of-structured-v1,structured,v1,S_test,"{""element"": ""Indium"", ""symbol"": ""In""}",code/generate_controlled_surface_dataset.py,surface-v2,20260825
science-Q1100-atomic_number_of,science,atomic_number_of,Q1100,tellurium,literal:http://www.w3.org/2001/XMLSchema#decimal:52,52,chemical_element,integer,Wikidata,wd:Q1100:P1086,https://www.wikidata.org/wiki/Q1100#P1086,C_train,science-Q1100-atomic_number_of-declarative-v1,declarative,v1,S_train,Tellurium has atomic number 52.,code/generate_controlled_surface_dataset.py,surface-v2,20260825
science-Q1100-atomic_number_of,science,atomic_number_of,Q1100,tellurium,literal:http://www.w3.org/2001/XMLSchema#decimal:52,52,chemical_element,integer,Wikidata,wd:Q1100:P1086,https://www.wikidata.org/wiki/Q1100#P1086,C_train,science-Q1100-atomic_number_of-declarative-v2,declarative,v2,S_train,Tellurium is assigned atomic number 52.,code/generate_controlled_surface_dataset.py,surface-v2,20260825
science-Q1100-atomic_number_of,science,atomic_number_of,Q1100,tellurium,literal:http://www.w3.org/2001/XMLSchema#decimal:52,52,chemical_element,integer,Wikidata,wd:Q1100:P1086,https://www.wikidata.org/wiki/Q1100#P1086,C_train,science-Q1100-atomic_number_of-declarative-v3,declarative,v3,S_train,The atomic number associated with Tellurium is 52.,code/generate_controlled_surface_dataset.py,surface-v2,20260825
science-Q1100-atomic_number_of,science,atomic_number_of,Q1100,tellurium,literal:http://www.w3.org/2001/XMLSchema#decimal:52,52,chemical_element,integer,Wikidata,wd:Q1100:P1086,https://www.wikidata.org/wiki/Q1100#P1086,C_train,science-Q1100-atomic_number_of-question-v1,question,v1,S_train,What is the atomic number of Tellurium? 52.,code/generate_controlled_surface_dataset.py,surface-v2,20260825
science-Q1100-atomic_number_of,science,atomic_number_of,Q1100,tellurium,literal:http://www.w3.org/2001/XMLSchema#decimal:52,52,chemical_element,integer,Wikidata,wd:Q1100:P1086,https://www.wikidata.org/wiki/Q1100#P1086,C_train,science-Q1100-atomic_number_of-question-v2,question,v2,S_train,Which atomic number belongs to Tellurium? 52.,code/generate_controlled_surface_dataset.py,surface-v2,20260825
science-Q1100-atomic_number_of,science,atomic_number_of,Q1100,tellurium,literal:http://www.w3.org/2001/XMLSchema#decimal:52,52,chemical_element,integer,Wikidata,wd:Q1100:P1086,https://www.wikidata.org/wiki/Q1100#P1086,C_train,science-Q1100-atomic_number_of-question-v3,question,v3,S_train,Tellurium has what atomic number? 52.,code/generate_controlled_surface_dataset.py,surface-v2,20260825
science-Q1100-atomic_number_of,science,atomic_number_of,Q1100,tellurium,literal:http://www.w3.org/2001/XMLSchema#decimal:52,52,chemical_element,integer,Wikidata,wd:Q1100:P1086,https://www.wikidata.org/wiki/Q1100#P1086,C_train,science-Q1100-atomic_number_of-paraphrase-v1,paraphrase,v1,S_train,An atom of Tellurium contains 52 protons.,code/generate_controlled_surface_dataset.py,surface-v2,20260825
science-Q1100-atomic_number_of,science,atomic_number_of,Q1100,tellurium,literal:http://www.w3.org/2001/XMLSchema#decimal:52,52,chemical_element,integer,Wikidata,wd:Q1100:P1086,https://www.wikidata.org/wiki/Q1100#P1086,C_train,science-Q1100-atomic_number_of-paraphrase-v2,paraphrase,v2,S_train,52 is the atomic number assigned to Tellurium.,code/generate_controlled_surface_dataset.py,surface-v2,20260825
science-Q1100-atomic_number_of,science,atomic_number_of,Q1100,tellurium,literal:http://www.w3.org/2001/XMLSchema#decimal:52,52,chemical_element,integer,Wikidata,wd:Q1100:P1086,https://www.wikidata.org/wiki/Q1100#P1086,C_train,science-Q1100-atomic_number_of-paraphrase-v3,paraphrase,v3,S_train,Tellurium occupies atomic-number position 52.,code/generate_controlled_surface_dataset.py,surface-v2,20260825
science-Q1100-atomic_number_of,science,atomic_number_of,Q1100,tellurium,literal:http://www.w3.org/2001/XMLSchema#decimal:52,52,chemical_element,integer,Wikidata,wd:Q1100:P1086,https://www.wikidata.org/wiki/Q1100#P1086,C_train,science-Q1100-atomic_number_of-formal-v1,formal,v1,S_test,Element: Tellurium. Atomic number: 52.,code/generate_controlled_surface_dataset.py,surface-v2,20260825
science-Q1100-atomic_number_of,science,atomic_number_of,Q1100,tellurium,literal:http://www.w3.org/2001/XMLSchema#decimal:52,52,chemical_element,integer,Wikidata,wd:Q1100:P1086,https://www.wikidata.org/wiki/Q1100#P1086,C_train,science-Q1100-atomic_number_of-formal-v2,formal,v2,S_test,Atomic number — 52; element — Tellurium.,code/generate_controlled_surface_dataset.py,surface-v2,20260825
science-Q1100-atomic_number_of,science,atomic_number_of,Q1100,tellurium,literal:http://www.w3.org/2001/XMLSchema#decimal:52,52,chemical_element,integer,Wikidata,wd:Q1100:P1086,https://www.wikidata.org/wiki/Q1100#P1086,C_train,science-Q1100-atomic_number_of-structured-v1,structured,v1,S_test,"{""atomic_number"": ""52"", ""element"": ""Tellurium""}",code/generate_controlled_surface_dataset.py,surface-v2,20260825
science-Q1115-chemical_symbol_of,science,chemical_symbol_of,Q1115,thorium,literal:string:Th,Th,chemical_element,chemical_symbol,Wikidata,wd:Q1115:P246,https://www.wikidata.org/wiki/Q1115#P246,C_train,science-Q1115-chemical_symbol_of-declarative-v1,declarative,v1,S_train,The chemical symbol for Thorium is Th.,code/generate_controlled_surface_dataset.py,surface-v2,20260825
science-Q1115-chemical_symbol_of,science,chemical_symbol_of,Q1115,thorium,literal:string:Th,Th,chemical_element,chemical_symbol,Wikidata,wd:Q1115:P246,https://www.wikidata.org/wiki/Q1115#P246,C_train,science-Q1115-chemical_symbol_of-declarative-v2,declarative,v2,S_train,Thorium's chemical symbol is Th.,code/generate_controlled_surface_dataset.py,surface-v2,20260825
science-Q1115-chemical_symbol_of,science,chemical_symbol_of,Q1115,thorium,literal:string:Th,Th,chemical_element,chemical_symbol,Wikidata,wd:Q1115:P246,https://www.wikidata.org/wiki/Q1115#P246,C_train,science-Q1115-chemical_symbol_of-declarative-v3,declarative,v3,S_train,Th is the chemical symbol of Thorium.,code/generate_controlled_surface_dataset.py,surface-v2,20260825
science-Q1115-chemical_symbol_of,science,chemical_symbol_of,Q1115,thorium,literal:string:Th,Th,chemical_element,chemical_symbol,Wikidata,wd:Q1115:P246,https://www.wikidata.org/wiki/Q1115#P246,C_train,science-Q1115-chemical_symbol_of-question-v1,question,v1,S_train,What is the chemical symbol for Thorium? Th.,code/generate_controlled_surface_dataset.py,surface-v2,20260825
science-Q1115-chemical_symbol_of,science,chemical_symbol_of,Q1115,thorium,literal:string:Th,Th,chemical_element,chemical_symbol,Wikidata,wd:Q1115:P246,https://www.wikidata.org/wiki/Q1115#P246,C_train,science-Q1115-chemical_symbol_of-question-v2,question,v2,S_train,Which symbol represents Thorium? Th.,code/generate_controlled_surface_dataset.py,surface-v2,20260825
science-Q1115-chemical_symbol_of,science,chemical_symbol_of,Q1115,thorium,literal:string:Th,Th,chemical_element,chemical_symbol,Wikidata,wd:Q1115:P246,https://www.wikidata.org/wiki/Q1115#P246,C_train,science-Q1115-chemical_symbol_of-question-v3,question,v3,S_train,Thorium is represented by which symbol? Th.,code/generate_controlled_surface_dataset.py,surface-v2,20260825
science-Q1115-chemical_symbol_of,science,chemical_symbol_of,Q1115,thorium,literal:string:Th,Th,chemical_element,chemical_symbol,Wikidata,wd:Q1115:P246,https://www.wikidata.org/wiki/Q1115#P246,C_train,science-Q1115-chemical_symbol_of-paraphrase-v1,paraphrase,v1,S_train,Thorium is written as Th on the periodic table.,code/generate_controlled_surface_dataset.py,surface-v2,20260825
science-Q1115-chemical_symbol_of,science,chemical_symbol_of,Q1115,thorium,literal:string:Th,Th,chemical_element,chemical_symbol,Wikidata,wd:Q1115:P246,https://www.wikidata.org/wiki/Q1115#P246,C_train,science-Q1115-chemical_symbol_of-paraphrase-v2,paraphrase,v2,S_train,"On the periodic table, Th denotes Thorium.",code/generate_controlled_surface_dataset.py,surface-v2,20260825
science-Q1115-chemical_symbol_of,science,chemical_symbol_of,Q1115,thorium,literal:string:Th,Th,chemical_element,chemical_symbol,Wikidata,wd:Q1115:P246,https://www.wikidata.org/wiki/Q1115#P246,C_train,science-Q1115-chemical_symbol_of-paraphrase-v3,paraphrase,v3,S_train,The notation Th stands for Thorium.,code/generate_controlled_surface_dataset.py,surface-v2,20260825
science-Q1115-chemical_symbol_of,science,chemical_symbol_of,Q1115,thorium,literal:string:Th,Th,chemical_element,chemical_symbol,Wikidata,wd:Q1115:P246,https://www.wikidata.org/wiki/Q1115#P246,C_train,science-Q1115-chemical_symbol_of-formal-v1,formal,v1,S_test,Element: Thorium. Symbol: Th.,code/generate_controlled_surface_dataset.py,surface-v2,20260825
science-Q1115-chemical_symbol_of,science,chemical_symbol_of,Q1115,thorium,literal:string:Th,Th,chemical_element,chemical_symbol,Wikidata,wd:Q1115:P246,https://www.wikidata.org/wiki/Q1115#P246,C_train,science-Q1115-chemical_symbol_of-formal-v2,formal,v2,S_test,Symbol — Th; element — Thorium.,code/generate_controlled_surface_dataset.py,surface-v2,20260825
science-Q1115-chemical_symbol_of,science,chemical_symbol_of,Q1115,thorium,literal:string:Th,Th,chemical_element,chemical_symbol,Wikidata,wd:Q1115:P246,https://www.wikidata.org/wiki/Q1115#P246,C_train,science-Q1115-chemical_symbol_of-structured-v1,structured,v1,S_test,"{""element"": ""Thorium"", ""symbol"": ""Th""}",code/generate_controlled_surface_dataset.py,surface-v2,20260825
science-Q1302-period_of,science,period_of,Q1302,flerovium,literal:period:7,7,chemical_element,period,Royal Society of Chemistry,rsc:Q1302:period,https://periodic-table.rsc.org/element/114/flerovium,C_train,science-Q1302-period_of-declarative-v1,declarative,v1,S_train,Flerovium is in period 7 of the periodic table.,code/generate_controlled_surface_dataset.py,surface-v2,20260825
science-Q1302-period_of,science,period_of,Q1302,flerovium,literal:period:7,7,chemical_element,period,Royal Society of Chemistry,rsc:Q1302:period,https://periodic-table.rsc.org/element/114/flerovium,C_train,science-Q1302-period_of-declarative-v2,declarative,v2,S_train,Flerovium belongs to period 7 on the periodic table.,code/generate_controlled_surface_dataset.py,surface-v2,20260825
science-Q1302-period_of,science,period_of,Q1302,flerovium,literal:period:7,7,chemical_element,period,Royal Society of Chemistry,rsc:Q1302:period,https://periodic-table.rsc.org/element/114/flerovium,C_train,science-Q1302-period_of-declarative-v3,declarative,v3,S_train,Period 7 of the periodic table contains Flerovium.,code/generate_controlled_surface_dataset.py,surface-v2,20260825
science-Q1302-period_of,science,period_of,Q1302,flerovium,literal:period:7,7,chemical_element,period,Royal Society of Chemistry,rsc:Q1302:period,https://periodic-table.rsc.org/element/114/flerovium,C_train,science-Q1302-period_of-question-v1,question,v1,S_train,Which period contains Flerovium on the periodic table? 7.,code/generate_controlled_surface_dataset.py,surface-v2,20260825
science-Q1302-period_of,science,period_of,Q1302,flerovium,literal:period:7,7,chemical_element,period,Royal Society of Chemistry,rsc:Q1302:period,https://periodic-table.rsc.org/element/114/flerovium,C_train,science-Q1302-period_of-question-v2,question,v2,S_train,What periodic-table period is Flerovium in? 7.,code/generate_controlled_surface_dataset.py,surface-v2,20260825
science-Q1302-period_of,science,period_of,Q1302,flerovium,literal:period:7,7,chemical_element,period,Royal Society of Chemistry,rsc:Q1302:period,https://periodic-table.rsc.org/element/114/flerovium,C_train,science-Q1302-period_of-question-v3,question,v3,S_train,Flerovium appears in which period? 7.,code/generate_controlled_surface_dataset.py,surface-v2,20260825
science-Q1302-period_of,science,period_of,Q1302,flerovium,literal:period:7,7,chemical_element,period,Royal Society of Chemistry,rsc:Q1302:period,https://periodic-table.rsc.org/element/114/flerovium,C_train,science-Q1302-period_of-paraphrase-v1,paraphrase,v1,S_train,"On the periodic table, Flerovium appears in row 7.",code/generate_controlled_surface_dataset.py,surface-v2,20260825
science-Q1302-period_of,science,period_of,Q1302,flerovium,literal:period:7,7,chemical_element,period,Royal Society of Chemistry,rsc:Q1302:period,https://periodic-table.rsc.org/element/114/flerovium,C_train,science-Q1302-period_of-paraphrase-v2,paraphrase,v2,S_train,The periodic-table row for Flerovium is 7.,code/generate_controlled_surface_dataset.py,surface-v2,20260825
science-Q1302-period_of,science,period_of,Q1302,flerovium,literal:period:7,7,chemical_element,period,Royal Society of Chemistry,rsc:Q1302:period,https://periodic-table.rsc.org/element/114/flerovium,C_train,science-Q1302-period_of-paraphrase-v3,paraphrase,v3,S_train,Flerovium is placed on row 7 of the periodic table.,code/generate_controlled_surface_dataset.py,surface-v2,20260825
science-Q1302-period_of,science,period_of,Q1302,flerovium,literal:period:7,7,chemical_element,period,Royal Society of Chemistry,rsc:Q1302:period,https://periodic-table.rsc.org/element/114/flerovium,C_train,science-Q1302-period_of-formal-v1,formal,v1,S_test,Element: Flerovium. Period: 7.,code/generate_controlled_surface_dataset.py,surface-v2,20260825
science-Q1302-period_of,science,period_of,Q1302,flerovium,literal:period:7,7,chemical_element,period,Royal Society of Chemistry,rsc:Q1302:period,https://periodic-table.rsc.org/element/114/flerovium,C_train,science-Q1302-period_of-formal-v2,formal,v2,S_test,Period — 7; element — Flerovium.,code/generate_controlled_surface_dataset.py,surface-v2,20260825
science-Q1302-period_of,science,period_of,Q1302,flerovium,literal:period:7,7,chemical_element,period,Royal Society of Chemistry,rsc:Q1302:period,https://periodic-table.rsc.org/element/114/flerovium,C_train,science-Q1302-period_of-structured-v1,structured,v1,S_test,"{""element"": ""Flerovium"", ""period"": ""7""}",code/generate_controlled_surface_dataset.py,surface-v2,20260825
science-Q1385-chemical_symbol_of,science,chemical_symbol_of,Q1385,cerium,literal:string:Ce,Ce,chemical_element,chemical_symbol,Wikidata,wd:Q1385:P246,https://www.wikidata.org/wiki/Q1385#P246,C_train,science-Q1385-chemical_symbol_of-declarative-v1,declarative,v1,S_train,The chemical symbol for Cerium is Ce.,code/generate_controlled_surface_dataset.py,surface-v2,20260825
science-Q1385-chemical_symbol_of,science,chemical_symbol_of,Q1385,cerium,literal:string:Ce,Ce,chemical_element,chemical_symbol,Wikidata,wd:Q1385:P246,https://www.wikidata.org/wiki/Q1385#P246,C_train,science-Q1385-chemical_symbol_of-declarative-v2,declarative,v2,S_train,Cerium's chemical symbol is Ce.,code/generate_controlled_surface_dataset.py,surface-v2,20260825
science-Q1385-chemical_symbol_of,science,chemical_symbol_of,Q1385,cerium,literal:string:Ce,Ce,chemical_element,chemical_symbol,Wikidata,wd:Q1385:P246,https://www.wikidata.org/wiki/Q1385#P246,C_train,science-Q1385-chemical_symbol_of-declarative-v3,declarative,v3,S_train,Ce is the chemical symbol of Cerium.,code/generate_controlled_surface_dataset.py,surface-v2,20260825
science-Q1385-chemical_symbol_of,science,chemical_symbol_of,Q1385,cerium,literal:string:Ce,Ce,chemical_element,chemical_symbol,Wikidata,wd:Q1385:P246,https://www.wikidata.org/wiki/Q1385#P246,C_train,science-Q1385-chemical_symbol_of-question-v1,question,v1,S_train,What is the chemical symbol for Cerium? Ce.,code/generate_controlled_surface_dataset.py,surface-v2,20260825
science-Q1385-chemical_symbol_of,science,chemical_symbol_of,Q1385,cerium,literal:string:Ce,Ce,chemical_element,chemical_symbol,Wikidata,wd:Q1385:P246,https://www.wikidata.org/wiki/Q1385#P246,C_train,science-Q1385-chemical_symbol_of-question-v2,question,v2,S_train,Which symbol represents Cerium? Ce.,code/generate_controlled_surface_dataset.py,surface-v2,20260825
science-Q1385-chemical_symbol_of,science,chemical_symbol_of,Q1385,cerium,literal:string:Ce,Ce,chemical_element,chemical_symbol,Wikidata,wd:Q1385:P246,https://www.wikidata.org/wiki/Q1385#P246,C_train,science-Q1385-chemical_symbol_of-question-v3,question,v3,S_train,Cerium is represented by which symbol? Ce.,code/generate_controlled_surface_dataset.py,surface-v2,20260825
science-Q1385-chemical_symbol_of,science,chemical_symbol_of,Q1385,cerium,literal:string:Ce,Ce,chemical_element,chemical_symbol,Wikidata,wd:Q1385:P246,https://www.wikidata.org/wiki/Q1385#P246,C_train,science-Q1385-chemical_symbol_of-paraphrase-v1,paraphrase,v1,S_train,Cerium is written as Ce on the periodic table.,code/generate_controlled_surface_dataset.py,surface-v2,20260825
science-Q1385-chemical_symbol_of,science,chemical_symbol_of,Q1385,cerium,literal:string:Ce,Ce,chemical_element,chemical_symbol,Wikidata,wd:Q1385:P246,https://www.wikidata.org/wiki/Q1385#P246,C_train,science-Q1385-chemical_symbol_of-paraphrase-v2,paraphrase,v2,S_train,"On the periodic table, Ce denotes Cerium.",code/generate_controlled_surface_dataset.py,surface-v2,20260825
science-Q1385-chemical_symbol_of,science,chemical_symbol_of,Q1385,cerium,literal:string:Ce,Ce,chemical_element,chemical_symbol,Wikidata,wd:Q1385:P246,https://www.wikidata.org/wiki/Q1385#P246,C_train,science-Q1385-chemical_symbol_of-paraphrase-v3,paraphrase,v3,S_train,The notation Ce stands for Cerium.,code/generate_controlled_surface_dataset.py,surface-v2,20260825
science-Q1385-chemical_symbol_of,science,chemical_symbol_of,Q1385,cerium,literal:string:Ce,Ce,chemical_element,chemical_symbol,Wikidata,wd:Q1385:P246,https://www.wikidata.org/wiki/Q1385#P246,C_train,science-Q1385-chemical_symbol_of-formal-v1,formal,v1,S_test,Element: Cerium. Symbol: Ce.,code/generate_controlled_surface_dataset.py,surface-v2,20260825
science-Q1385-chemical_symbol_of,science,chemical_symbol_of,Q1385,cerium,literal:string:Ce,Ce,chemical_element,chemical_symbol,Wikidata,wd:Q1385:P246,https://www.wikidata.org/wiki/Q1385#P246,C_train,science-Q1385-chemical_symbol_of-formal-v2,formal,v2,S_test,Symbol — Ce; element — Cerium.,code/generate_controlled_surface_dataset.py,surface-v2,20260825
science-Q1385-chemical_symbol_of,science,chemical_symbol_of,Q1385,cerium,literal:string:Ce,Ce,chemical_element,chemical_symbol,Wikidata,wd:Q1385:P246,https://www.wikidata.org/wiki/Q1385#P246,C_train,science-Q1385-chemical_symbol_of-structured-v1,structured,v1,S_test,"{""element"": ""Cerium"", ""symbol"": ""Ce""}",code/generate_controlled_surface_dataset.py,surface-v2,20260825
science-Q1386-atomic_number_of,science,atomic_number_of,Q1386,praseodymium,literal:http://www.w3.org/2001/XMLSchema#decimal:59,59,chemical_element,integer,Wikidata,wd:Q1386:P1086,https://www.wikidata.org/wiki/Q1386#P1086,C_train,science-Q1386-atomic_number_of-declarative-v1,declarative,v1,S_train,Praseodymium has atomic number 59.,code/generate_controlled_surface_dataset.py,surface-v2,20260825
science-Q1386-atomic_number_of,science,atomic_number_of,Q1386,praseodymium,literal:http://www.w3.org/2001/XMLSchema#decimal:59,59,chemical_element,integer,Wikidata,wd:Q1386:P1086,https://www.wikidata.org/wiki/Q1386#P1086,C_train,science-Q1386-atomic_number_of-declarative-v2,declarative,v2,S_train,Praseodymium is assigned atomic number 59.,code/generate_controlled_surface_dataset.py,surface-v2,20260825
science-Q1386-atomic_number_of,science,atomic_number_of,Q1386,praseodymium,literal:http://www.w3.org/2001/XMLSchema#decimal:59,59,chemical_element,integer,Wikidata,wd:Q1386:P1086,https://www.wikidata.org/wiki/Q1386#P1086,C_train,science-Q1386-atomic_number_of-declarative-v3,declarative,v3,S_train,The atomic number associated with Praseodymium is 59.,code/generate_controlled_surface_dataset.py,surface-v2,20260825
science-Q1386-atomic_number_of,science,atomic_number_of,Q1386,praseodymium,literal:http://www.w3.org/2001/XMLSchema#decimal:59,59,chemical_element,integer,Wikidata,wd:Q1386:P1086,https://www.wikidata.org/wiki/Q1386#P1086,C_train,science-Q1386-atomic_number_of-question-v1,question,v1,S_train,What is the atomic number of Praseodymium? 59.,code/generate_controlled_surface_dataset.py,surface-v2,20260825
science-Q1386-atomic_number_of,science,atomic_number_of,Q1386,praseodymium,literal:http://www.w3.org/2001/XMLSchema#decimal:59,59,chemical_element,integer,Wikidata,wd:Q1386:P1086,https://www.wikidata.org/wiki/Q1386#P1086,C_train,science-Q1386-atomic_number_of-question-v2,question,v2,S_train,Which atomic number belongs to Praseodymium? 59.,code/generate_controlled_surface_dataset.py,surface-v2,20260825
science-Q1386-atomic_number_of,science,atomic_number_of,Q1386,praseodymium,literal:http://www.w3.org/2001/XMLSchema#decimal:59,59,chemical_element,integer,Wikidata,wd:Q1386:P1086,https://www.wikidata.org/wiki/Q1386#P1086,C_train,science-Q1386-atomic_number_of-question-v3,question,v3,S_train,Praseodymium has what atomic number? 59.,code/generate_controlled_surface_dataset.py,surface-v2,20260825
science-Q1386-atomic_number_of,science,atomic_number_of,Q1386,praseodymium,literal:http://www.w3.org/2001/XMLSchema#decimal:59,59,chemical_element,integer,Wikidata,wd:Q1386:P1086,https://www.wikidata.org/wiki/Q1386#P1086,C_train,science-Q1386-atomic_number_of-paraphrase-v1,paraphrase,v1,S_train,An atom of Praseodymium contains 59 protons.,code/generate_controlled_surface_dataset.py,surface-v2,20260825
science-Q1386-atomic_number_of,science,atomic_number_of,Q1386,praseodymium,literal:http://www.w3.org/2001/XMLSchema#decimal:59,59,chemical_element,integer,Wikidata,wd:Q1386:P1086,https://www.wikidata.org/wiki/Q1386#P1086,C_train,science-Q1386-atomic_number_of-paraphrase-v2,paraphrase,v2,S_train,59 is the atomic number assigned to Praseodymium.,code/generate_controlled_surface_dataset.py,surface-v2,20260825
science-Q1386-atomic_number_of,science,atomic_number_of,Q1386,praseodymium,literal:http://www.w3.org/2001/XMLSchema#decimal:59,59,chemical_element,integer,Wikidata,wd:Q1386:P1086,https://www.wikidata.org/wiki/Q1386#P1086,C_train,science-Q1386-atomic_number_of-paraphrase-v3,paraphrase,v3,S_train,Praseodymium occupies atomic-number position 59.,code/generate_controlled_surface_dataset.py,surface-v2,20260825
science-Q1386-atomic_number_of,science,atomic_number_of,Q1386,praseodymium,literal:http://www.w3.org/2001/XMLSchema#decimal:59,59,chemical_element,integer,Wikidata,wd:Q1386:P1086,https://www.wikidata.org/wiki/Q1386#P1086,C_train,science-Q1386-atomic_number_of-formal-v1,formal,v1,S_test,Element: Praseodymium. Atomic number: 59.,code/generate_controlled_surface_dataset.py,surface-v2,20260825
science-Q1386-atomic_number_of,science,atomic_number_of,Q1386,praseodymium,literal:http://www.w3.org/2001/XMLSchema#decimal:59,59,chemical_element,integer,Wikidata,wd:Q1386:P1086,https://www.wikidata.org/wiki/Q1386#P1086,C_train,science-Q1386-atomic_number_of-formal-v2,formal,v2,S_test,Atomic number — 59; element — Praseodymium.,code/generate_controlled_surface_dataset.py,surface-v2,20260825
science-Q1386-atomic_number_of,science,atomic_number_of,Q1386,praseodymium,literal:http://www.w3.org/2001/XMLSchema#decimal:59,59,chemical_element,integer,Wikidata,wd:Q1386:P1086,https://www.wikidata.org/wiki/Q1386#P1086,C_train,science-Q1386-atomic_number_of-structured-v1,structured,v1,S_test,"{""atomic_number"": ""59"", ""element"": ""Praseodymium""}",code/generate_controlled_surface_dataset.py,surface-v2,20260825
science-Q1819-atomic_number_of,science,atomic_number_of,Q1819,samarium,literal:http://www.w3.org/2001/XMLSchema#decimal:62,62,chemical_element,integer,Wikidata,wd:Q1819:P1086,https://www.wikidata.org/wiki/Q1819#P1086,C_train,science-Q1819-atomic_number_of-declarative-v1,declarative,v1,S_train,Samarium has atomic number 62.,code/generate_controlled_surface_dataset.py,surface-v2,20260825
science-Q1819-atomic_number_of,science,atomic_number_of,Q1819,samarium,literal:http://www.w3.org/2001/XMLSchema#decimal:62,62,chemical_element,integer,Wikidata,wd:Q1819:P1086,https://www.wikidata.org/wiki/Q1819#P1086,C_train,science-Q1819-atomic_number_of-declarative-v2,declarative,v2,S_train,Samarium is assigned atomic number 62.,code/generate_controlled_surface_dataset.py,surface-v2,20260825
science-Q1819-atomic_number_of,science,atomic_number_of,Q1819,samarium,literal:http://www.w3.org/2001/XMLSchema#decimal:62,62,chemical_element,integer,Wikidata,wd:Q1819:P1086,https://www.wikidata.org/wiki/Q1819#P1086,C_train,science-Q1819-atomic_number_of-declarative-v3,declarative,v3,S_train,The atomic number associated with Samarium is 62.,code/generate_controlled_surface_dataset.py,surface-v2,20260825
science-Q1819-atomic_number_of,science,atomic_number_of,Q1819,samarium,literal:http://www.w3.org/2001/XMLSchema#decimal:62,62,chemical_element,integer,Wikidata,wd:Q1819:P1086,https://www.wikidata.org/wiki/Q1819#P1086,C_train,science-Q1819-atomic_number_of-question-v1,question,v1,S_train,What is the atomic number of Samarium? 62.,code/generate_controlled_surface_dataset.py,surface-v2,20260825
science-Q1819-atomic_number_of,science,atomic_number_of,Q1819,samarium,literal:http://www.w3.org/2001/XMLSchema#decimal:62,62,chemical_element,integer,Wikidata,wd:Q1819:P1086,https://www.wikidata.org/wiki/Q1819#P1086,C_train,science-Q1819-atomic_number_of-question-v2,question,v2,S_train,Which atomic number belongs to Samarium? 62.,code/generate_controlled_surface_dataset.py,surface-v2,20260825
science-Q1819-atomic_number_of,science,atomic_number_of,Q1819,samarium,literal:http://www.w3.org/2001/XMLSchema#decimal:62,62,chemical_element,integer,Wikidata,wd:Q1819:P1086,https://www.wikidata.org/wiki/Q1819#P1086,C_train,science-Q1819-atomic_number_of-question-v3,question,v3,S_train,Samarium has what atomic number? 62.,code/generate_controlled_surface_dataset.py,surface-v2,20260825
science-Q1819-atomic_number_of,science,atomic_number_of,Q1819,samarium,literal:http://www.w3.org/2001/XMLSchema#decimal:62,62,chemical_element,integer,Wikidata,wd:Q1819:P1086,https://www.wikidata.org/wiki/Q1819#P1086,C_train,science-Q1819-atomic_number_of-paraphrase-v1,paraphrase,v1,S_train,An atom of Samarium contains 62 protons.,code/generate_controlled_surface_dataset.py,surface-v2,20260825
science-Q1819-atomic_number_of,science,atomic_number_of,Q1819,samarium,literal:http://www.w3.org/2001/XMLSchema#decimal:62,62,chemical_element,integer,Wikidata,wd:Q1819:P1086,https://www.wikidata.org/wiki/Q1819#P1086,C_train,science-Q1819-atomic_number_of-paraphrase-v2,paraphrase,v2,S_train,62 is the atomic number assigned to Samarium.,code/generate_controlled_surface_dataset.py,surface-v2,20260825
science-Q1819-atomic_number_of,science,atomic_number_of,Q1819,samarium,literal:http://www.w3.org/2001/XMLSchema#decimal:62,62,chemical_element,integer,Wikidata,wd:Q1819:P1086,https://www.wikidata.org/wiki/Q1819#P1086,C_train,science-Q1819-atomic_number_of-paraphrase-v3,paraphrase,v3,S_train,Samarium occupies atomic-number position 62.,code/generate_controlled_surface_dataset.py,surface-v2,20260825
science-Q1819-atomic_number_of,science,atomic_number_of,Q1819,samarium,literal:http://www.w3.org/2001/XMLSchema#decimal:62,62,chemical_element,integer,Wikidata,wd:Q1819:P1086,https://www.wikidata.org/wiki/Q1819#P1086,C_train,science-Q1819-atomic_number_of-formal-v1,formal,v1,S_test,Element: Samarium. Atomic number: 62.,code/generate_controlled_surface_dataset.py,surface-v2,20260825
science-Q1819-atomic_number_of,science,atomic_number_of,Q1819,samarium,literal:http://www.w3.org/2001/XMLSchema#decimal:62,62,chemical_element,integer,Wikidata,wd:Q1819:P1086,https://www.wikidata.org/wiki/Q1819#P1086,C_train,science-Q1819-atomic_number_of-formal-v2,formal,v2,S_test,Atomic number — 62; element — Samarium.,code/generate_controlled_surface_dataset.py,surface-v2,20260825
science-Q1819-atomic_number_of,science,atomic_number_of,Q1819,samarium,literal:http://www.w3.org/2001/XMLSchema#decimal:62,62,chemical_element,integer,Wikidata,wd:Q1819:P1086,https://www.wikidata.org/wiki/Q1819#P1086,C_train,science-Q1819-atomic_number_of-structured-v1,structured,v1,S_test,"{""atomic_number"": ""62"", ""element"": ""Samarium""}",code/generate_controlled_surface_dataset.py,surface-v2,20260825
science-Q1901-atomic_number_of,science,atomic_number_of,Q1901,nobelium,literal:http://www.w3.org/2001/XMLSchema#decimal:102,102,chemical_element,integer,Wikidata,wd:Q1901:P1086,https://www.wikidata.org/wiki/Q1901#P1086,C_train,science-Q1901-atomic_number_of-declarative-v1,declarative,v1,S_train,Nobelium has atomic number 102.,code/generate_controlled_surface_dataset.py,surface-v2,20260825
science-Q1901-atomic_number_of,science,atomic_number_of,Q1901,nobelium,literal:http://www.w3.org/2001/XMLSchema#decimal:102,102,chemical_element,integer,Wikidata,wd:Q1901:P1086,https://www.wikidata.org/wiki/Q1901#P1086,C_train,science-Q1901-atomic_number_of-declarative-v2,declarative,v2,S_train,Nobelium is assigned atomic number 102.,code/generate_controlled_surface_dataset.py,surface-v2,20260825
science-Q1901-atomic_number_of,science,atomic_number_of,Q1901,nobelium,literal:http://www.w3.org/2001/XMLSchema#decimal:102,102,chemical_element,integer,Wikidata,wd:Q1901:P1086,https://www.wikidata.org/wiki/Q1901#P1086,C_train,science-Q1901-atomic_number_of-declarative-v3,declarative,v3,S_train,The atomic number associated with Nobelium is 102.,code/generate_controlled_surface_dataset.py,surface-v2,20260825
science-Q1901-atomic_number_of,science,atomic_number_of,Q1901,nobelium,literal:http://www.w3.org/2001/XMLSchema#decimal:102,102,chemical_element,integer,Wikidata,wd:Q1901:P1086,https://www.wikidata.org/wiki/Q1901#P1086,C_train,science-Q1901-atomic_number_of-question-v1,question,v1,S_train,What is the atomic number of Nobelium? 102.,code/generate_controlled_surface_dataset.py,surface-v2,20260825
science-Q1901-atomic_number_of,science,atomic_number_of,Q1901,nobelium,literal:http://www.w3.org/2001/XMLSchema#decimal:102,102,chemical_element,integer,Wikidata,wd:Q1901:P1086,https://www.wikidata.org/wiki/Q1901#P1086,C_train,science-Q1901-atomic_number_of-question-v2,question,v2,S_train,Which atomic number belongs to Nobelium? 102.,code/generate_controlled_surface_dataset.py,surface-v2,20260825
science-Q1901-atomic_number_of,science,atomic_number_of,Q1901,nobelium,literal:http://www.w3.org/2001/XMLSchema#decimal:102,102,chemical_element,integer,Wikidata,wd:Q1901:P1086,https://www.wikidata.org/wiki/Q1901#P1086,C_train,science-Q1901-atomic_number_of-question-v3,question,v3,S_train,Nobelium has what atomic number? 102.,code/generate_controlled_surface_dataset.py,surface-v2,20260825
science-Q1901-atomic_number_of,science,atomic_number_of,Q1901,nobelium,literal:http://www.w3.org/2001/XMLSchema#decimal:102,102,chemical_element,integer,Wikidata,wd:Q1901:P1086,https://www.wikidata.org/wiki/Q1901#P1086,C_train,science-Q1901-atomic_number_of-paraphrase-v1,paraphrase,v1,S_train,An atom of Nobelium contains 102 protons.,code/generate_controlled_surface_dataset.py,surface-v2,20260825
science-Q1901-atomic_number_of,science,atomic_number_of,Q1901,nobelium,literal:http://www.w3.org/2001/XMLSchema#decimal:102,102,chemical_element,integer,Wikidata,wd:Q1901:P1086,https://www.wikidata.org/wiki/Q1901#P1086,C_train,science-Q1901-atomic_number_of-paraphrase-v2,paraphrase,v2,S_train,102 is the atomic number assigned to Nobelium.,code/generate_controlled_surface_dataset.py,surface-v2,20260825
science-Q1901-atomic_number_of,science,atomic_number_of,Q1901,nobelium,literal:http://www.w3.org/2001/XMLSchema#decimal:102,102,chemical_element,integer,Wikidata,wd:Q1901:P1086,https://www.wikidata.org/wiki/Q1901#P1086,C_train,science-Q1901-atomic_number_of-paraphrase-v3,paraphrase,v3,S_train,Nobelium occupies atomic-number position 102.,code/generate_controlled_surface_dataset.py,surface-v2,20260825
science-Q1901-atomic_number_of,science,atomic_number_of,Q1901,nobelium,literal:http://www.w3.org/2001/XMLSchema#decimal:102,102,chemical_element,integer,Wikidata,wd:Q1901:P1086,https://www.wikidata.org/wiki/Q1901#P1086,C_train,science-Q1901-atomic_number_of-formal-v1,formal,v1,S_test,Element: Nobelium. Atomic number: 102.,code/generate_controlled_surface_dataset.py,surface-v2,20260825
science-Q1901-atomic_number_of,science,atomic_number_of,Q1901,nobelium,literal:http://www.w3.org/2001/XMLSchema#decimal:102,102,chemical_element,integer,Wikidata,wd:Q1901:P1086,https://www.wikidata.org/wiki/Q1901#P1086,C_train,science-Q1901-atomic_number_of-formal-v2,formal,v2,S_test,Atomic number — 102; element — Nobelium.,code/generate_controlled_surface_dataset.py,surface-v2,20260825
science-Q1901-atomic_number_of,science,atomic_number_of,Q1901,nobelium,literal:http://www.w3.org/2001/XMLSchema#decimal:102,102,chemical_element,integer,Wikidata,wd:Q1901:P1086,https://www.wikidata.org/wiki/Q1901#P1086,C_train,science-Q1901-atomic_number_of-structured-v1,structured,v1,S_test,"{""atomic_number"": ""102"", ""element"": ""Nobelium""}",code/generate_controlled_surface_dataset.py,surface-v2,20260825
science-Q560-chemical_symbol_of,science,chemical_symbol_of,Q560,helium,literal:string:He,He,chemical_element,chemical_symbol,Wikidata,wd:Q560:P246,https://www.wikidata.org/wiki/Q560#P246,C_train,science-Q560-chemical_symbol_of-declarative-v1,declarative,v1,S_train,The chemical symbol for Helium is He.,code/generate_controlled_surface_dataset.py,surface-v2,20260825
science-Q560-chemical_symbol_of,science,chemical_symbol_of,Q560,helium,literal:string:He,He,chemical_element,chemical_symbol,Wikidata,wd:Q560:P246,https://www.wikidata.org/wiki/Q560#P246,C_train,science-Q560-chemical_symbol_of-declarative-v2,declarative,v2,S_train,Helium's chemical symbol is He.,code/generate_controlled_surface_dataset.py,surface-v2,20260825
science-Q560-chemical_symbol_of,science,chemical_symbol_of,Q560,helium,literal:string:He,He,chemical_element,chemical_symbol,Wikidata,wd:Q560:P246,https://www.wikidata.org/wiki/Q560#P246,C_train,science-Q560-chemical_symbol_of-declarative-v3,declarative,v3,S_train,He is the chemical symbol of Helium.,code/generate_controlled_surface_dataset.py,surface-v2,20260825
science-Q560-chemical_symbol_of,science,chemical_symbol_of,Q560,helium,literal:string:He,He,chemical_element,chemical_symbol,Wikidata,wd:Q560:P246,https://www.wikidata.org/wiki/Q560#P246,C_train,science-Q560-chemical_symbol_of-question-v1,question,v1,S_train,What is the chemical symbol for Helium? He.,code/generate_controlled_surface_dataset.py,surface-v2,20260825
science-Q560-chemical_symbol_of,science,chemical_symbol_of,Q560,helium,literal:string:He,He,chemical_element,chemical_symbol,Wikidata,wd:Q560:P246,https://www.wikidata.org/wiki/Q560#P246,C_train,science-Q560-chemical_symbol_of-question-v2,question,v2,S_train,Which symbol represents Helium? He.,code/generate_controlled_surface_dataset.py,surface-v2,20260825
science-Q560-chemical_symbol_of,science,chemical_symbol_of,Q560,helium,literal:string:He,He,chemical_element,chemical_symbol,Wikidata,wd:Q560:P246,https://www.wikidata.org/wiki/Q560#P246,C_train,science-Q560-chemical_symbol_of-question-v3,question,v3,S_train,Helium is represented by which symbol? He.,code/generate_controlled_surface_dataset.py,surface-v2,20260825
science-Q560-chemical_symbol_of,science,chemical_symbol_of,Q560,helium,literal:string:He,He,chemical_element,chemical_symbol,Wikidata,wd:Q560:P246,https://www.wikidata.org/wiki/Q560#P246,C_train,science-Q560-chemical_symbol_of-paraphrase-v1,paraphrase,v1,S_train,Helium is written as He on the periodic table.,code/generate_controlled_surface_dataset.py,surface-v2,20260825
science-Q560-chemical_symbol_of,science,chemical_symbol_of,Q560,helium,literal:string:He,He,chemical_element,chemical_symbol,Wikidata,wd:Q560:P246,https://www.wikidata.org/wiki/Q560#P246,C_train,science-Q560-chemical_symbol_of-paraphrase-v2,paraphrase,v2,S_train,"On the periodic table, He denotes Helium.",code/generate_controlled_surface_dataset.py,surface-v2,20260825
science-Q560-chemical_symbol_of,science,chemical_symbol_of,Q560,helium,literal:string:He,He,chemical_element,chemical_symbol,Wikidata,wd:Q560:P246,https://www.wikidata.org/wiki/Q560#P246,C_train,science-Q560-chemical_symbol_of-paraphrase-v3,paraphrase,v3,S_train,The notation He stands for Helium.,code/generate_controlled_surface_dataset.py,surface-v2,20260825
science-Q560-chemical_symbol_of,science,chemical_symbol_of,Q560,helium,literal:string:He,He,chemical_element,chemical_symbol,Wikidata,wd:Q560:P246,https://www.wikidata.org/wiki/Q560#P246,C_train,science-Q560-chemical_symbol_of-formal-v1,formal,v1,S_test,Element: Helium. Symbol: He.,code/generate_controlled_surface_dataset.py,surface-v2,20260825
science-Q560-chemical_symbol_of,science,chemical_symbol_of,Q560,helium,literal:string:He,He,chemical_element,chemical_symbol,Wikidata,wd:Q560:P246,https://www.wikidata.org/wiki/Q560#P246,C_train,science-Q560-chemical_symbol_of-formal-v2,formal,v2,S_test,Symbol — He; element — Helium.,code/generate_controlled_surface_dataset.py,surface-v2,20260825
science-Q560-chemical_symbol_of,science,chemical_symbol_of,Q560,helium,literal:string:He,He,chemical_element,chemical_symbol,Wikidata,wd:Q560:P246,https://www.wikidata.org/wiki/Q560#P246,C_train,science-Q560-chemical_symbol_of-structured-v1,structured,v1,S_test,"{""element"": ""Helium"", ""symbol"": ""He""}",code/generate_controlled_surface_dataset.py,surface-v2,20260825
science-Q569-period_of,science,period_of,Q569,beryllium,literal:period:2,2,chemical_element,period,Royal Society of Chemistry,rsc:Q569:period,https://periodic-table.rsc.org/element/4/beryllium,C_train,science-Q569-period_of-declarative-v1,declarative,v1,S_train,Beryllium is in period 2 of the periodic table.,code/generate_controlled_surface_dataset.py,surface-v2,20260825
science-Q569-period_of,science,period_of,Q569,beryllium,literal:period:2,2,chemical_element,period,Royal Society of Chemistry,rsc:Q569:period,https://periodic-table.rsc.org/element/4/beryllium,C_train,science-Q569-period_of-declarative-v2,declarative,v2,S_train,Beryllium belongs to period 2 on the periodic table.,code/generate_controlled_surface_dataset.py,surface-v2,20260825
science-Q569-period_of,science,period_of,Q569,beryllium,literal:period:2,2,chemical_element,period,Royal Society of Chemistry,rsc:Q569:period,https://periodic-table.rsc.org/element/4/beryllium,C_train,science-Q569-period_of-declarative-v3,declarative,v3,S_train,Period 2 of the periodic table contains Beryllium.,code/generate_controlled_surface_dataset.py,surface-v2,20260825
science-Q569-period_of,science,period_of,Q569,beryllium,literal:period:2,2,chemical_element,period,Royal Society of Chemistry,rsc:Q569:period,https://periodic-table.rsc.org/element/4/beryllium,C_train,science-Q569-period_of-question-v1,question,v1,S_train,Which period contains Beryllium on the periodic table? 2.,code/generate_controlled_surface_dataset.py,surface-v2,20260825
science-Q569-period_of,science,period_of,Q569,beryllium,literal:period:2,2,chemical_element,period,Royal Society of Chemistry,rsc:Q569:period,https://periodic-table.rsc.org/element/4/beryllium,C_train,science-Q569-period_of-question-v2,question,v2,S_train,What periodic-table period is Beryllium in? 2.,code/generate_controlled_surface_dataset.py,surface-v2,20260825
science-Q569-period_of,science,period_of,Q569,beryllium,literal:period:2,2,chemical_element,period,Royal Society of Chemistry,rsc:Q569:period,https://periodic-table.rsc.org/element/4/beryllium,C_train,science-Q569-period_of-question-v3,question,v3,S_train,Beryllium appears in which period? 2.,code/generate_controlled_surface_dataset.py,surface-v2,20260825
science-Q569-period_of,science,period_of,Q569,beryllium,literal:period:2,2,chemical_element,period,Royal Society of Chemistry,rsc:Q569:period,https://periodic-table.rsc.org/element/4/beryllium,C_train,science-Q569-period_of-paraphrase-v1,paraphrase,v1,S_train,"On the periodic table, Beryllium appears in row 2.",code/generate_controlled_surface_dataset.py,surface-v2,20260825
science-Q569-period_of,science,period_of,Q569,beryllium,literal:period:2,2,chemical_element,period,Royal Society of Chemistry,rsc:Q569:period,https://periodic-table.rsc.org/element/4/beryllium,C_train,science-Q569-period_of-paraphrase-v2,paraphrase,v2,S_train,The periodic-table row for Beryllium is 2.,code/generate_controlled_surface_dataset.py,surface-v2,20260825
science-Q569-period_of,science,period_of,Q569,beryllium,literal:period:2,2,chemical_element,period,Royal Society of Chemistry,rsc:Q569:period,https://periodic-table.rsc.org/element/4/beryllium,C_train,science-Q569-period_of-paraphrase-v3,paraphrase,v3,S_train,Beryllium is placed on row 2 of the periodic table.,code/generate_controlled_surface_dataset.py,surface-v2,20260825
science-Q569-period_of,science,period_of,Q569,beryllium,literal:period:2,2,chemical_element,period,Royal Society of Chemistry,rsc:Q569:period,https://periodic-table.rsc.org/element/4/beryllium,C_train,science-Q569-period_of-formal-v1,formal,v1,S_test,Element: Beryllium. Period: 2.,code/generate_controlled_surface_dataset.py,surface-v2,20260825
science-Q569-period_of,science,period_of,Q569,beryllium,literal:period:2,2,chemical_element,period,Royal Society of Chemistry,rsc:Q569:period,https://periodic-table.rsc.org/element/4/beryllium,C_train,science-Q569-period_of-formal-v2,formal,v2,S_test,Period — 2; element — Beryllium.,code/generate_controlled_surface_dataset.py,surface-v2,20260825
science-Q569-period_of,science,period_of,Q569,beryllium,literal:period:2,2,chemical_element,period,Royal Society of Chemistry,rsc:Q569:period,https://periodic-table.rsc.org/element/4/beryllium,C_train,science-Q569-period_of-structured-v1,structured,v1,S_test,"{""element"": ""Beryllium"", ""period"": ""2""}",code/generate_controlled_surface_dataset.py,surface-v2,20260825
science-Q627-period_of,science,period_of,Q627,nitrogen,literal:period:2,2,chemical_element,period,Royal Society of Chemistry,rsc:Q627:period,https://periodic-table.rsc.org/element/7/nitrogen,C_train,science-Q627-period_of-declarative-v1,declarative,v1,S_train,Nitrogen is in period 2 of the periodic table.,code/generate_controlled_surface_dataset.py,surface-v2,20260825
science-Q627-period_of,science,period_of,Q627,nitrogen,literal:period:2,2,chemical_element,period,Royal Society of Chemistry,rsc:Q627:period,https://periodic-table.rsc.org/element/7/nitrogen,C_train,science-Q627-period_of-declarative-v2,declarative,v2,S_train,Nitrogen belongs to period 2 on the periodic table.,code/generate_controlled_surface_dataset.py,surface-v2,20260825
science-Q627-period_of,science,period_of,Q627,nitrogen,literal:period:2,2,chemical_element,period,Royal Society of Chemistry,rsc:Q627:period,https://periodic-table.rsc.org/element/7/nitrogen,C_train,science-Q627-period_of-declarative-v3,declarative,v3,S_train,Period 2 of the periodic table contains Nitrogen.,code/generate_controlled_surface_dataset.py,surface-v2,20260825
science-Q627-period_of,science,period_of,Q627,nitrogen,literal:period:2,2,chemical_element,period,Royal Society of Chemistry,rsc:Q627:period,https://periodic-table.rsc.org/element/7/nitrogen,C_train,science-Q627-period_of-question-v1,question,v1,S_train,Which period contains Nitrogen on the periodic table? 2.,code/generate_controlled_surface_dataset.py,surface-v2,20260825
science-Q627-period_of,science,period_of,Q627,nitrogen,literal:period:2,2,chemical_element,period,Royal Society of Chemistry,rsc:Q627:period,https://periodic-table.rsc.org/element/7/nitrogen,C_train,science-Q627-period_of-question-v2,question,v2,S_train,What periodic-table period is Nitrogen in? 2.,code/generate_controlled_surface_dataset.py,surface-v2,20260825
science-Q627-period_of,science,period_of,Q627,nitrogen,literal:period:2,2,chemical_element,period,Royal Society of Chemistry,rsc:Q627:period,https://periodic-table.rsc.org/element/7/nitrogen,C_train,science-Q627-period_of-question-v3,question,v3,S_train,Nitrogen appears in which period? 2.,code/generate_controlled_surface_dataset.py,surface-v2,20260825
science-Q627-period_of,science,period_of,Q627,nitrogen,literal:period:2,2,chemical_element,period,Royal Society of Chemistry,rsc:Q627:period,https://periodic-table.rsc.org/element/7/nitrogen,C_train,science-Q627-period_of-paraphrase-v1,paraphrase,v1,S_train,"On the periodic table, Nitrogen appears in row 2.",code/generate_controlled_surface_dataset.py,surface-v2,20260825
science-Q627-period_of,science,period_of,Q627,nitrogen,literal:period:2,2,chemical_element,period,Royal Society of Chemistry,rsc:Q627:period,https://periodic-table.rsc.org/element/7/nitrogen,C_train,science-Q627-period_of-paraphrase-v2,paraphrase,v2,S_train,The periodic-table row for Nitrogen is 2.,code/generate_controlled_surface_dataset.py,surface-v2,20260825
science-Q627-period_of,science,period_of,Q627,nitrogen,literal:period:2,2,chemical_element,period,Royal Society of Chemistry,rsc:Q627:period,https://periodic-table.rsc.org/element/7/nitrogen,C_train,science-Q627-period_of-paraphrase-v3,paraphrase,v3,S_train,Nitrogen is placed on row 2 of the periodic table.,code/generate_controlled_surface_dataset.py,surface-v2,20260825
science-Q627-period_of,science,period_of,Q627,nitrogen,literal:period:2,2,chemical_element,period,Royal Society of Chemistry,rsc:Q627:period,https://periodic-table.rsc.org/element/7/nitrogen,C_train,science-Q627-period_of-formal-v1,formal,v1,S_test,Element: Nitrogen. Period: 2.,code/generate_controlled_surface_dataset.py,surface-v2,20260825
science-Q627-period_of,science,period_of,Q627,nitrogen,literal:period:2,2,chemical_element,period,Royal Society of Chemistry,rsc:Q627:period,https://periodic-table.rsc.org/element/7/nitrogen,C_train,science-Q627-period_of-formal-v2,formal,v2,S_test,Period — 2; element — Nitrogen.,code/generate_controlled_surface_dataset.py,surface-v2,20260825
science-Q627-period_of,science,period_of,Q627,nitrogen,literal:period:2,2,chemical_element,period,Royal Society of Chemistry,rsc:Q627:period,https://periodic-table.rsc.org/element/7/nitrogen,C_train,science-Q627-period_of-structured-v1,structured,v1,S_test,"{""element"": ""Nitrogen"", ""period"": ""2""}",code/generate_controlled_surface_dataset.py,surface-v2,20260825
science-Q663-atomic_number_of,science,atomic_number_of,Q663,aluminium,literal:http://www.w3.org/2001/XMLSchema#decimal:13,13,chemical_element,integer,Wikidata,wd:Q663:P1086,https://www.wikidata.org/wiki/Q663#P1086,C_train,science-Q663-atomic_number_of-declarative-v1,declarative,v1,S_train,Aluminium has atomic number 13.,code/generate_controlled_surface_dataset.py,surface-v2,20260825
science-Q663-atomic_number_of,science,atomic_number_of,Q663,aluminium,literal:http://www.w3.org/2001/XMLSchema#decimal:13,13,chemical_element,integer,Wikidata,wd:Q663:P1086,https://www.wikidata.org/wiki/Q663#P1086,C_train,science-Q663-atomic_number_of-declarative-v2,declarative,v2,S_train,Aluminium is assigned atomic number 13.,code/generate_controlled_surface_dataset.py,surface-v2,20260825
science-Q663-atomic_number_of,science,atomic_number_of,Q663,aluminium,literal:http://www.w3.org/2001/XMLSchema#decimal:13,13,chemical_element,integer,Wikidata,wd:Q663:P1086,https://www.wikidata.org/wiki/Q663#P1086,C_train,science-Q663-atomic_number_of-declarative-v3,declarative,v3,S_train,The atomic number associated with Aluminium is 13.,code/generate_controlled_surface_dataset.py,surface-v2,20260825
science-Q663-atomic_number_of,science,atomic_number_of,Q663,aluminium,literal:http://www.w3.org/2001/XMLSchema#decimal:13,13,chemical_element,integer,Wikidata,wd:Q663:P1086,https://www.wikidata.org/wiki/Q663#P1086,C_train,science-Q663-atomic_number_of-question-v1,question,v1,S_train,What is the atomic number of Aluminium? 13.,code/generate_controlled_surface_dataset.py,surface-v2,20260825
science-Q663-atomic_number_of,science,atomic_number_of,Q663,aluminium,literal:http://www.w3.org/2001/XMLSchema#decimal:13,13,chemical_element,integer,Wikidata,wd:Q663:P1086,https://www.wikidata.org/wiki/Q663#P1086,C_train,science-Q663-atomic_number_of-question-v2,question,v2,S_train,Which atomic number belongs to Aluminium? 13.,code/generate_controlled_surface_dataset.py,surface-v2,20260825
science-Q663-atomic_number_of,science,atomic_number_of,Q663,aluminium,literal:http://www.w3.org/2001/XMLSchema#decimal:13,13,chemical_element,integer,Wikidata,wd:Q663:P1086,https://www.wikidata.org/wiki/Q663#P1086,C_train,science-Q663-atomic_number_of-question-v3,question,v3,S_train,Aluminium has what atomic number? 13.,code/generate_controlled_surface_dataset.py,surface-v2,20260825
science-Q663-atomic_number_of,science,atomic_number_of,Q663,aluminium,literal:http://www.w3.org/2001/XMLSchema#decimal:13,13,chemical_element,integer,Wikidata,wd:Q663:P1086,https://www.wikidata.org/wiki/Q663#P1086,C_train,science-Q663-atomic_number_of-paraphrase-v1,paraphrase,v1,S_train,An atom of Aluminium contains 13 protons.,code/generate_controlled_surface_dataset.py,surface-v2,20260825
science-Q663-atomic_number_of,science,atomic_number_of,Q663,aluminium,literal:http://www.w3.org/2001/XMLSchema#decimal:13,13,chemical_element,integer,Wikidata,wd:Q663:P1086,https://www.wikidata.org/wiki/Q663#P1086,C_train,science-Q663-atomic_number_of-paraphrase-v2,paraphrase,v2,S_train,13 is the atomic number assigned to Aluminium.,code/generate_controlled_surface_dataset.py,surface-v2,20260825
science-Q663-atomic_number_of,science,atomic_number_of,Q663,aluminium,literal:http://www.w3.org/2001/XMLSchema#decimal:13,13,chemical_element,integer,Wikidata,wd:Q663:P1086,https://www.wikidata.org/wiki/Q663#P1086,C_train,science-Q663-atomic_number_of-paraphrase-v3,paraphrase,v3,S_train,Aluminium occupies atomic-number position 13.,code/generate_controlled_surface_dataset.py,surface-v2,20260825
science-Q663-atomic_number_of,science,atomic_number_of,Q663,aluminium,literal:http://www.w3.org/2001/XMLSchema#decimal:13,13,chemical_element,integer,Wikidata,wd:Q663:P1086,https://www.wikidata.org/wiki/Q663#P1086,C_train,science-Q663-atomic_number_of-formal-v1,formal,v1,S_test,Element: Aluminium. Atomic number: 13.,code/generate_controlled_surface_dataset.py,surface-v2,20260825
science-Q663-atomic_number_of,science,atomic_number_of,Q663,aluminium,literal:http://www.w3.org/2001/XMLSchema#decimal:13,13,chemical_element,integer,Wikidata,wd:Q663:P1086,https://www.wikidata.org/wiki/Q663#P1086,C_train,science-Q663-atomic_number_of-formal-v2,formal,v2,S_test,Atomic number — 13; element — Aluminium.,code/generate_controlled_surface_dataset.py,surface-v2,20260825
science-Q663-atomic_number_of,science,atomic_number_of,Q663,aluminium,literal:http://www.w3.org/2001/XMLSchema#decimal:13,13,chemical_element,integer,Wikidata,wd:Q663:P1086,https://www.wikidata.org/wiki/Q663#P1086,C_train,science-Q663-atomic_number_of-structured-v1,structured,v1,S_test,"{""atomic_number"": ""13"", ""element"": ""Aluminium""}",code/generate_controlled_surface_dataset.py,surface-v2,20260825
science-Q677-atomic_number_of,science,atomic_number_of,Q677,iron,literal:http://www.w3.org/2001/XMLSchema#decimal:26,26,chemical_element,integer,Wikidata,wd:Q677:P1086,https://www.wikidata.org/wiki/Q677#P1086,C_train,science-Q677-atomic_number_of-declarative-v1,declarative,v1,S_train,Iron has atomic number 26.,code/generate_controlled_surface_dataset.py,surface-v2,20260825
science-Q677-atomic_number_of,science,atomic_number_of,Q677,iron,literal:http://www.w3.org/2001/XMLSchema#decimal:26,26,chemical_element,integer,Wikidata,wd:Q677:P1086,https://www.wikidata.org/wiki/Q677#P1086,C_train,science-Q677-atomic_number_of-declarative-v2,declarative,v2,S_train,Iron is assigned atomic number 26.,code/generate_controlled_surface_dataset.py,surface-v2,20260825
science-Q677-atomic_number_of,science,atomic_number_of,Q677,iron,literal:http://www.w3.org/2001/XMLSchema#decimal:26,26,chemical_element,integer,Wikidata,wd:Q677:P1086,https://www.wikidata.org/wiki/Q677#P1086,C_train,science-Q677-atomic_number_of-declarative-v3,declarative,v3,S_train,The atomic number associated with Iron is 26.,code/generate_controlled_surface_dataset.py,surface-v2,20260825
science-Q677-atomic_number_of,science,atomic_number_of,Q677,iron,literal:http://www.w3.org/2001/XMLSchema#decimal:26,26,chemical_element,integer,Wikidata,wd:Q677:P1086,https://www.wikidata.org/wiki/Q677#P1086,C_train,science-Q677-atomic_number_of-question-v1,question,v1,S_train,What is the atomic number of Iron? 26.,code/generate_controlled_surface_dataset.py,surface-v2,20260825
science-Q677-atomic_number_of,science,atomic_number_of,Q677,iron,literal:http://www.w3.org/2001/XMLSchema#decimal:26,26,chemical_element,integer,Wikidata,wd:Q677:P1086,https://www.wikidata.org/wiki/Q677#P1086,C_train,science-Q677-atomic_number_of-question-v2,question,v2,S_train,Which atomic number belongs to Iron? 26.,code/generate_controlled_surface_dataset.py,surface-v2,20260825
science-Q677-atomic_number_of,science,atomic_number_of,Q677,iron,literal:http://www.w3.org/2001/XMLSchema#decimal:26,26,chemical_element,integer,Wikidata,wd:Q677:P1086,https://www.wikidata.org/wiki/Q677#P1086,C_train,science-Q677-atomic_number_of-question-v3,question,v3,S_train,Iron has what atomic number? 26.,code/generate_controlled_surface_dataset.py,surface-v2,20260825
science-Q677-atomic_number_of,science,atomic_number_of,Q677,iron,literal:http://www.w3.org/2001/XMLSchema#decimal:26,26,chemical_element,integer,Wikidata,wd:Q677:P1086,https://www.wikidata.org/wiki/Q677#P1086,C_train,science-Q677-atomic_number_of-paraphrase-v1,paraphrase,v1,S_train,An atom of Iron contains 26 protons.,code/generate_controlled_surface_dataset.py,surface-v2,20260825
science-Q677-atomic_number_of,science,atomic_number_of,Q677,iron,literal:http://www.w3.org/2001/XMLSchema#decimal:26,26,chemical_element,integer,Wikidata,wd:Q677:P1086,https://www.wikidata.org/wiki/Q677#P1086,C_train,science-Q677-atomic_number_of-paraphrase-v2,paraphrase,v2,S_train,26 is the atomic number assigned to Iron.,code/generate_controlled_surface_dataset.py,surface-v2,20260825
science-Q677-atomic_number_of,science,atomic_number_of,Q677,iron,literal:http://www.w3.org/2001/XMLSchema#decimal:26,26,chemical_element,integer,Wikidata,wd:Q677:P1086,https://www.wikidata.org/wiki/Q677#P1086,C_train,science-Q677-atomic_number_of-paraphrase-v3,paraphrase,v3,S_train,Iron occupies atomic-number position 26.,code/generate_controlled_surface_dataset.py,surface-v2,20260825
science-Q677-atomic_number_of,science,atomic_number_of,Q677,iron,literal:http://www.w3.org/2001/XMLSchema#decimal:26,26,chemical_element,integer,Wikidata,wd:Q677:P1086,https://www.wikidata.org/wiki/Q677#P1086,C_train,science-Q677-atomic_number_of-formal-v1,formal,v1,S_test,Element: Iron. Atomic number: 26.,code/generate_controlled_surface_dataset.py,surface-v2,20260825
science-Q677-atomic_number_of,science,atomic_number_of,Q677,iron,literal:http://www.w3.org/2001/XMLSchema#decimal:26,26,chemical_element,integer,Wikidata,wd:Q677:P1086,https://www.wikidata.org/wiki/Q677#P1086,C_train,science-Q677-atomic_number_of-formal-v2,formal,v2,S_test,Atomic number — 26; element — Iron.,code/generate_controlled_surface_dataset.py,surface-v2,20260825
science-Q677-atomic_number_of,science,atomic_number_of,Q677,iron,literal:http://www.w3.org/2001/XMLSchema#decimal:26,26,chemical_element,integer,Wikidata,wd:Q677:P1086,https://www.wikidata.org/wiki/Q677#P1086,C_train,science-Q677-atomic_number_of-structured-v1,structured,v1,S_test,"{""atomic_number"": ""26"", ""element"": ""Iron""}",code/generate_controlled_surface_dataset.py,surface-v2,20260825
science-Q682-period_of,science,period_of,Q682,sulfur,literal:period:3,3,chemical_element,period,Royal Society of Chemistry,rsc:Q682:period,https://periodic-table.rsc.org/element/16/sulfur,C_val,science-Q682-period_of-declarative-v1,declarative,v1,S_train,Sulfur is in period 3 of the periodic table.,code/generate_controlled_surface_dataset.py,surface-v2,20260825
science-Q682-period_of,science,period_of,Q682,sulfur,literal:period:3,3,chemical_element,period,Royal Society of Chemistry,rsc:Q682:period,https://periodic-table.rsc.org/element/16/sulfur,C_val,science-Q682-period_of-declarative-v2,declarative,v2,S_train,Sulfur belongs to period 3 on the periodic table.,code/generate_controlled_surface_dataset.py,surface-v2,20260825
science-Q682-period_of,science,period_of,Q682,sulfur,literal:period:3,3,chemical_element,period,Royal Society of Chemistry,rsc:Q682:period,https://periodic-table.rsc.org/element/16/sulfur,C_val,science-Q682-period_of-declarative-v3,declarative,v3,S_train,Period 3 of the periodic table contains Sulfur.,code/generate_controlled_surface_dataset.py,surface-v2,20260825
science-Q682-period_of,science,period_of,Q682,sulfur,literal:period:3,3,chemical_element,period,Royal Society of Chemistry,rsc:Q682:period,https://periodic-table.rsc.org/element/16/sulfur,C_val,science-Q682-period_of-question-v1,question,v1,S_train,Which period contains Sulfur on the periodic table? 3.,code/generate_controlled_surface_dataset.py,surface-v2,20260825
science-Q682-period_of,science,period_of,Q682,sulfur,literal:period:3,3,chemical_element,period,Royal Society of Chemistry,rsc:Q682:period,https://periodic-table.rsc.org/element/16/sulfur,C_val,science-Q682-period_of-question-v2,question,v2,S_train,What periodic-table period is Sulfur in? 3.,code/generate_controlled_surface_dataset.py,surface-v2,20260825
science-Q682-period_of,science,period_of,Q682,sulfur,literal:period:3,3,chemical_element,period,Royal Society of Chemistry,rsc:Q682:period,https://periodic-table.rsc.org/element/16/sulfur,C_val,science-Q682-period_of-question-v3,question,v3,S_train,Sulfur appears in which period? 3.,code/generate_controlled_surface_dataset.py,surface-v2,20260825
science-Q682-period_of,science,period_of,Q682,sulfur,literal:period:3,3,chemical_element,period,Royal Society of Chemistry,rsc:Q682:period,https://periodic-table.rsc.org/element/16/sulfur,C_val,science-Q682-period_of-paraphrase-v1,paraphrase,v1,S_train,"On the periodic table, Sulfur appears in row 3.",code/generate_controlled_surface_dataset.py,surface-v2,20260825
science-Q682-period_of,science,period_of,Q682,sulfur,literal:period:3,3,chemical_element,period,Royal Society of Chemistry,rsc:Q682:period,https://periodic-table.rsc.org/element/16/sulfur,C_val,science-Q682-period_of-paraphrase-v2,paraphrase,v2,S_train,The periodic-table row for Sulfur is 3.,code/generate_controlled_surface_dataset.py,surface-v2,20260825
science-Q682-period_of,science,period_of,Q682,sulfur,literal:period:3,3,chemical_element,period,Royal Society of Chemistry,rsc:Q682:period,https://periodic-table.rsc.org/element/16/sulfur,C_val,science-Q682-period_of-paraphrase-v3,paraphrase,v3,S_train,Sulfur is placed on row 3 of the periodic table.,code/generate_controlled_surface_dataset.py,surface-v2,20260825
science-Q682-period_of,science,period_of,Q682,sulfur,literal:period:3,3,chemical_element,period,Royal Society of Chemistry,rsc:Q682:period,https://periodic-table.rsc.org/element/16/sulfur,C_val,science-Q682-period_of-formal-v1,formal,v1,S_test,Element: Sulfur. Period: 3.,code/generate_controlled_surface_dataset.py,surface-v2,20260825
science-Q682-period_of,science,period_of,Q682,sulfur,literal:period:3,3,chemical_element,period,Royal Society of Chemistry,rsc:Q682:period,https://periodic-table.rsc.org/element/16/sulfur,C_val,science-Q682-period_of-formal-v2,formal,v2,S_test,Period — 3; element — Sulfur.,code/generate_controlled_surface_dataset.py,surface-v2,20260825
science-Q682-period_of,science,period_of,Q682,sulfur,literal:period:3,3,chemical_element,period,Royal Society of Chemistry,rsc:Q682:period,https://periodic-table.rsc.org/element/16/sulfur,C_val,science-Q682-period_of-structured-v1,structured,v1,S_test,"{""element"": ""Sulfur"", ""period"": ""3""}",code/generate_controlled_surface_dataset.py,surface-v2,20260825
science-Q713-atomic_number_of,science,atomic_number_of,Q713,scandium,literal:http://www.w3.org/2001/XMLSchema#decimal:21,21,chemical_element,integer,Wikidata,wd:Q713:P1086,https://www.wikidata.org/wiki/Q713#P1086,C_val,science-Q713-atomic_number_of-declarative-v1,declarative,v1,S_train,Scandium has atomic number 21.,code/generate_controlled_surface_dataset.py,surface-v2,20260825
science-Q713-atomic_number_of,science,atomic_number_of,Q713,scandium,literal:http://www.w3.org/2001/XMLSchema#decimal:21,21,chemical_element,integer,Wikidata,wd:Q713:P1086,https://www.wikidata.org/wiki/Q713#P1086,C_val,science-Q713-atomic_number_of-declarative-v2,declarative,v2,S_train,Scandium is assigned atomic number 21.,code/generate_controlled_surface_dataset.py,surface-v2,20260825
science-Q713-atomic_number_of,science,atomic_number_of,Q713,scandium,literal:http://www.w3.org/2001/XMLSchema#decimal:21,21,chemical_element,integer,Wikidata,wd:Q713:P1086,https://www.wikidata.org/wiki/Q713#P1086,C_val,science-Q713-atomic_number_of-declarative-v3,declarative,v3,S_train,The atomic number associated with Scandium is 21.,code/generate_controlled_surface_dataset.py,surface-v2,20260825
science-Q713-atomic_number_of,science,atomic_number_of,Q713,scandium,literal:http://www.w3.org/2001/XMLSchema#decimal:21,21,chemical_element,integer,Wikidata,wd:Q713:P1086,https://www.wikidata.org/wiki/Q713#P1086,C_val,science-Q713-atomic_number_of-question-v1,question,v1,S_train,What is the atomic number of Scandium? 21.,code/generate_controlled_surface_dataset.py,surface-v2,20260825
science-Q713-atomic_number_of,science,atomic_number_of,Q713,scandium,literal:http://www.w3.org/2001/XMLSchema#decimal:21,21,chemical_element,integer,Wikidata,wd:Q713:P1086,https://www.wikidata.org/wiki/Q713#P1086,C_val,science-Q713-atomic_number_of-question-v2,question,v2,S_train,Which atomic number belongs to Scandium? 21.,code/generate_controlled_surface_dataset.py,surface-v2,20260825
science-Q713-atomic_number_of,science,atomic_number_of,Q713,scandium,literal:http://www.w3.org/2001/XMLSchema#decimal:21,21,chemical_element,integer,Wikidata,wd:Q713:P1086,https://www.wikidata.org/wiki/Q713#P1086,C_val,science-Q713-atomic_number_of-question-v3,question,v3,S_train,Scandium has what atomic number? 21.,code/generate_controlled_surface_dataset.py,surface-v2,20260825
science-Q713-atomic_number_of,science,atomic_number_of,Q713,scandium,literal:http://www.w3.org/2001/XMLSchema#decimal:21,21,chemical_element,integer,Wikidata,wd:Q713:P1086,https://www.wikidata.org/wiki/Q713#P1086,C_val,science-Q713-atomic_number_of-paraphrase-v1,paraphrase,v1,S_train,An atom of Scandium contains 21 protons.,code/generate_controlled_surface_dataset.py,surface-v2,20260825
science-Q713-atomic_number_of,science,atomic_number_of,Q713,scandium,literal:http://www.w3.org/2001/XMLSchema#decimal:21,21,chemical_element,integer,Wikidata,wd:Q713:P1086,https://www.wikidata.org/wiki/Q713#P1086,C_val,science-Q713-atomic_number_of-paraphrase-v2,paraphrase,v2,S_train,21 is the atomic number assigned to Scandium.,code/generate_controlled_surface_dataset.py,surface-v2,20260825
science-Q713-atomic_number_of,science,atomic_number_of,Q713,scandium,literal:http://www.w3.org/2001/XMLSchema#decimal:21,21,chemical_element,integer,Wikidata,wd:Q713:P1086,https://www.wikidata.org/wiki/Q713#P1086,C_val,science-Q713-atomic_number_of-paraphrase-v3,paraphrase,v3,S_train,Scandium occupies atomic-number position 21.,code/generate_controlled_surface_dataset.py,surface-v2,20260825
science-Q713-atomic_number_of,science,atomic_number_of,Q713,scandium,literal:http://www.w3.org/2001/XMLSchema#decimal:21,21,chemical_element,integer,Wikidata,wd:Q713:P1086,https://www.wikidata.org/wiki/Q713#P1086,C_val,science-Q713-atomic_number_of-formal-v1,formal,v1,S_test,Element: Scandium. Atomic number: 21.,code/generate_controlled_surface_dataset.py,surface-v2,20260825
science-Q713-atomic_number_of,science,atomic_number_of,Q713,scandium,literal:http://www.w3.org/2001/XMLSchema#decimal:21,21,chemical_element,integer,Wikidata,wd:Q713:P1086,https://www.wikidata.org/wiki/Q713#P1086,C_val,science-Q713-atomic_number_of-formal-v2,formal,v2,S_test,Atomic number — 21; element — Scandium.,code/generate_controlled_surface_dataset.py,surface-v2,20260825
science-Q713-atomic_number_of,science,atomic_number_of,Q713,scandium,literal:http://www.w3.org/2001/XMLSchema#decimal:21,21,chemical_element,integer,Wikidata,wd:Q713:P1086,https://www.wikidata.org/wiki/Q713#P1086,C_val,science-Q713-atomic_number_of-structured-v1,structured,v1,S_test,"{""atomic_number"": ""21"", ""element"": ""Scandium""}",code/generate_controlled_surface_dataset.py,surface-v2,20260825
science-Q737-period_of,science,period_of,Q737,rhenium,literal:period:6,6,chemical_element,period,Royal Society of Chemistry,rsc:Q737:period,https://periodic-table.rsc.org/element/75/rhenium,C_val,science-Q737-period_of-declarative-v1,declarative,v1,S_train,Rhenium is in period 6 of the periodic table.,code/generate_controlled_surface_dataset.py,surface-v2,20260825
science-Q737-period_of,science,period_of,Q737,rhenium,literal:period:6,6,chemical_element,period,Royal Society of Chemistry,rsc:Q737:period,https://periodic-table.rsc.org/element/75/rhenium,C_val,science-Q737-period_of-declarative-v2,declarative,v2,S_train,Rhenium belongs to period 6 on the periodic table.,code/generate_controlled_surface_dataset.py,surface-v2,20260825
science-Q737-period_of,science,period_of,Q737,rhenium,literal:period:6,6,chemical_element,period,Royal Society of Chemistry,rsc:Q737:period,https://periodic-table.rsc.org/element/75/rhenium,C_val,science-Q737-period_of-declarative-v3,declarative,v3,S_train,Period 6 of the periodic table contains Rhenium.,code/generate_controlled_surface_dataset.py,surface-v2,20260825
science-Q737-period_of,science,period_of,Q737,rhenium,literal:period:6,6,chemical_element,period,Royal Society of Chemistry,rsc:Q737:period,https://periodic-table.rsc.org/element/75/rhenium,C_val,science-Q737-period_of-question-v1,question,v1,S_train,Which period contains Rhenium on the periodic table? 6.,code/generate_controlled_surface_dataset.py,surface-v2,20260825
science-Q737-period_of,science,period_of,Q737,rhenium,literal:period:6,6,chemical_element,period,Royal Society of Chemistry,rsc:Q737:period,https://periodic-table.rsc.org/element/75/rhenium,C_val,science-Q737-period_of-question-v2,question,v2,S_train,What periodic-table period is Rhenium in? 6.,code/generate_controlled_surface_dataset.py,surface-v2,20260825
science-Q737-period_of,science,period_of,Q737,rhenium,literal:period:6,6,chemical_element,period,Royal Society of Chemistry,rsc:Q737:period,https://periodic-table.rsc.org/element/75/rhenium,C_val,science-Q737-period_of-question-v3,question,v3,S_train,Rhenium appears in which period? 6.,code/generate_controlled_surface_dataset.py,surface-v2,20260825
science-Q737-period_of,science,period_of,Q737,rhenium,literal:period:6,6,chemical_element,period,Royal Society of Chemistry,rsc:Q737:period,https://periodic-table.rsc.org/element/75/rhenium,C_val,science-Q737-period_of-paraphrase-v1,paraphrase,v1,S_train,"On the periodic table, Rhenium appears in row 6.",code/generate_controlled_surface_dataset.py,surface-v2,20260825
science-Q737-period_of,science,period_of,Q737,rhenium,literal:period:6,6,chemical_element,period,Royal Society of Chemistry,rsc:Q737:period,https://periodic-table.rsc.org/element/75/rhenium,C_val,science-Q737-period_of-paraphrase-v2,paraphrase,v2,S_train,The periodic-table row for Rhenium is 6.,code/generate_controlled_surface_dataset.py,surface-v2,20260825
science-Q737-period_of,science,period_of,Q737,rhenium,literal:period:6,6,chemical_element,period,Royal Society of Chemistry,rsc:Q737:period,https://periodic-table.rsc.org/element/75/rhenium,C_val,science-Q737-period_of-paraphrase-v3,paraphrase,v3,S_train,Rhenium is placed on row 6 of the periodic table.,code/generate_controlled_surface_dataset.py,surface-v2,20260825
science-Q737-period_of,science,period_of,Q737,rhenium,literal:period:6,6,chemical_element,period,Royal Society of Chemistry,rsc:Q737:period,https://periodic-table.rsc.org/element/75/rhenium,C_val,science-Q737-period_of-formal-v1,formal,v1,S_test,Element: Rhenium. Period: 6.,code/generate_controlled_surface_dataset.py,surface-v2,20260825
science-Q737-period_of,science,period_of,Q737,rhenium,literal:period:6,6,chemical_element,period,Royal Society of Chemistry,rsc:Q737:period,https://periodic-table.rsc.org/element/75/rhenium,C_val,science-Q737-period_of-formal-v2,formal,v2,S_test,Period — 6; element — Rhenium.,code/generate_controlled_surface_dataset.py,surface-v2,20260825
science-Q737-period_of,science,period_of,Q737,rhenium,literal:period:6,6,chemical_element,period,Royal Society of Chemistry,rsc:Q737:period,https://periodic-table.rsc.org/element/75/rhenium,C_val,science-Q737-period_of-structured-v1,structured,v1,S_test,"{""element"": ""Rhenium"", ""period"": ""6""}",code/generate_controlled_surface_dataset.py,surface-v2,20260825
science-Q867-atomic_number_of,science,atomic_number_of,Q867,germanium,literal:http://www.w3.org/2001/XMLSchema#decimal:32,32,chemical_element,integer,Wikidata,wd:Q867:P1086,https://www.wikidata.org/wiki/Q867#P1086,C_test,science-Q867-atomic_number_of-declarative-v1,declarative,v1,S_train,Germanium has atomic number 32.,code/generate_controlled_surface_dataset.py,surface-v2,20260825
science-Q867-atomic_number_of,science,atomic_number_of,Q867,germanium,literal:http://www.w3.org/2001/XMLSchema#decimal:32,32,chemical_element,integer,Wikidata,wd:Q867:P1086,https://www.wikidata.org/wiki/Q867#P1086,C_test,science-Q867-atomic_number_of-declarative-v2,declarative,v2,S_train,Germanium is assigned atomic number 32.,code/generate_controlled_surface_dataset.py,surface-v2,20260825
science-Q867-atomic_number_of,science,atomic_number_of,Q867,germanium,literal:http://www.w3.org/2001/XMLSchema#decimal:32,32,chemical_element,integer,Wikidata,wd:Q867:P1086,https://www.wikidata.org/wiki/Q867#P1086,C_test,science-Q867-atomic_number_of-declarative-v3,declarative,v3,S_train,The atomic number associated with Germanium is 32.,code/generate_controlled_surface_dataset.py,surface-v2,20260825
science-Q867-atomic_number_of,science,atomic_number_of,Q867,germanium,literal:http://www.w3.org/2001/XMLSchema#decimal:32,32,chemical_element,integer,Wikidata,wd:Q867:P1086,https://www.wikidata.org/wiki/Q867#P1086,C_test,science-Q867-atomic_number_of-question-v1,question,v1,S_train,What is the atomic number of Germanium? 32.,code/generate_controlled_surface_dataset.py,surface-v2,20260825
science-Q867-atomic_number_of,science,atomic_number_of,Q867,germanium,literal:http://www.w3.org/2001/XMLSchema#decimal:32,32,chemical_element,integer,Wikidata,wd:Q867:P1086,https://www.wikidata.org/wiki/Q867#P1086,C_test,science-Q867-atomic_number_of-question-v2,question,v2,S_train,Which atomic number belongs to Germanium? 32.,code/generate_controlled_surface_dataset.py,surface-v2,20260825
science-Q867-atomic_number_of,science,atomic_number_of,Q867,germanium,literal:http://www.w3.org/2001/XMLSchema#decimal:32,32,chemical_element,integer,Wikidata,wd:Q867:P1086,https://www.wikidata.org/wiki/Q867#P1086,C_test,science-Q867-atomic_number_of-question-v3,question,v3,S_train,Germanium has what atomic number? 32.,code/generate_controlled_surface_dataset.py,surface-v2,20260825
science-Q867-atomic_number_of,science,atomic_number_of,Q867,germanium,literal:http://www.w3.org/2001/XMLSchema#decimal:32,32,chemical_element,integer,Wikidata,wd:Q867:P1086,https://www.wikidata.org/wiki/Q867#P1086,C_test,science-Q867-atomic_number_of-paraphrase-v1,paraphrase,v1,S_train,An atom of Germanium contains 32 protons.,code/generate_controlled_surface_dataset.py,surface-v2,20260825
science-Q867-atomic_number_of,science,atomic_number_of,Q867,germanium,literal:http://www.w3.org/2001/XMLSchema#decimal:32,32,chemical_element,integer,Wikidata,wd:Q867:P1086,https://www.wikidata.org/wiki/Q867#P1086,C_test,science-Q867-atomic_number_of-paraphrase-v2,paraphrase,v2,S_train,32 is the atomic number assigned to Germanium.,code/generate_controlled_surface_dataset.py,surface-v2,20260825
science-Q867-atomic_number_of,science,atomic_number_of,Q867,germanium,literal:http://www.w3.org/2001/XMLSchema#decimal:32,32,chemical_element,integer,Wikidata,wd:Q867:P1086,https://www.wikidata.org/wiki/Q867#P1086,C_test,science-Q867-atomic_number_of-paraphrase-v3,paraphrase,v3,S_train,Germanium occupies atomic-number position 32.,code/generate_controlled_surface_dataset.py,surface-v2,20260825
science-Q867-atomic_number_of,science,atomic_number_of,Q867,germanium,literal:http://www.w3.org/2001/XMLSchema#decimal:32,32,chemical_element,integer,Wikidata,wd:Q867:P1086,https://www.wikidata.org/wiki/Q867#P1086,C_test,science-Q867-atomic_number_of-formal-v1,formal,v1,S_test,Element: Germanium. Atomic number: 32.,code/generate_controlled_surface_dataset.py,surface-v2,20260825
science-Q867-atomic_number_of,science,atomic_number_of,Q867,germanium,literal:http://www.w3.org/2001/XMLSchema#decimal:32,32,chemical_element,integer,Wikidata,wd:Q867:P1086,https://www.wikidata.org/wiki/Q867#P1086,C_test,science-Q867-atomic_number_of-formal-v2,formal,v2,S_test,Atomic number — 32; element — Germanium.,code/generate_controlled_surface_dataset.py,surface-v2,20260825
science-Q867-atomic_number_of,science,atomic_number_of,Q867,germanium,literal:http://www.w3.org/2001/XMLSchema#decimal:32,32,chemical_element,integer,Wikidata,wd:Q867:P1086,https://www.wikidata.org/wiki/Q867#P1086,C_test,science-Q867-atomic_number_of-structured-v1,structured,v1,S_test,"{""atomic_number"": ""32"", ""element"": ""Germanium""}",code/generate_controlled_surface_dataset.py,surface-v2,20260825
science-Q932-period_of,science,period_of,Q932,thallium,literal:period:6,6,chemical_element,period,Royal Society of Chemistry,rsc:Q932:period,https://periodic-table.rsc.org/element/81/thallium,C_test,science-Q932-period_of-declarative-v1,declarative,v1,S_train,Thallium is in period 6 of the periodic table.,code/generate_controlled_surface_dataset.py,surface-v2,20260825
science-Q932-period_of,science,period_of,Q932,thallium,literal:period:6,6,chemical_element,period,Royal Society of Chemistry,rsc:Q932:period,https://periodic-table.rsc.org/element/81/thallium,C_test,science-Q932-period_of-declarative-v2,declarative,v2,S_train,Thallium belongs to period 6 on the periodic table.,code/generate_controlled_surface_dataset.py,surface-v2,20260825
science-Q932-period_of,science,period_of,Q932,thallium,literal:period:6,6,chemical_element,period,Royal Society of Chemistry,rsc:Q932:period,https://periodic-table.rsc.org/element/81/thallium,C_test,science-Q932-period_of-declarative-v3,declarative,v3,S_train,Period 6 of the periodic table contains Thallium.,code/generate_controlled_surface_dataset.py,surface-v2,20260825
science-Q932-period_of,science,period_of,Q932,thallium,literal:period:6,6,chemical_element,period,Royal Society of Chemistry,rsc:Q932:period,https://periodic-table.rsc.org/element/81/thallium,C_test,science-Q932-period_of-question-v1,question,v1,S_train,Which period contains Thallium on the periodic table? 6.,code/generate_controlled_surface_dataset.py,surface-v2,20260825
science-Q932-period_of,science,period_of,Q932,thallium,literal:period:6,6,chemical_element,period,Royal Society of Chemistry,rsc:Q932:period,https://periodic-table.rsc.org/element/81/thallium,C_test,science-Q932-period_of-question-v2,question,v2,S_train,What periodic-table period is Thallium in? 6.,code/generate_controlled_surface_dataset.py,surface-v2,20260825
science-Q932-period_of,science,period_of,Q932,thallium,literal:period:6,6,chemical_element,period,Royal Society of Chemistry,rsc:Q932:period,https://periodic-table.rsc.org/element/81/thallium,C_test,science-Q932-period_of-question-v3,question,v3,S_train,Thallium appears in which period? 6.,code/generate_controlled_surface_dataset.py,surface-v2,20260825
science-Q932-period_of,science,period_of,Q932,thallium,literal:period:6,6,chemical_element,period,Royal Society of Chemistry,rsc:Q932:period,https://periodic-table.rsc.org/element/81/thallium,C_test,science-Q932-period_of-paraphrase-v1,paraphrase,v1,S_train,"On the periodic table, Thallium appears in row 6.",code/generate_controlled_surface_dataset.py,surface-v2,20260825
science-Q932-period_of,science,period_of,Q932,thallium,literal:period:6,6,chemical_element,period,Royal Society of Chemistry,rsc:Q932:period,https://periodic-table.rsc.org/element/81/thallium,C_test,science-Q932-period_of-paraphrase-v2,paraphrase,v2,S_train,The periodic-table row for Thallium is 6.,code/generate_controlled_surface_dataset.py,surface-v2,20260825
science-Q932-period_of,science,period_of,Q932,thallium,literal:period:6,6,chemical_element,period,Royal Society of Chemistry,rsc:Q932:period,https://periodic-table.rsc.org/element/81/thallium,C_test,science-Q932-period_of-paraphrase-v3,paraphrase,v3,S_train,Thallium is placed on row 6 of the periodic table.,code/generate_controlled_surface_dataset.py,surface-v2,20260825
science-Q932-period_of,science,period_of,Q932,thallium,literal:period:6,6,chemical_element,period,Royal Society of Chemistry,rsc:Q932:period,https://periodic-table.rsc.org/element/81/thallium,C_test,science-Q932-period_of-formal-v1,formal,v1,S_test,Element: Thallium. Period: 6.,code/generate_controlled_surface_dataset.py,surface-v2,20260825
science-Q932-period_of,science,period_of,Q932,thallium,literal:period:6,6,chemical_element,period,Royal Society of Chemistry,rsc:Q932:period,https://periodic-table.rsc.org/element/81/thallium,C_test,science-Q932-period_of-formal-v2,formal,v2,S_test,Period — 6; element — Thallium.,code/generate_controlled_surface_dataset.py,surface-v2,20260825
science-Q932-period_of,science,period_of,Q932,thallium,literal:period:6,6,chemical_element,period,Royal Society of Chemistry,rsc:Q932:period,https://periodic-table.rsc.org/element/81/thallium,C_test,science-Q932-period_of-structured-v1,structured,v1,S_test,"{""element"": ""Thallium"", ""period"": ""6""}",code/generate_controlled_surface_dataset.py,surface-v2,20260825
science-Q932-chemical_symbol_of,science,chemical_symbol_of,Q932,thallium,literal:string:Tl,Tl,chemical_element,chemical_symbol,Wikidata,wd:Q932:P246,https://www.wikidata.org/wiki/Q932#P246,C_test,science-Q932-chemical_symbol_of-declarative-v1,declarative,v1,S_train,The chemical symbol for Thallium is Tl.,code/generate_controlled_surface_dataset.py,surface-v2,20260825
science-Q932-chemical_symbol_of,science,chemical_symbol_of,Q932,thallium,literal:string:Tl,Tl,chemical_element,chemical_symbol,Wikidata,wd:Q932:P246,https://www.wikidata.org/wiki/Q932#P246,C_test,science-Q932-chemical_symbol_of-declarative-v2,declarative,v2,S_train,Thallium's chemical symbol is Tl.,code/generate_controlled_surface_dataset.py,surface-v2,20260825
science-Q932-chemical_symbol_of,science,chemical_symbol_of,Q932,thallium,literal:string:Tl,Tl,chemical_element,chemical_symbol,Wikidata,wd:Q932:P246,https://www.wikidata.org/wiki/Q932#P246,C_test,science-Q932-chemical_symbol_of-declarative-v3,declarative,v3,S_train,Tl is the chemical symbol of Thallium.,code/generate_controlled_surface_dataset.py,surface-v2,20260825
science-Q932-chemical_symbol_of,science,chemical_symbol_of,Q932,thallium,literal:string:Tl,Tl,chemical_element,chemical_symbol,Wikidata,wd:Q932:P246,https://www.wikidata.org/wiki/Q932#P246,C_test,science-Q932-chemical_symbol_of-question-v1,question,v1,S_train,What is the chemical symbol for Thallium? Tl.,code/generate_controlled_surface_dataset.py,surface-v2,20260825
science-Q932-chemical_symbol_of,science,chemical_symbol_of,Q932,thallium,literal:string:Tl,Tl,chemical_element,chemical_symbol,Wikidata,wd:Q932:P246,https://www.wikidata.org/wiki/Q932#P246,C_test,science-Q932-chemical_symbol_of-question-v2,question,v2,S_train,Which symbol represents Thallium? Tl.,code/generate_controlled_surface_dataset.py,surface-v2,20260825
science-Q932-chemical_symbol_of,science,chemical_symbol_of,Q932,thallium,literal:string:Tl,Tl,chemical_element,chemical_symbol,Wikidata,wd:Q932:P246,https://www.wikidata.org/wiki/Q932#P246,C_test,science-Q932-chemical_symbol_of-question-v3,question,v3,S_train,Thallium is represented by which symbol? Tl.,code/generate_controlled_surface_dataset.py,surface-v2,20260825
science-Q932-chemical_symbol_of,science,chemical_symbol_of,Q932,thallium,literal:string:Tl,Tl,chemical_element,chemical_symbol,Wikidata,wd:Q932:P246,https://www.wikidata.org/wiki/Q932#P246,C_test,science-Q932-chemical_symbol_of-paraphrase-v1,paraphrase,v1,S_train,Thallium is written as Tl on the periodic table.,code/generate_controlled_surface_dataset.py,surface-v2,20260825
science-Q932-chemical_symbol_of,science,chemical_symbol_of,Q932,thallium,literal:string:Tl,Tl,chemical_element,chemical_symbol,Wikidata,wd:Q932:P246,https://www.wikidata.org/wiki/Q932#P246,C_test,science-Q932-chemical_symbol_of-paraphrase-v2,paraphrase,v2,S_train,"On the periodic table, Tl denotes Thallium.",code/generate_controlled_surface_dataset.py,surface-v2,20260825
science-Q932-chemical_symbol_of,science,chemical_symbol_of,Q932,thallium,literal:string:Tl,Tl,chemical_element,chemical_symbol,Wikidata,wd:Q932:P246,https://www.wikidata.org/wiki/Q932#P246,C_test,science-Q932-chemical_symbol_of-paraphrase-v3,paraphrase,v3,S_train,The notation Tl stands for Thallium.,code/generate_controlled_surface_dataset.py,surface-v2,20260825
science-Q932-chemical_symbol_of,science,chemical_symbol_of,Q932,thallium,literal:string:Tl,Tl,chemical_element,chemical_symbol,Wikidata,wd:Q932:P246,https://www.wikidata.org/wiki/Q932#P246,C_test,science-Q932-chemical_symbol_of-formal-v1,formal,v1,S_test,Element: Thallium. Symbol: Tl.,code/generate_controlled_surface_dataset.py,surface-v2,20260825
science-Q932-chemical_symbol_of,science,chemical_symbol_of,Q932,thallium,literal:string:Tl,Tl,chemical_element,chemical_symbol,Wikidata,wd:Q932:P246,https://www.wikidata.org/wiki/Q932#P246,C_test,science-Q932-chemical_symbol_of-formal-v2,formal,v2,S_test,Symbol — Tl; element — Thallium.,code/generate_controlled_surface_dataset.py,surface-v2,20260825
science-Q932-chemical_symbol_of,science,chemical_symbol_of,Q932,thallium,literal:string:Tl,Tl,chemical_element,chemical_symbol,Wikidata,wd:Q932:P246,https://www.wikidata.org/wiki/Q932#P246,C_test,science-Q932-chemical_symbol_of-structured-v1,structured,v1,S_test,"{""element"": ""Thallium"", ""symbol"": ""Tl""}",code/generate_controlled_surface_dataset.py,surface-v2,20260825
