id,matched_stability_contribution,infonce_stability_contribution,uncontrolled_negative_stability_contribution,delta_matched_minus_infonce,delta_matched_minus_uncontrolled
0,0.4008073807240627,0.27527789976207345,0.3861026744644645,0.12552948096198924,0.014704706259598188
100,0.4352792952567048,0.34422060874799654,0.5874305897416406,0.09105868650870824,-0.15215129448493586
10016,0.27691224661771374,0.21487163609974802,0.3085682229196331,0.06204061051796572,-0.03165597630191935
10019,0.06220858551222947,0.11386988293131739,0.18078675860924756,-0.05166129741908792,-0.1185781730970181
10023,0.3064983423355688,0.25187377864933874,0.5167269609114171,0.05462456368623003,-0.21022861857584835
10027,0.6012223190364417,0.5882440051764185,0.7076585631524434,0.012978313860023238,-0.10643624411600161
10031,0.4199263065023252,0.38723460476145216,0.4312479019155034,0.03269170174087305,-0.011321595413178176
10038,0.5856588522383398,0.665865470151698,0.6683684001545332,-0.08020661791335815,-0.08270954791619345
10045,0.6075701872860013,0.40001341217409714,0.6262616798124885,0.20755677511190418,-0.018691492526487163
10048,0.7146886548483024,0.5070049375382618,0.7924062803997998,0.20768371731004054,-0.07771762555149742
10049,0.5639640925543914,0.3089127532348662,0.48157029338727236,0.25505133931952517,0.08239379916711903
10053,0.5106149445197046,0.3391342674503118,0.40777562662890876,0.1714806770693928,0.10283931789079581
10055,0.23045951057231023,0.21377209082995516,0.4146747484579561,0.016687419742355075,-0.18421523788564587
10061,0.4146903305805068,0.21841721675589834,0.4259669799573946,0.19627311382460846,-0.01127664937688777
1007,0.10048368264548185,0.06590098487111537,0.07567144695480446,0.03458269777436648,0.024812235690677392
10072,0.7457293303196986,0.6189576164880479,0.6048745148923483,0.12677171383165065,0.14085481542735023
10076,0.47804738955702863,0.4509861348239491,0.6362697809782509,0.02706125473307952,-0.1582223914212223
10077,0.7273765804310984,0.7399581910152319,0.5602704575113455,-0.01258161058413343,0.1671061229197529
10078,0.5129483012708597,0.5085335342665652,0.4836576194557947,0.00441476700429444,0.029290681815064945
10080,0.3969971593705035,0.2758687713486042,0.4876095943288347,0.12112838802189929,-0.09061243495833121
10081,0.5137510205494598,0.43191530679630136,0.5721209210540411,0.0818357137531584,-0.05836990050458135
10090,0.1935035670166381,0.15449102857877312,0.34587678661443166,0.03901253843786498,-0.15237321959779357
10093,0.39784587645841135,0.31914052024109896,0.3957147246296947,0.0787053562173124,0.0021311518287166487
10097,0.239935603248979,0.14436581492141334,0.10047656580244782,0.09556978832756566,0.13945903744653118
10099,0.6250908212808488,0.41432808791764747,0.7163086486725486,0.21076273336320134,-0.09121782739169981
10100,0.438604062838044,0.5092620100589736,0.6527089829325236,-0.07065794722092966,-0.21410492009447957
10105,0.7148137424050848,0.5524159411775834,0.5716382943035007,0.16239780122750136,0.1431754481015841
10107,0.2475984849003401,0.15346003162444816,0.385529587704191,0.09413845327589193,-0.1379311028038509
10119,0.31190631410055153,0.25796669192523064,0.23656443695602358,0.05393962217532089,0.07534187714452795
10125,0.5460534768868635,0.46075461891849967,0.6985250378163576,0.08529885796836378,-0.1524715609294941
10132,0.885470448207099,0.6899206926853374,0.6160133576641135,0.19554975552176157,0.2694570905429855
1014,0.36737879064390844,0.20699189851973634,0.4277694508425251,0.1603868921241721,-0.060390660198616664
10150,0.37699551767493567,0.37518105084338715,0.42058440507881,0.0018144668315485113,-0.04358888740387434
10156,0.36662519929564175,0.1551775598193194,0.32977264429023895,0.21144763947632234,0.0368525550054028
10164,0.4320425386277031,0.21136996911628464,0.4339089558126089,0.22067256951141845,-0.001866417184905822
10166,0.5504920194834924,0.5307682658633218,0.7462911882452934,0.019723753620170537,-0.19579916876180103
10171,0.3954082064416794,0.2619703804557793,0.5029394568494916,0.1334378259859001,-0.1075312504078122
10177,0.5080776648422505,0.2779114167012718,0.5620497531542549,0.2301662481409787,-0.053972088312004396
10182,0.4847554006911345,0.387865275802479,0.47750322638356496,0.0968901248886555,0.0072521743075695255
10197,0.3281051019874806,0.3509838693407618,0.5679147295224604,-0.022878767353281204,-0.23980962753497975
102,0.6599410780553814,0.3612010998161645,0.7161551290294051,0.2987399782392169,-0.056214050974023766
10206,0.6119490489864483,0.5847048600339536,0.7802504253400893,0.027244188952494697,-0.16830137635364095
10213,0.2479164213679698,0.30714128431631976,0.27115015766192524,-0.05922486294834997,-0.023233736293955448
10214,0.42284791051395715,0.4050801307491125,0.47694823370768197,0.01776777976484467,-0.05410032319372482
10216,0.5731816211038762,0.4647961680782055,0.6693328605964987,0.10838545302567065,-0.0961512394926225
10217,0.5135539217552991,0.28207367168741254,0.28791147616978,0.23148025006788658,0.2256424455855191
10220,0.5465772387502622,0.4081298682942532,0.6555206037256852,0.13844737045600902,-0.10894336497542301
10224,0.30376591685308857,0.2977523974007962,0.4622014062696715,0.006013519452292393,-0.15843548941658292
10226,0.5865511532126118,0.38852223221469856,0.720342868005601,0.1980289209979132,-0.13379171479298924
10247,0.7866105994547474,0.5934952600291397,0.6532107769046364,0.19311533942560777,0.13339982255011107
10256,0.0881212062632816,0.023015810592329197,0.05010715769393662,0.0651053956709524,0.038014048569344976
10260,0.5401455874669202,0.4809559747243743,0.4101921911999721,0.059189612742545916,0.12995339626694813
10263,0.9496912082705325,0.8166100376656097,0.7135080633925293,0.13308117060492286,0.2361831448780033
10268,0.5212760926913409,0.372191027604555,0.5027820552325543,0.14908506508678587,0.01849403745878664
10276,0.4658202743606583,0.20604814720942538,0.42347963307707803,0.25977212715123293,0.04234064128358028
10285,0.32338608056677237,0.1812471090647258,0.2733151645355452,0.14213897150204657,0.05007091603122715
10286,0.22483131726435057,0.16263783499827233,0.1243333232035054,0.06219348226607824,0.10049799406084517
10288,0.36999090111282806,0.20440355930896623,0.22837766756831496,0.16558734180386184,0.1416132335445131
10292,0.7166433916076199,0.5031275784248004,0.5505730944657372,0.21351581318281954,0.1660702971418827
10296,0.5748656632544648,0.47250467226040094,0.47316981731654684,0.10236099099406382,0.10169584593791792
103,0.7242399188947211,0.3865134548529542,0.6686751962074908,0.33772646404176687,0.05556472268723023
1030,0.7787945674397576,0.42551214051452524,0.6634306102444605,0.3532824269252324,0.11536395719529713
10302,0.12040024175540898,0.15979869875332506,0.0758334149575851,-0.03939845699791608,0.04456682679782388
10308,0.35832254487242415,0.2211891887147192,0.11272218193855124,0.13713335615770494,0.2456003629338729
10317,0.11899924709184721,0.061658379193204826,0.08610090866373402,0.057340867898642386,0.0328983384281132
10319,1.1520489763693837,0.8098888584664264,0.8321652584356031,0.3421601179029573,0.3198837179337807
10321,0.9475594284334584,0.5943208326413661,0.6642851859337882,0.35323859579209227,0.28327424249967026
10323,0.4806374315261018,0.5256229122184937,0.5121581196611223,-0.04498548069239189,-0.03152068813502057
10333,0.5399684942354156,0.4639024611599262,0.523461359476201,0.07606603307548937,0.016507134759214614
10335,0.3288005557405673,0.09461416419374512,0.3390601469923844,0.2341863915468222,-0.01025959125181708
10338,0.5602491659920383,0.6150565949619919,0.6255703902413273,-0.05480742896995361,-0.06532122424928899
10339,0.36395992060150484,0.30710749110113433,0.26929195360692976,0.056852429500370505,0.09466796699457508
10346,0.5874559634184792,0.4865024259132798,0.507677477705763,0.10095353750519936,0.07977848571271617
10349,0.1428125521253584,0.06714257122427206,0.12573997130210843,0.07566998090108634,0.017072580823249972
10350,0.6044851617657628,0.43107698897674146,0.4618899570787196,0.17340817278902138,0.14259520468704323
10352,0.10848112319985363,0.05991319788217974,0.0905766179479991,0.04856792531767389,0.01790450525185454
10353,0.5038159271698355,0.4304741765816593,0.3329677800655924,0.07334175058817616,0.17084814710424306
10355,0.7260272116917478,0.6650906673702276,0.7216030074345008,0.06093654432152018,0.004424204257246989
10357,0.55102792272407,0.4419116115178367,0.47438431366231326,0.10911631120623327,0.07664360906175671
10365,0.009592551792343532,0.05540211984937065,0.03917390727003265,-0.045809568057027114,-0.029581355477689118
10366,0.5393143202197193,0.3791122448155899,0.48242773127841987,0.16020207540412934,0.05688658894129939
10381,0.4064986680484422,0.2558353992358539,0.33750221118978563,0.1506632688125883,0.06899645685865657
10399,0.33307466704192734,0.3003592166747182,0.17534087599695172,0.03271545036720913,0.15773379104497562
10403,0.6195588947240329,0.4345108229236979,0.4865076964836712,0.185048071800335,0.1330511982403617
10406,0.2738125454335234,0.07012545871226233,0.10939558741692015,0.20368708672126107,0.16441695801660325
1042,0.3982606522328591,0.5216436661883137,0.37828197922406737,-0.12338301395545459,0.019978673008791747
10426,0.3283052577346945,0.3151890950110672,0.34408041234896913,0.013116162723627312,-0.015775154614274645
10427,0.5384057053143528,0.5021615074927988,0.5839277354846555,0.03624419782155408,-0.04552203017030265
1043,0.7784754099206601,0.5835159513316495,0.7122469162838679,0.19495945858901065,0.06622849363679217
10430,0.4182850265724312,0.3477874302561076,0.3493167769957501,0.07049759631632363,0.06896824957668113
10433,0.5748231775716905,0.4087609154286383,0.5773254937681761,0.16606226214305225,-0.0025023161964855545
10440,0.36630208890123844,0.11643732861590389,0.2861815029238836,0.24986476028533455,0.08012058597735483
10442,0.36520479154386404,0.26264076518215035,0.3336550733964433,0.10256402636171369,0.03154971814742075
10444,0.4227056474707869,0.2947848554317221,0.4934565962078278,0.1279207920390648,-0.07075094873704085
10451,0.412856965247692,0.22097589562654063,0.3105065457074925,0.19188106962115137,0.10235041954019952
10455,0.4296715931893609,0.272409642565993,0.3859689656882086,0.1572619506233679,0.04370262750115228
10462,0.3313856517408327,0.18881279497573375,0.3311073459765823,0.14257285676509893,0.0002783057642503639
1047,0.4047530425075739,0.3956477599531703,0.3852108937684587,0.009105282554403571,0.019542148739115195
10471,0.5312550566002834,0.40217263892279803,0.4431910169686883,0.12908241767748535,0.08806403963159509
10472,0.6492879016491993,0.6581106884855707,0.4848465001811991,-0.008822786836371499,0.16444140146800013
1048,0.6162854904385826,0.3284282500126531,0.5331530086877793,0.28785724042592953,0.08313248175080334
10493,0.4216599284144775,0.27996552903939903,0.43939177237242594,0.1416943993750785,-0.017731843957948412
10494,0.34401063976903534,0.26567177038851003,0.3769552094143093,0.07833886938052531,-0.03294456964527398
10497,0.5229486873045515,0.41615950039176325,0.5668925045785671,0.10678918691278821,-0.04394381727401564
10501,0.5087775448265954,0.37370381380852097,0.5567927217773594,0.13507373101807446,-0.04801517695076396
10503,0.314172802229848,0.3356852243475607,0.26125197177111065,-0.021512422117712704,0.052920830458737356
10508,0.30440068501753376,0.24410874187215,0.3788681749914672,0.06029194314538375,-0.07446748997393343
10512,0.4459833530332349,0.3111487046203759,0.4613246984374411,0.13483464841285897,-0.01534134540420623
10513,0.6229635434565979,0.4685583850362146,0.5187520442624183,0.15440515842038327,0.1042114991941796
10523,0.4278247976087802,0.23557056270906013,0.4796260333062997,0.1922542348997201,-0.05180123569751949
10525,0.6131326485959817,0.4194506926508851,0.5471657793758848,0.19368195594509663,0.06596686922009687
10527,0.5242541516004962,0.36524233157220576,0.5453191202493234,0.1590118200282904,-0.02106496864882723
10534,0.3845446842519883,0.31689729693415597,0.3985752640008999,0.06764738731783232,-0.014030579748911587
10538,0.7347146840001512,0.8567571168224449,0.7662032002585485,-0.12204243282229377,-0.031488516258397325
10563,0.5751597836349218,0.4057187410530262,0.6870109164827393,0.16944104258189563,-0.11185113284781745
10565,0.6733410994668565,0.374500660645855,0.5838090025685805,0.2988404388210015,0.08953209689827601
10568,0.4706243490880158,0.30916085860376874,0.32407215657127253,0.16146349048424707,0.14655219251674328
10570,0.24406243194737862,0.1651448165802215,0.23973713099890825,0.0789176153671571,0.004325300948470362
10571,0.7434724410693887,0.8509154579655915,0.8809992404018138,-0.10744301689620284,-0.13752679933242506
10577,0.6102855639993905,0.4976527269432099,0.6777016730685591,0.1126328370561806,-0.06741610906916862
10579,0.22803677558328123,0.1627847424833385,0.2684280058691419,0.06525203309994274,-0.04039123028586067
10588,0.16104116994897263,0.19710171016138064,0.11676418277695433,-0.03606054021240801,0.044276987172018306
1059,0.8310608144387583,0.5462424212157676,0.7056086197935248,0.28481839322299074,0.1254521946452335
10590,0.5686745500994992,0.3702265039144042,0.5652007432471624,0.19844804618509498,0.0034738068523367804
10600,0.4067131710688924,0.2603768290454024,0.3658270008355738,0.14633634202349,0.040886170233318586
10608,0.3579449084214474,0.3242106527224459,0.532853852148366,0.03373425569900146,-0.17490894372691862
1061,0.6828940824920936,0.4120388751963691,0.5260067665365312,0.2708552072957245,0.15688731595556238
10621,0.40729582932835645,0.2760010492168967,0.30701879203365395,0.13129478011145973,0.1002770372947025
1063,0.7442524881989336,0.6348532129247931,0.701460901043171,0.1093992752741405,0.04279158715576259
10636,0.2746030334769713,0.17222822022260031,0.35015064736206786,0.10237481325437098,-0.07554761388509657
10640,0.5851207204885674,0.4680855021327025,0.5733999558063095,0.11703521835586495,0.011720764682257911
10645,0.19321165016326824,0.13376778409028284,0.19197220368983411,0.05944386607298541,0.0012394464734341304
10655,0.37578582806918903,0.16289080438907097,0.276833972243784,0.21289502368011806,0.09895185582540506
10667,0.2650745577138336,0.30541553848898895,0.2579989755839441,-0.040340980775155355,0.007075582129889513
10673,0.3791565857575834,0.22679086642655424,0.3499152948417078,0.15236571933102913,0.029241290915875573
10674,0.2895821577048698,0.22877884688443667,0.3534891594282738,0.06080331082043311,-0.06390700172340402
10678,0.22385669750345114,0.14822772957472372,0.29343304065950193,0.07562896792872742,-0.0695763431560508
10679,0.366433164488477,0.26168303865330816,0.35383009842398366,0.10475012583516885,0.012603066064493351
10684,0.3907071807921009,0.254771434082006,0.3964544996763476,0.13593574671009495,-0.005747318884246677
10687,0.5277697504499961,0.4011595218206757,0.3928372890149707,0.12661022862932036,0.13493246143502535
10696,0.49008250257591524,0.30392556082384276,0.5341851922272883,0.18615694175207248,-0.044102689651373095
10699,0.2785171899394575,0.22945588087848345,0.2114678534782765,0.049061309060974057,0.067049336461181
10709,0.30347434020992137,0.21340112184265586,0.40272240645357865,0.0900732183672655,-0.09924806624365728
1071,0.7633648198328897,0.3333439769346187,0.6402354722565509,0.430020842898271,0.12312934757633887
10712,0.5539072680038241,0.32033955973148953,0.5611544387403892,0.23356770827233453,-0.007247170736565112
10718,0.6316323668876255,0.36146916370065685,0.6675928118614057,0.2701632031869686,-0.03596044497378026
1072,0.4862198635943735,0.3082715455684834,0.4509742175470236,0.17794831802589012,0.03524564604734992
10731,0.18059941338595162,0.10675249982336159,0.15071623448973612,0.07384691356259003,0.0298831788962155
10738,0.7418249014286654,0.5815847443785225,0.7081568993046332,0.16024015705014294,0.033668002124032204
10743,0.3670241136548564,0.31278230221364883,0.4164334502561466,0.054241811441207544,-0.04940933660129021
10753,0.22734189693895318,0.22392949262335377,0.1454034320625964,0.0034124043155994155,0.08193846487635678
10755,0.45095907737223806,0.2599429069213522,0.47300881265931793,0.19101617045088587,-0.022049735287079875
10756,0.6403527571463433,0.580799664139337,0.6278494511001159,0.059553093007006286,0.012503306046227403
10757,0.458111577356558,0.4759592618764952,0.4470170265763443,-0.01784768451993718,0.011094550780213708
10759,0.4600781186837308,0.47101995032467475,0.5162484877862011,-0.010941831640943978,-0.05617036910247036
1076,0.11507002915884021,0.3071079285794458,0.12152045982254032,-0.1920378994206056,-0.006450430663700116
10760,0.6071238521973511,0.44023190971949067,0.6298457263065605,0.16689194247786043,-0.02272187410920945
10770,0.5969971032139212,0.5563281152041366,0.7896362136290481,0.04066898800978458,-0.19263911041512694
10772,0.8714760393854208,0.8034759181609021,0.9113824631290027,0.0680001212245187,-0.03990642374358189
10776,0.4839849944583275,0.7237765001653147,0.4664235827026274,-0.2397915057069872,0.017561411755700085
10786,0.5692553142504752,0.31269998053180936,0.43451507106749204,0.2565553337186658,0.1347402431829831
10790,0.27164514738198325,0.19501182979138026,0.3094239113169684,0.07663331759060299,-0.03777876393498514
10792,0.3787181559903252,0.21491397442171864,0.24567053127374341,0.16380418156860657,0.1330476247165818
10804,0.4612449425771487,0.5211358068109051,0.6097936369875869,-0.05989086423375639,-0.14854869441043822
10805,0.3682620448123659,0.13555998883635867,0.36324142390081215,0.23270205597600724,0.0050206209115537526
10808,0.5801747265005779,0.30997488121705546,0.4774739788533817,0.2701998452835224,0.10270074764719617
10812,0.4537256864462582,0.4545084763031416,0.5394864105922359,-0.0007827898568834035,-0.08576072414597768
10815,0.5444017572861156,0.44871563480230736,0.6788926224000618,0.09568612248380826,-0.13449086511394615
10816,0.44916236698760603,0.2486717538215179,0.40695285310649215,0.20049061316608813,0.04220951388111388
10824,0.43777279874204983,0.2932468505931117,0.5098060468196479,0.14452594814893815,-0.07203324807759809
10825,0.45206141074917117,0.33956423568530303,0.3733384259150393,0.11249717506386814,0.07872298483413187
10827,0.3730585400735284,0.34250058870189926,0.42370424176796423,0.030557951371629144,-0.05064570169443583
10828,0.5233730126593086,0.28964260615399534,0.5170745536704625,0.23373040650531324,0.006298458988846067
10832,0.5824544727807208,0.27379502086554147,0.41057129054358754,0.30865945191517935,0.17188318223713328
1084,0.3197140952294071,0.15334574643616444,0.35918673612927837,0.16636834879324264,-0.03947264089987129
10843,0.5624534348677677,0.3402612976602368,0.38631209096088803,0.2221921372075309,0.17614134390687963
10846,0.5250065867855976,0.2971751426091067,0.5014857105425329,0.22783144417649093,0.02352087624306476
10848,0.6312360170404826,0.2546712508315227,0.5588495215428546,0.3765647662089599,0.07238649549762799
10851,0.3953575634759373,0.2695635648709807,0.4332544242336094,0.1257939986049566,-0.03789686075767207
10853,0.3558127196373199,0.29300682024201347,0.47134123579766124,0.06280589939530645,-0.11552851616034132
10855,0.39183766814739585,0.1996886364667267,0.39403875792155024,0.19214903168066916,-0.0022010897741543967
10858,0.6930721149328384,0.4139686659516096,0.6230260065890225,0.2791034489812288,0.07004610834381586
10868,0.624802770680324,0.4877760579253395,0.52998890778193,0.13702671275498446,0.094813862898394
10887,0.331928990751241,0.23065717429149898,0.35937050259273834,0.10127181645974201,-0.027441511841497346
10893,0.4714312306091884,0.4343625860331434,0.42850126358182034,0.03706864457604497,0.042929967027368066
10895,0.5237988738538526,0.3190188908654831,0.5976417464734032,0.20477998298836952,-0.07384287261955058
10898,0.3982951482078963,0.32854365096284005,0.34317318322969775,0.06975149724505625,0.055121964978198545
1090,0.847183672667256,0.4577722971240845,0.7255980557296974,0.3894113755431715,0.12158561693755865
10909,0.5266858644498981,0.48701428028729216,0.5465713847145068,0.03967158416260591,-0.01988552026460877
10915,0.5519816001597496,0.3202384470347692,0.5595120596290278,0.2317431531249804,-0.007530459469278217
10927,0.42706052152078966,0.2691768396379381,0.3805538952412896,0.15788368188285157,0.046506626279500085
1093,0.35708567923789675,0.4285948745016799,0.4507124059673994,-0.07150919526378313,-0.09362672672950267
10931,0.5485664878079741,0.2869113198238342,0.48877815142967773,0.2616551679841399,0.05978833637829639
10936,0.4693741079602002,0.5196895896668156,0.496526776446157,-0.05031548170661537,-0.02715266848595682
10938,0.5093887042317758,0.30748432456463615,0.4366034095555564,0.2019043796671397,0.07278529467621947
10940,0.5559033127615102,0.4915940535028387,0.5819020852922152,0.06430925925867148,-0.02599877253070504
10954,0.552301833352655,0.3555221530185468,0.41804182215436125,0.19677968033410825,0.13426001119829378
10956,0.5172801396098547,0.27972786078630557,0.512844654687958,0.23755227882354918,0.004435484921896715
10957,0.4844581642642593,0.37613194610012896,0.4740303068398387,0.10832621816413035,0.010427857424420595
10960,0.29781946580264673,0.18012242249309435,0.3250258298664821,0.11769704330955238,-0.027206364063835364
10970,0.4300003452412571,0.39376461511503763,0.4659545263838996,0.036235730126219445,-0.03595418114264254
10979,0.6414552674289342,0.43640298501545016,0.6156329420961782,0.20505228241348405,0.02582232533275597
1098,0.47166988073545646,0.27077312954181587,0.41616058411707635,0.2008967511936406,0.05550929661838011
10981,0.39837025219984457,0.19271333054590536,0.3401855326400734,0.2056569216539392,0.05818471955977117
10982,0.5267451290139386,0.42798172821149116,0.5101390556842219,0.09876340080244739,0.016606073329716642
10985,0.5560732494679039,0.4447324615679412,0.5655971388597718,0.11134078789996271,-0.009523889391867879
10990,0.2823552902176795,0.1902377339881962,0.45508481940979495,0.09211755622948331,-0.17272952919211543
10996,0.2637588496741832,0.2365008559652371,0.36523805992493913,0.027257993708946132,-0.1014792102507559
10999,0.5289659806710729,0.49261602997967563,0.581017369324684,0.03634995069139729,-0.05205138865361103
11023,0.5366840869664459,0.5283137791800051,0.6159170786266092,0.008370307786440767,-0.07923299166016329
11024,0.41323779448548326,0.3320451722222022,0.4438629945353424,0.08119262226328106,-0.030625200049859136
11026,0.8699268022796619,0.5497225168197442,0.6435061117340242,0.32020428545991775,0.22642069054563774
11029,0.19224060260437362,0.2542193434903589,0.26745466578259636,-0.06197874088598529,-0.07521406317822274
11053,0.8051071332959627,0.5260290796513195,0.7358748207885136,0.2790780536446432,0.0692323125074491
11067,0.43334565496631755,0.336667523772506,0.5252489506649771,0.09667813119381152,-0.09190329569865957
11075,0.5228174963212251,0.28796692264965373,0.504230875717323,0.23485057367157136,0.01858662060390215
1108,0.7304413000222016,0.49878956717791784,0.5990144315273169,0.2316517328442838,0.13142686849488472
11081,0.3614144859629534,0.17093496538802241,0.30807923244636354,0.19047952057493098,0.05333525351658985
11085,0.5880338270673737,0.4349073827760469,0.6536097210429811,0.15312644429132682,-0.06557589397560737
11098,0.3690141520962519,0.22785053995670054,0.36891101620330685,0.14116361213955134,0.00010313589294502767
11107,0.4953303613989655,0.2559893553795545,0.37255737127527055,0.23934100601941105,0.12277299012369497
11124,0.37352526512717504,0.26338019417722364,0.2908761337361878,0.1101450709499514,0.08264913139098723
11125,0.4590723520061728,0.3841751124113577,0.5054898844228255,0.07489723959481509,-0.046417532416652696
11133,0.47366012746331404,0.31278795908746737,0.5056919418714971,0.16087216837584667,-0.03203181440818309
11140,0.3772418737562258,0.3400042789330156,0.3733561697433129,0.03723759482321021,0.003885704012912883
11141,0.6861981633976187,0.5781722202707495,0.6142200781583119,0.1080259431268692,0.07197808523930682
11146,0.5553782652557883,0.4289111741505971,0.6928456350035408,0.12646709110519117,-0.13746736974775253
1115,0.9577009272385235,0.5832295436985334,0.9508766512963265,0.3744713835399901,0.006824275942197033
11154,0.5753537353748116,0.6095248453133553,0.5700876660560188,-0.034171109938543665,0.00526606931879281
11157,0.30109142165757996,0.2070530259564008,0.2690272970062592,0.09403839570117917,0.03206412465132075
11162,0.4037682945505607,0.24331272682830463,0.26759069608821107,0.16045556772225605,0.1361775984623496
11164,0.2817400310230587,0.19177995095081338,0.2994483488604924,0.08996008007224535,-0.01770831783743365
11166,0.5635721111318631,0.42339705951405665,0.4606720850224504,0.14017505161780647,0.10290002610941273
11168,0.33244491519400443,0.23598940934427923,0.3575164972175846,0.0964555058497252,-0.025071582023580175
11172,0.7241683692456831,0.46936040479202856,0.6977298168635023,0.2548079644536545,0.026438552382180736
11174,0.6397171150740888,0.3707193517557441,0.6354043941033032,0.2689977633183447,0.004312720970785611
11177,0.41349899460165235,0.4305697957821178,0.5597825241492886,-0.017070801180465445,-0.1462835295476363
11180,0.34787631728813545,0.22111940505285355,0.3165940360344072,0.1267569122352819,0.03128228125372823
11186,0.5560286282215146,0.3881085860989267,0.6847628439948723,0.16792004212258788,-0.12873421577335775
11189,0.24332565353965832,0.11929110964856751,0.2515487632269436,0.12403454389109081,-0.008223109687285263
1120,0.6234778471118481,0.5488663705910352,0.6812063899965004,0.0746114765208129,-0.057728542884652345
11204,0.43886105783414514,0.5192196663074661,0.6070278097777801,-0.08035860847332094,-0.168166751943635
1121,0.19561883083481418,0.17390584970498246,0.2558274562857497,0.02171298112983172,-0.06020862545093553
11215,0.551305805079013,0.3253677913243648,0.5636411894116242,0.22593801375464817,-0.012335384332611277
1123,0.2768027573555414,0.07803669988936446,0.17188394769143683,0.19876605746617693,0.10491880966410455
11238,0.6615023252751332,0.3268836853890317,0.4304947114083829,0.3346186398861015,0.23100761386675028
1124,0.24663111338718627,0.07223867408977055,0.2066616882450879,0.1743924392974157,0.039969425142098364
11250,0.23958567724174631,0.18782639145799718,0.2977278340136669,0.05175928578374914,-0.05814215677192061
11257,0.14515901430811487,0.10175546564304883,0.12999012515832944,0.043403548665066044,0.015168889149785425
11259,0.5262603953104342,0.3119996636596553,0.4461505716927968,0.2142607316507789,0.08010982361763741
11261,0.21541399021293597,0.06650113713373258,0.23818226594305997,0.14891285307920338,-0.022768275730123994
11265,0.28289719600271873,0.158759311292044,0.25449048059938334,0.12413788471067475,0.028406715403335392
11266,0.31341790267768516,0.22957239165749843,0.46470609485922526,0.08384551102018672,-0.1512881921815401
11267,0.5053010842664561,0.16874415386637223,0.3697208036679644,0.33655693040008394,0.13558028059849175
1127,0.5317856401759758,0.5862577820003125,0.536397535671599,-0.054472141824336684,-0.004611895495623131
11270,0.2993123155012147,0.22274141852942006,0.3825356320444646,0.07657089697179462,-0.08322331654324994
11272,0.13864155076044413,0.09780094288701544,0.1328913176589698,0.04084060787342869,0.005750233101474322
11273,0.2724376587946173,0.18696556017049562,0.208025530722241,0.08547209862412167,0.06441212807237628
11279,0.8410848804389206,0.42495043447711633,0.6786744215862667,0.41613444596180427,0.16241045885265393
11286,0.3191809002004707,0.254537976064712,0.33760933174674085,0.06464292413575867,-0.018428431546270163
11296,0.6731744997634158,0.4879705409919117,0.5971903739888949,0.18520395877150408,0.07598412577452096
11302,0.22293724832224804,0.13587851543023538,0.18017307861693305,0.08705873289201266,0.04276416970531499
11303,0.0446819416094525,-0.06411951222634693,0.052976908407948387,0.10880145383579942,-0.008294966798495888
11306,0.4332473762590916,0.314395266258391,0.4249766951848518,0.11885211000070062,0.008270681074239783
11318,0.6878178737447272,0.36123348942544004,0.6221204042917017,0.3265843843192872,0.06569746945302557
11322,0.1268874067038817,0.06946707692485414,0.19133769730342326,0.05742032977902757,-0.06445029059954155
11328,0.2501085796429859,0.2042487107136661,0.2526781927939402,0.045859868929319786,-0.0025696131509543307
11331,0.5701267023995534,0.25838272848028704,0.41934286858841446,0.3117439739192664,0.15078383381113897
11335,0.43401109748825417,0.2779107873065934,0.34847663466514495,0.15610031018166076,0.08553446282310923
11339,0.37231042900303596,0.31419975420314206,0.44777849431931666,0.0581106747998939,-0.0754680653162807
11340,0.8361029189099299,0.4047972429931751,0.5779524937688915,0.43130567591675484,0.2581504251410385
11341,0.9233593226384643,0.5322459639568969,0.7517443837190283,0.3911133586815674,0.17161493891943602
11343,0.6201802961255811,0.364722585026209,0.591947195752834,0.2554577110993721,0.028233100372747066
11345,0.9155259846028584,0.5088659307785983,0.8286037979009335,0.40666005382426007,0.08692218670192486
11349,0.7321792374388073,0.48570545780724594,0.8911640541012151,0.24647377963156136,-0.15898481666240782
11353,0.37135052649700884,0.4222085448134433,0.46456613678290953,-0.05085801831643444,-0.0932156102859007
11361,0.2905021349502273,0.09694067655931442,0.27283458795539317,0.19356145839091288,0.017667546994834138
11366,0.6396791562672741,0.45753913108411265,0.6183497134721421,0.18214002518316147,0.021329442795132048
11368,0.3783708407652252,0.3017057942121821,0.49513730026851105,0.07666504655304313,-0.11676645950328585
11376,0.884832654688082,0.49335363920517045,0.7292479514461455,0.3914790154829116,0.15558470324193652
11384,0.7189431711479919,0.4655393015991276,0.7794553620385538,0.2534038695488643,-0.06051219089056192
11409,0.8520650970400001,0.44792995964745475,0.7590832602961324,0.40413513739254536,0.09298183674386773
11417,0.8649767391331001,0.769127631531484,0.7729435665408312,0.09584910760161613,0.09203317259226895
11418,0.5815696734604956,0.3580510514615872,0.602360935133643,0.22351862199890837,-0.020791261673147376
11420,0.5519418181717504,0.3696957647983198,0.42759221287573784,0.18224605337343058,0.12434960529601252
11423,0.4590133581562191,0.45912203801514734,0.5458814787058632,-0.00010867985892826226,-0.08686812054964416
11424,0.1346113179015576,0.11048937332206757,0.2233107340414407,0.024121944579490018,-0.08869941613988311
11426,0.5944786903529964,0.705200785435306,0.7343888367214105,-0.11072209508230957,-0.13991014636841415
11427,0.12557971917736796,0.024108291749876252,0.12948611881067612,0.10147142742749171,-0.003906399633308161
11437,0.498200939464815,0.36895003243147184,0.4322917329095439,0.12925090703334313,0.06590920655527105
11438,0.6698291446600725,0.34730243912939746,0.4899506480527615,0.32252670553067503,0.17987849660731098
1144,0.3492258682408355,0.12102202065252188,0.2431127306611387,0.22820384758831364,0.10611313757969681
11442,0.8469516406494086,0.41997551166443686,0.5614425307512694,0.4269761289849718,0.28550910989813927
11451,0.46614979783522986,0.22612641288264176,0.4090085482004038,0.2400233849525881,0.057141249634826086
11453,0.10502325356401983,0.09924651873046753,0.14445528403096852,0.005776734833552302,-0.039432030466948695
11455,0.5513395128551407,0.4531575062278767,0.7176021097471136,0.098182006627264,-0.16626259689197287
11458,0.9717378350214868,0.4926999713429081,0.8561842663723248,0.4790378636785787,0.115553568649162
11459,0.7187401924200736,0.5210295945567903,0.6892845301947405,0.19771059786328327,0.029455662225333135
11460,0.6652229286534798,0.5282391532885488,0.6571137841066008,0.136983775364931,0.008109144546878944
11467,0.8726490203527903,0.4256518138541573,0.5144776000469841,0.44699720649863306,0.3581714203058063
11470,0.6267134683240173,0.4582583571723852,0.5409929645905511,0.1684551111516321,0.08572050373346618
11474,0.70644034444116,0.6550996965867374,0.6939059764477861,0.051340647854422605,0.01253436799337393
11476,0.33182258789828256,0.22162473935077023,0.46630652496779507,0.11019784854751233,-0.1344839370695125
1148,0.4398088027935228,0.23361924739962206,0.5322729445284811,0.20618955539390074,-0.09246414173495826
11483,0.0060311293451094546,0.031299266334676286,0.08026608919899107,-0.02526813698956683,-0.07423495985388162
11490,0.31401420174419253,0.21900441631341927,0.443157085079072,0.09500978543077326,-0.12914288333487944
11502,0.82212684655782,0.45785817301414344,0.6489883839940354,0.36426867354367654,0.17313846256378462
11505,0.6713360579519707,0.505057581598639,0.659559558339963,0.1662784763533317,0.011776499612007663
1151,0.74956217853219,0.39129295424875493,0.6084169574673931,0.35826922428343505,0.14114522106479688
11514,0.4915441730736693,0.32294741693104545,0.4334039298357838,0.16859675614262387,0.058140243237885525
11515,0.2130790672240846,0.135775103806386,0.08976073907829045,0.0773039634176986,0.12331832814579415
11525,0.2315209115237597,0.182706050280401,0.21675433290717344,0.04881486124335871,0.014766578616586257
11529,0.45423051705621564,0.4404866998441861,0.4620007399448961,0.013743817212029552,-0.007770222888680456
11536,0.18755949549467474,0.06554624092901366,0.1288114241863152,0.12201325456566108,0.058748071308359545
11539,0.8781042930405462,0.6160503418041119,0.724910833279877,0.26205395123643427,0.15319345976066912
11546,0.39223758669392506,0.404996162212754,0.33311422976413657,-0.012758575518828918,0.059123356929788484
11554,0.6532187579706765,0.5327770447574699,0.6446339337594357,0.12044171321320662,0.008584824211240849
1156,0.6254708698761576,0.7374252867994971,0.5001890565604914,-0.11195441692333952,0.12528181331566624
11563,0.5617048897735412,0.4130724935282174,0.5243639551111615,0.14863239624532376,0.03734093466237964
11570,0.3515235755128197,0.4090492619846402,0.4133378082064759,-0.05752568647182049,-0.06181423269365621
1158,0.4739363401284068,0.5078731039755605,0.40468436474989705,-0.03393676384715372,0.06925197537850974
11582,0.28040092940193984,0.1615475082702634,0.1653611687190127,0.11885342113167643,0.11503976068292712
11585,0.4915795310917641,0.24465710668085133,0.43064957280899285,0.24692242441091278,0.06092995828277126
11598,0.2631681182397332,0.1302849166751871,0.1962311836723067,0.13288320156454608,0.06693693456742647
1160,0.6684394850311932,0.5616113934766396,0.7654014634450783,0.10682809155455364,-0.0969619784138851
11600,0.7489607960107049,0.5088872614429798,0.7200152331970124,0.24007353456772507,0.028945562813692427
11607,0.5646261920807806,0.41024156026900754,0.5266901963475206,0.15438463181177303,0.03793599573326001
11610,0.4000363250156836,0.3397246421006289,0.3271967107567986,0.060311682915054676,0.07283961425888497
11612,0.40034102920768205,0.2081047090172864,0.3315817959735382,0.19223632019039566,0.06875923323414385
11616,0.3455438113932847,0.28273535442785513,0.29181212338967494,0.06280845696542958,0.05373168800360978
11628,0.741692090854643,0.5651687377513198,0.5784926941121851,0.17652335310332323,0.16319939674245798
11633,1.0262296586034343,0.6679351777778352,0.8346032898375947,0.3582944808255991,0.1916263687658396
11634,0.7902793740114478,0.5372586466269111,0.6866564140385618,0.2530207273845366,0.10362295997288595
11636,0.4816454946807896,0.3644783887882703,0.4237413158488533,0.11716710589251927,0.057904178831936326
11643,0.6076907037914063,0.27424316936001236,0.521027481620274,0.33344753443139397,0.08666322217113231
11644,0.3741211583801036,0.3008866540924175,0.34815326821605896,0.07323450428768613,0.02596789016404466
11650,0.9029446365816349,0.5989292539357862,0.7016075986280439,0.3040153826458487,0.20133703795359104
11664,0.4588957815361024,0.2667401269598715,0.38128615773934527,0.1921556545762309,0.07760962379675712
11665,0.32116651370791405,0.18887885062069612,0.373487914934683,0.13228766308721793,-0.05232140122676893
11677,0.5018201262352265,0.2250728655267843,0.46746196403175844,0.27674726070844224,0.0343581622034681
11678,0.5873770135890747,0.4801076585116096,0.49984125664015305,0.1072693550774651,0.08753575694892163
11681,0.5516882673458532,0.4691375547215413,0.4898707360189701,0.0825507126243119,0.06181753132688311
11685,0.3631352222082085,0.3911484838944533,0.4173302976174541,-0.028013261686244795,-0.05419507540924562
11695,0.7812352176005866,0.43138614888035814,0.5850734748579638,0.3498490687202284,0.19616174274262277
11700,0.28185120905830335,0.18324105484989597,0.3588599416718501,0.09861015420840738,-0.07700873261354674
11705,0.3283601118702789,0.2663658144085394,0.30177310137203545,0.06199429746173951,0.02658701049824347
11706,0.7312403904992683,0.4487133574913302,0.7111297919474189,0.2825270330079381,0.02011059855184938
11720,0.7764069991755703,0.8674372128035861,0.7787002993296335,-0.09103021362801578,-0.0022933001540631492
11733,0.35103330612107936,0.3249165329607613,0.46342864593782296,0.026116773160318074,-0.1123953398167436
11744,0.5743595203965963,0.29055062963532213,0.4228948089289077,0.2838088907612742,0.15146471146768864
11751,0.5647170425793663,0.4493405954768484,0.5921803273516023,0.11537644710251788,-0.02746328477223603
1176,0.5502376843118668,0.5117260055278575,0.45986866655949143,0.038511678784009296,0.09036901775237538
11764,0.6852153627538587,0.49771053141487254,0.7706748589632798,0.1875048313389862,-0.08545949620942106
11767,0.42665078502762843,0.29239087721670737,0.41030887648273756,0.13425990781092106,0.01634190854489087
11770,0.5850726897891817,0.3724509020165612,0.5878314608581473,0.21262178777262047,-0.002758771068965604
11773,0.26244265017931734,0.23750215904376307,0.128092034120509,0.02494049113555427,0.13435061605880833
11778,0.5590317043598331,0.34856921459681195,0.5625311941206984,0.21046248976302112,-0.0034994897608653375
11782,0.3488846858766635,0.22764492968273323,0.3291720999419602,0.12123975619393026,0.01971258593470332
11796,0.8118987304644764,0.5074026641151826,0.6274753668945549,0.3044960663492937,0.1844233635699215
11798,0.47782413980390853,0.2046696073106873,0.38253883092961877,0.2731545324932212,0.09528530887428976
1180,0.31524326256128604,0.29663272904022486,0.39056941671696677,0.01861053352106118,-0.07532615415568072
11802,0.4967426276106403,1.0043552811771166,0.47767033787062707,-0.5076126535664762,0.019072289740013237
11812,0.8087843868391457,0.49744631718242915,0.8366137433271481,0.3113380696567165,-0.027829356488002444
11825,0.5252645930168751,0.44603121913141397,0.4994295637765981,0.07923337388546114,0.02583502924027703
11827,0.5633717789944827,0.47441710507360635,0.6885292264141736,0.0889546739208763,-0.12515744741969093
11839,0.2027356574194733,0.19217201756882604,0.2065517761055859,0.01056363985064726,-0.0038161186861125906
11841,0.3070786284192844,0.21057514375330338,0.3453690594888933,0.09650348466598102,-0.03829043106960889
11844,0.3337230208183322,0.19312788561206434,0.34457845940182646,0.14059513520626787,-0.010855438583494248
11845,0.34751675508368285,0.2231930027335993,0.2623687523945908,0.12432375235008356,0.08514800268909206
11858,0.7880484568103073,0.5358131779814166,0.8606365397921152,0.25223527882889074,-0.07258808298180786
11860,0.36972929672317073,0.3598329542746199,0.38107488648836946,0.00989634244855081,-0.011345589765198727
11861,0.7073556701267512,0.5229774358381869,0.7252324830447886,0.18437823428856426,-0.017876812918037444
11862,0.6081583711464145,0.5426469312094251,0.5886757681405853,0.06551143993698938,0.019482603005829158
11867,0.4142645253439847,0.3088858111492573,0.4342283398223754,0.10537871419472744,-0.019963814478390685
11871,0.8779813882700674,0.5275761055337765,0.774066325808417,0.3504052827362909,0.10391506246165039
11875,0.4746679417999441,0.25009254694513156,0.45160275950879414,0.22457539485481254,0.023065182291149955
11903,0.3130289091719222,0.34078568261711145,0.4595380590627748,-0.02775677344518923,-0.14650914989085256
11904,0.5107977210630008,0.30968457504325075,0.44274161544401874,0.20111314601975006,0.06805610561898207
11905,0.47233207566544644,0.25099654252392367,0.46792532179634727,0.22133553314152277,0.004406753869099167
1191,0.39616004647551845,0.2965824143021268,0.35296636607629267,0.09957763217339166,0.043193680399225776
11911,0.6450798667656652,0.37164913339066574,0.6931777935020843,0.27343073337499946,-0.048097926736419105
11914,0.247645637319146,0.260664140168605,0.28282987131694476,-0.013018502849459018,-0.03518423399779877
11915,0.7788072622298399,0.4066107386997146,0.7465944022637018,0.3721965235301253,0.0322128599661381
11916,0.3212350175333863,0.23950194596973715,0.2773117366989111,0.08173307156364915,0.043923280834475165
11920,0.8838101465832998,0.5660756093065347,0.7437172068301043,0.31773453727676515,0.14009293975319548
11922,0.6056571525400852,0.3254386290020015,0.48260673402849547,0.28021852353808374,0.12305041851158977
11932,0.5295051457423542,0.3617589936032262,0.41290382414789384,0.16774615213912797,0.11660132159446035
11942,0.4471320318932774,0.2609430102607363,0.574233913260337,0.18618902163254109,-0.12710188136705963
11947,0.6100701582360927,0.4022665609556622,0.6314003931594762,0.20780359728043046,-0.021330234923383484
11953,0.34268371603252507,0.274844756147941,0.36956348350174856,0.06783895988458405,-0.026879767469223492
11954,0.48800919898301154,0.3148126901739794,0.48886113701449047,0.17319650880903215,-0.0008519380314789271
11959,0.7276054869463763,0.45161299041483505,0.7014070489622226,0.27599249653154123,0.026198437984153666
11969,0.28950894979339453,0.261529328648998,0.3364488916690236,0.027979621144396505,-0.046939941875629054
11987,0.7914698140404822,0.5302777438490084,0.7865994492864369,0.26119207019147384,0.004870364754045342
11990,1.1716357153169528,0.7368743518440225,0.9395463711444214,0.43476136347293026,0.23208934417253135
11999,0.6194314104495376,0.35818298302930485,0.6418372280192951,0.2612484274202328,-0.022405817569757458
12004,0.5744636247950224,0.4082918498177929,0.5098011573681487,0.16617177497722957,0.06466246742687376
12008,0.48756093730557565,0.3065435344455125,0.5178434249440508,0.18101740286006313,-0.03028248763847513
12019,0.5701293918542968,0.3528436899568137,0.5662496662866827,0.21728570189748309,0.0038797255676140674
1202,0.65704123909688,0.3436584485111264,0.6854344709253198,0.3133827905857535,-0.02839323182843989
12020,0.8501346504115772,0.5436230578877499,0.7442461586646609,0.3065115925238273,0.10588849174691628
1205,0.36886137969373173,0.5898508012599285,0.385035201150774,-0.22098942156619678,-0.01617382145704227
12051,0.5698331920175905,0.40798947265190716,0.5194379100004975,0.16184371936568337,0.05039528201709298
12054,0.1861914007541743,0.17123223330530013,0.12495510969101688,0.014959167448874183,0.061236291063157436
12066,0.7459706520960234,0.47355437553998664,0.7370412483291525,0.2724162765560368,0.008929403766870903
12070,0.33132208483418446,0.27689252188811425,0.358393682716337,0.05442956294607021,-0.02707159788215252
12073,0.4234834513145017,0.3874657916245575,0.4439188140970452,0.03601765968994419,-0.020435362782543487
12098,0.4643006672317541,0.28181897224747543,0.40073818824828783,0.1824816949842787,0.06356247898346629
12104,0.042965193426589166,-0.04203532346574832,0.12046090413950185,0.08500051689233748,-0.07749571071291268
12121,0.865130108052327,1.0841596673727183,1.0009543096542302,-0.21902955932039125,-0.13582420160190312
12127,0.23001479892533933,0.22546542562511632,0.24277111434696122,0.0045493733002230086,-0.012756315421621894
12150,0.31770159358473526,0.14908012953533775,0.2703967134073007,0.1686214640493975,0.04730488017743456
12159,0.47619692558598614,0.3249170109188917,0.6486790022513583,0.15127991466709445,-0.17248207666537219
12160,0.4475858190821036,0.09745893044591979,0.6453574344605583,0.3501268886361838,-0.19777161537845467
12161,0.9771273039510392,1.6546876487256161,1.184376723505933,-0.6775603447745769,-0.20724941955489384
12162,0.4164345324768485,0.1714283832279953,0.4141094020824034,0.24500614924885317,0.0023251303944450963
12166,0.503019475352651,0.20064263707404703,0.42128670171087873,0.30237683827860395,0.08173277364177228
1217,0.990622378666393,0.54738267652012,0.9726477189771982,0.44323970214627306,0.017974659689194872
12182,0.12952621195673616,0.15844362356991948,0.040632043545245376,-0.028917411613183314,0.08889416841149078
12189,0.4125033145500564,0.32187261091541286,0.457174322865031,0.09063070363464354,-0.044671008314974614
122,0.20960185458252448,0.135880589375289,0.18474062157229892,0.07372126520723549,0.024861233010225553
12212,1.2807039515095375,1.8932231435665041,1.2948246608533525,-0.6125191920569666,-0.01412070934381493
12213,1.1942035215265814,2.4591425738159844,1.26571965904848,-1.264939052289403,-0.07151613752189867
12233,0.5578981316552084,0.2920836906866015,0.46680738797571975,0.2658144409686069,0.09109074367948866
12235,0.5302226654093295,0.26139584730649407,0.4998902471377189,0.26882681810283543,0.030332418271610595
12240,0.19019803623757955,0.2712757313093439,0.1425499280997047,-0.08107769507176435,0.047648108137874845
12244,0.8899776175613943,0.6623065920990878,0.8956495086510553,0.22767102546230644,-0.005671891089661041
12245,0.39770662977940213,0.24401374149470398,0.4373106530631563,0.15369288828469815,-0.039604023283754175
12248,0.4464243369837392,0.19502868582017277,0.22917736585301507,0.25139565116356644,0.2172469711307241
12251,0.21346184366673518,0.209756770907487,0.2615685368317501,0.003705072759248168,-0.0481066931650149
12252,0.12122888322939936,0.02718907838425508,0.13425136671828472,0.09403980484514428,-0.013022483488885364
12254,0.1396814045342598,0.15027811846839215,0.07423165842968653,-0.010596713934132335,0.06544974610457328
12256,0.35522629040231596,0.12252275212824458,0.27885801073391897,0.23270353827407136,0.07636827966839699
12261,0.4925861196339047,0.32979963152241726,0.45156523538589044,0.16278648811148744,0.041020884248014255
12263,0.37903656221996573,0.23858903156862118,0.5006821837423133,0.14044753065134455,-0.12164562152234759
12264,0.47697040659957,0.311415119867008,0.5690760076776364,0.16555528673256203,-0.09210560107806642
12281,0.5911946328560156,0.3158065962879446,0.565739369044525,0.275388036568071,0.025455263811490547
12289,0.5079234816932972,0.4084233091325422,0.4119032751580792,0.09950017256075494,0.09602020653521798
12291,0.24421989278332418,0.08512150309164554,0.31515983764135375,0.15909838969167864,-0.07093994485802957
12293,0.4685876156038322,0.2516428171187794,0.49326279491437564,0.21694479848505283,-0.024675179310543416
12294,0.4433259817403434,0.29379880562853317,0.4083355649227897,0.1495271761118102,0.03499041681755366
12299,1.0858409611569422,2.055546695969362,1.3254683494597244,-0.9697057348124196,-0.23962738830278218
12306,0.45481836234021433,0.2467843804288753,0.33671810970834903,0.20803398191133904,0.1181002526318653
12308,1.0261159278160519,0.47985584953238025,1.0262568606907545,0.5462600782836716,-0.00014093287470262617
12310,0.595414956131472,0.2612112099751519,0.5610785520577192,0.3342037461563201,0.034336404073752824
12329,0.5907420859787772,0.4008418624403089,0.5087912187273425,0.1899002235384683,0.08195086725143474
12339,0.4643010903331021,0.23090196046280542,0.4379406625531766,0.23339912987029665,0.026360427779925477
12340,0.24298607434494088,0.14305492611758577,0.27730385664894586,0.0999311482273551,-0.03431778230400498
12343,0.4334243895162332,0.37927195828787696,0.35442722464232035,0.054152431228356224,0.07899716487391284
12354,0.5984361852119464,0.36216158862429015,0.6666550446887171,0.23627459658765626,-0.06821885947677064
12366,0.5909540824672636,0.3762128917791942,0.5494603568769011,0.21474119068806935,0.04149372559036246
12367,0.4675872465207845,0.39520704848375715,0.5520413222702444,0.07238019803702733,-0.0844540757494599
12376,0.43305733228221716,0.20272880627215492,0.4051761656040672,0.23032852601006223,0.027881166678149938
12377,0.5289908273162724,0.43458517585451395,0.7476422654437754,0.0944056514617585,-0.21865143812750298
1238,0.5462527251927058,0.3997592581055947,0.7382330427258815,0.14649346708711114,-0.19198031753317568
12381,0.4797543522137642,0.2021759420945771,0.45285366370411345,0.27757841011918716,0.026900688509650772
12383,1.0856184228724315,1.785732221470929,0.9770749049039789,-0.7001137985984975,0.10854351796845263
12392,0.46987905955686765,0.20375272780731357,0.38638526021537734,0.2661263317495541,0.08349379934149032
124,0.5333241751823989,0.2989752944627809,0.5972835077561458,0.234348880719618,-0.06395933257374686
12402,0.41181107787125937,0.2687505320738895,0.4413693958440682,0.14306054579736988,-0.029558317972808834
12409,0.6258515399455431,0.38759851465848416,0.6073638808988364,0.23825302528705894,0.018487659046706684
12413,0.07771681697265409,0.09510602396167557,0.05453003211963448,-0.01738920698902148,0.02318678485301961
12419,0.4603537217648591,0.3837759468867273,0.40415738063145995,0.07657777487813183,0.056196341133399164
12430,0.5552581647736233,0.3775238133371732,0.504628044738439,0.1777343514364501,0.0506301200351843
12436,0.43911603321916404,0.41605249508994924,0.4741490899459076,0.0230635381292148,-0.03503305672674356
12437,0.3044224837824281,0.23074565127269614,0.19222232961908534,0.07367683250973195,0.11220015416334275
12442,0.38142782563020977,0.4481719910512356,0.5731175379321374,-0.06674416542102585,-0.1916897123019276
12446,0.5413997377557472,0.23632715914587754,0.542269075467576,0.3050725786098697,-0.0008693377118287327
12452,0.3007339965463739,0.4509479427524273,0.3795894930872806,-0.15021394620605338,-0.07885549654090673
12453,0.3527494125707066,0.09059220678662686,0.3935817525908404,0.26215720578407975,-0.040832340020133806
12468,0.8367006550017283,0.4442107657905228,0.7588458944578567,0.3924898892112055,0.07785476054387164
12469,0.4870138772562995,0.2463183862885933,0.437170740473369,0.24069549096770623,0.04984313678293051
1247,0.23499798239307437,0.2396415984045712,0.42925366656807956,-0.004643616011496821,-0.1942556841750052
12473,0.32381774243537365,0.29445202531160053,0.4014974486999197,0.029365717123773116,-0.07767970626454607
1249,0.33641373341900754,0.23716497496975417,0.31453241422609163,0.09924875844925338,0.021881319192915916
12511,0.7959266949852182,0.4096198840572378,0.6865746750331658,0.38630681092798036,0.10935201995205235
1252,0.5486918860897274,0.35789971028540846,0.6368876567619678,0.19079217580431895,-0.08819577067224038
12526,0.7961890171461066,0.307127712938917,0.5778150048403581,0.4890613042071896,0.2183740123057485
12532,0.42503148091875076,0.4263896239841549,0.6486869535602812,-0.0013581430654041604,-0.2236554726415304
12536,0.7536405806509664,0.370305443451038,0.6971771176427379,0.3833351371999284,0.056463463008228465
12537,0.3941171228274699,0.2532883109843255,0.45867705696989064,0.14082881184314439,-0.06455993414242073
12548,0.15860986006744707,0.11674636648551878,0.2641833142018421,0.041863493581928285,-0.10557345413439503
12553,0.9640505990252621,1.3734739501689,1.1364278257931963,-0.4094233511436378,-0.1723772267679342
12558,0.49844224220039607,0.355208007061545,0.6710579491691431,0.14323423513885108,-0.172615706968747
1256,0.5078220477026582,0.9214763733244415,0.7213082547109849,-0.4136543256217834,-0.21348620700832677
12581,0.6621033772691967,0.3588226620354908,0.6794360659818807,0.30328071523370587,-0.017332688712684008
12582,0.1275888838363733,0.1667208098747719,0.14417436943188774,-0.0391319260383986,-0.016585485595514454
12604,0.10596174083334561,-0.006846511291491951,0.17662731173773535,0.11280825212483757,-0.07066557090438974
12606,0.7015641783892125,0.37251384675239574,0.5034618759251761,0.32905033163681674,0.19810230246403637
12607,0.5254860977369995,0.2539318935592393,0.45048394501310984,0.2715542041777602,0.07500215272388966
12608,0.8694690474014793,1.7366675093008808,0.8612197767677643,-0.8671984618994014,0.008249270633715056
12618,0.4914944036629358,0.2595521167649174,0.4869063576543797,0.23194228689801838,0.0045880460085561126
12623,0.5617650815778502,0.22454961888812253,0.4214536323782704,0.3372154626897277,0.14031144919957983
12629,0.31962403687821184,0.20908594322528773,0.3494494003873503,0.11053809365292411,-0.029825363509138447
12634,0.6408963960160534,0.3423379265362026,0.5792627175773432,0.2985584694798508,0.06163367843871026
1264,0.3530513201271215,0.1419355281035811,0.3295267835677023,0.2111157920235404,0.023524536559419162
1266,0.5606576622436249,0.4640859914627887,0.6050703199502929,0.09657167078083617,-0.044412657706668024
12672,0.265375918035155,0.26869915835455677,0.2118193171071385,-0.003323240319401788,0.05355660092801648
12675,0.13244502144036369,0.11994910040143178,0.022784602376520555,0.012495921038931906,0.10966041906384313
12685,0.7351443225724666,0.5345897051033792,0.9785519444941696,0.20055461746908743,-0.24340762192170295
12689,0.39545239853000635,0.1895084863324419,0.39124852767803964,0.20594391219756444,0.004203870851966718
12693,0.10958348201000072,0.4090313554060561,0.3237279190569389,-0.2994478733960554,-0.21414443704693814
12707,0.19006146601464483,0.06425704504186482,0.3093398943194127,0.12580442097278,-0.1192784283047679
12710,0.8719252820438205,1.3570633787042845,0.9460140702785619,-0.48513809666046404,-0.07408878823474141
12716,0.23349693384452744,0.1781701972538178,0.37294292735409496,0.055326736590709635,-0.13944599350956752
12717,0.7540397639646784,0.5530793675765665,1.0527303849160004,0.20096039638811192,-0.29869062095132193
12722,0.8063417260668463,0.33482955310986495,0.7502583601469412,0.47151217295698133,0.05608336591990504
12723,0.4392895305682105,0.24677947295538796,0.4759705796801687,0.19251005761282255,-0.036681049111958186
12724,0.9254452626621629,0.5493551903395284,0.7893511483865326,0.37609007232263447,0.13609411427563023
12736,0.6865686640320136,0.4833108275042186,0.6475097688116942,0.20325783652779494,0.039058895220319356
12745,0.9586869952363142,1.0994926719029854,0.9440206928942532,-0.1408056766666712,0.01466630234206101
12759,0.3866850450114625,0.3206423285260881,0.41405013861602763,0.06604271648537441,-0.027365093604565127
1276,1.217937346977047,0.4786991292226161,0.9336946018035198,0.7392382177544308,0.2842427451735271
12779,0.8144438466069854,0.5699388604793758,0.8412872951800985,0.24450498612760962,-0.02684344857311305
12789,0.1055900648723001,0.01367055926134329,-0.008386473922678732,0.09191950561095681,0.11397653879497884
12797,0.7216834446201004,0.46226303927779644,0.7102389992388144,0.25942040534230393,0.011444445381285973
128,0.4609359888953037,0.3247845055179997,0.46504420380633077,0.13615148337730398,-0.004108214911027086
12800,0.6033126101428786,0.3919102756524939,0.7351400346423674,0.2114023344903847,-0.1318274244994888
12802,0.7527193789403469,0.3301013769816983,0.7041858187961206,0.4226180019586486,0.04853356014422627
12813,0.5094208140993144,0.5658624894215467,0.5498025549262932,-0.05644167532223232,-0.04038174082697876
12814,0.35194439796052485,0.21026746448972802,0.28280360267501076,0.14167693347079682,0.06914079528551409
12817,0.20749501047742708,0.152457204950164,0.11214804568297912,0.05503780552726309,0.09534696479444796
12818,0.4001084479836353,0.16698121083961345,0.30813852205869036,0.23312723714402186,0.09196992592494496
12824,0.46398097315383113,0.3220384062819854,0.4827328693056061,0.14194256687184575,-0.01875189615177497
12835,0.7370618900000133,0.479417502230175,0.667364787267502,0.25764438776983833,0.06969710273251128
12838,0.42176948320596486,0.2027907713827592,0.3219468657387283,0.21897871182320566,0.09982261746723653
12839,0.25098538570457596,0.0048340078851887335,0.11450992233179917,0.24615137781938723,0.13647546337277677
12844,1.3020641160983126,2.040335033782463,1.2994474117434711,-0.7382709176841502,0.0026167043548415148
12846,0.5334524618748219,0.2805928237505637,0.6027543361123967,0.25285963812425816,-0.06930187423757483
12851,0.2274290670869526,0.18614422275397197,0.24260002264284594,0.04128484433298063,-0.015170955555893345
12856,0.3014227199410561,0.2279000158032104,0.3085944495187776,0.07352270413784573,-0.007171729577721497
12866,0.1844548721821407,0.0737504218994341,0.1923004370971677,0.11070445028270662,-0.007845564915026998
12869,0.6736465872509524,4.449980665031598,0.8535368437304108,-3.7763340777806453,-0.17989025647945844
12873,0.7834144869920493,0.45368987619453593,0.7280031192348495,0.32972461079751336,0.05541136775719979
12874,0.6975064646227982,0.3488131482122104,0.6342615874060145,0.3486933164105878,0.06324487721678373
12883,0.34009318736801775,0.18578696262249503,0.3639933248132991,0.15430622474552272,-0.023900137445281355
12905,0.47013011799932797,0.5484712091252082,0.6071000636386173,-0.07834109112588022,-0.13696994563928938
12908,0.7001327837170137,0.5055307664416193,0.6242204212718481,0.1946020172753944,0.07591236244516564
12930,0.35417951285663185,0.2593711772101552,0.46718349466674186,0.09480833564647667,-0.11300398181011001
12932,0.22894978834449975,0.2611766902950624,0.2180680376352746,-0.03222690195056266,0.010881750709225146
1294,0.1946474375445386,0.16261144181330767,0.33272582883111607,0.03203599573123092,-0.13807839128657748
12951,1.2604922300518104,0.8303619549271088,1.0061551824106776,0.4301302751247016,0.25433704764113285
12957,0.5129155168396492,0.22690418504051516,0.6725784394562083,0.28601133179913407,-0.15966292261655912
12961,0.49911756347571234,0.3088006273656341,0.4552673131605676,0.19031693611007827,0.04385025031514472
12963,0.6358663840824319,0.3104082020882807,0.5120132337273421,0.3254581819941512,0.12385315035508981
12972,1.192442083883008,0.7445112031743942,1.0029218369900588,0.44793088070861387,0.18952024689294933
12982,0.6776714058435698,0.37283243682384665,0.7866949277192594,0.3048389690197231,-0.10902352187568964
12986,0.849296976548998,0.6218152359209306,0.843188160624031,0.22748174062806747,0.006108815924967037
12987,0.5915741488863615,0.34982744120100673,0.5977358441026892,0.24174670768535478,-0.0061616952163277006
12999,0.49074508287532936,0.27384846923129996,0.4339345276703054,0.2168966136440294,0.05681055520502398
1300,0.5271352210639124,0.4632726848165039,0.5329783478298422,0.06386253624740851,-0.005843126765929796
1301,0.6728319665416046,0.6067196074159384,0.8540921399436058,0.06611235912566615,-0.18126017340200118
13016,0.25756838333385307,0.1613455346979095,0.30728207267265056,0.09622284863594358,-0.049713689338797495
13023,0.4425269295868077,0.3792668593029422,0.38753813806966486,0.06326007028386554,0.054988791517142865
13031,0.4226290792577653,1.197060021800501,0.5211542516414465,-0.7744309425427356,-0.09852517238368114
13035,0.5810700464253932,0.7343482688206184,0.6391333772018946,-0.15327822239522526,-0.05806333077650139
13040,0.6726432087359624,0.6095924105480065,0.6943552565481317,0.06305079818795589,-0.02171204781216929
13043,0.48764320415660667,0.4309345704813632,0.5099133406658067,0.05670863367524348,-0.022270136509200067
13044,0.5818192877861277,0.5839605598583342,0.5510395197977243,-0.0021412720722064904,0.030779767988403428
13064,0.6903800413202734,0.48170407996509496,0.6220561487507184,0.20867596135517846,0.06832389256955507
13067,0.6775937116313661,0.5184338287570508,0.7064914104997305,0.15915988287431526,-0.028897698868364463
13069,0.5905223304086085,0.5481718030645921,0.6162909287534573,0.04235052734401634,-0.025768598344848792
13074,0.552432121167894,0.42406866352046707,0.5153463576298953,0.1283634576474269,0.03708576353799864
13077,0.6795502366986068,0.40932739573809146,0.629989353764876,0.27022284096051535,0.04956088293373084
13078,0.480181842779838,0.22815219679639623,0.4597086385701043,0.2520296459834418,0.020473204209733697
1308,0.47623990128193117,0.19482743429159638,0.7063508504344645,0.2814124669903348,-0.23011094915253338
13083,0.3013811949565578,0.29885274100791104,0.3931904591400372,0.0025284539486467583,-0.0918092641834794
13099,0.8038864938317193,0.834796769621391,0.9130411150830827,-0.03091027578967176,-0.10915462125136344
13101,0.6432980991923851,0.5357735280953672,0.6722690426197526,0.10752457109701796,-0.0289709434273675
13102,0.6909331447642129,0.648079037097838,0.6790611848564374,0.042854107666374874,0.011871959907775453
13115,0.5697634944844265,2.2254686412265308,0.6020333123339544,-1.6557051467421042,-0.03226981784952787
13122,0.4196076526766765,0.269323596114228,0.5006961209107513,0.15028405656244848,-0.08108846823407484
13124,0.5784051827588063,0.5149609254482574,0.629593485698673,0.06344425731054881,-0.05118830293986676
13135,0.7179793342147708,0.3635744863570916,0.694354155947084,0.3544048478576792,0.02362517826768673
13140,0.5079739379825072,0.26817801112214656,0.5582393509842413,0.23979592686036066,-0.05026541300173404
13150,0.3349494649873435,0.026776878054412184,0.194463255230316,0.3081725869329313,0.14048620975702752
13154,1.2952259250701295,0.6474139516306636,0.799351655387897,0.6478119734394658,0.49587426968223247
13165,0.4473875381612352,0.21973400964012318,0.46689948434664075,0.22765352852111204,-0.019511946185405526
13166,0.387568645274058,0.36090046917410795,0.3212972941730222,0.026668176099950036,0.06627135110103577
13172,0.6142416390803646,0.6034524764975355,0.6142285017613603,0.010789162582829026,1.3137319004208337e-05
13175,0.37718403264231715,0.45579773463553913,0.4031083342407033,-0.07861370199322198,-0.025924301598386157
13177,0.5409916586576188,0.4180938299581465,0.39853330353144706,0.1228978286994723,0.14245835512617172
13178,0.6804362885444232,0.5134876605147075,0.6700784057406522,0.16694862802971566,0.010357882803770924
1318,0.5670066348513494,0.36014900319187115,0.4749726718658562,0.20685763165947824,0.09203396298549321
13181,1.0128267813445735,0.5502047409778058,0.8845676366536261,0.4626220403667677,0.12825914469094735
13186,0.4253634313346703,0.5029813999648887,0.48331237845518965,-0.07761796863021836,-0.057948947120519345
13188,0.6695698954698666,0.6220774022108757,0.8804465718301652,0.04749249325899085,-0.2108766763602986
13192,0.7893625119039162,0.5924145087272582,0.8126372516459794,0.19694800317665795,-0.02327473974206329
13197,0.44631957131922634,0.3433690812785084,0.36004489686771846,0.10295049004071793,0.08627467445150788
13199,0.361748355100295,0.17964725436666165,0.6623459482577945,0.18210110073363336,-0.30059759315749945
132,0.3444720450087238,0.12767682138293113,0.4745318766327431,0.21679522362579268,-0.1300598316240193
13206,0.45185908452821966,0.4363226177899129,0.5534401686524959,0.015536466738306776,-0.10158108412427624
13215,0.10946409568509194,0.10849006660617594,0.17734062612442378,0.000974029078916,-0.06787653043933184
13221,0.47116596553219586,0.3075135091101931,0.38232410885572876,0.16365245642200277,0.0888418566764671
13222,0.8182242787433323,0.5190385616386579,0.6327504201359823,0.29918571710467434,0.18547385860735
13223,0.3826921413063385,0.2035336527919965,0.3167618899379015,0.179158488514342,0.065930251368437
13242,0.4571223451864485,0.377999778531633,0.7979731444321745,0.07912256665481548,-0.340850799245726
13252,0.22319616575051507,0.234448655222196,0.28257443164547874,-0.011252489471680921,-0.05937826589496367
13255,0.6351961985181518,0.3906981123483952,0.6589314809428521,0.2444980861697566,-0.023735282424700355
13283,0.5105380121440714,0.3247953813273827,0.4510828677507047,0.18574263081668863,0.05945514439336663
13288,1.0894517773360575,0.8934352035950164,1.1249502757677938,0.1960165737410411,-0.03549849843173636
13297,0.49851876176883314,0.4113679139560145,0.661321366519756,0.08715084781281862,-0.1628026047509229
13298,0.6483508048173506,0.5538990554858687,0.7421941582675013,0.09445174933148193,-0.09384335345015071
13303,0.28784924173685955,0.11327278365195556,0.3183434252751163,0.174576458084904,-0.030494183538256725
13310,0.6477299678292974,0.6725612025449628,0.603554977949968,-0.024831234715665396,0.04417498987932933
13312,0.8838696848690211,0.5411460199743743,0.8159488785849034,0.3427236648946468,0.06792080628411767
13318,0.7914886780315754,0.6090307548157488,0.8322731417302309,0.18245792321582666,-0.040784463698655515
13330,0.629056157727193,0.39024189528526976,0.5887933121896097,0.23881426244192328,0.0402628455375833
13340,0.8043771004802002,0.3892772580566972,0.4174802855284109,0.41509984242350295,0.3868968149517893
13341,0.4840887842917549,0.3896439059144836,0.5390065127633302,0.09444487837727128,-0.05491772847157533
13342,0.6135122732325161,0.3131925127172593,0.4771493227966333,0.30031976051525683,0.1363629504358828
13346,0.5116236501167954,0.47806489913396555,0.512591686455497,0.0335587509828299,-0.0009680363387015722
13348,0.5797827173684352,0.3446038384341855,0.6366810040086941,0.2351788789342497,-0.056898286640258866
13359,0.9409263762517669,0.9201199831351408,0.7006711389375223,0.020806393116626132,0.24025523731424459
1336,0.42707761664461064,0.26539721696196805,0.3431359081573265,0.16168039968264258,0.08394170848728416
13361,0.7837365357031622,0.5626294150991408,0.8821938835051888,0.22110712060402138,-0.09845734780202664
13363,0.41855158336742865,0.3255774857012359,0.4807285956772002,0.09297409766619275,-0.06217701230977157
13370,0.7890226805096376,0.4755614147787359,0.6398411490278785,0.3134612657309017,0.14918153148175917
13372,1.2907345748660062,0.7658622428120352,0.8584690849149911,0.524872332053971,0.4322654899510151
13383,0.6047464443107584,0.7521057747906061,0.6331582936871024,-0.14735933047984773,-0.028411849376344
13391,0.6862118640728351,0.7671814459805543,0.8240835716636814,-0.08096958190771919,-0.13787170759084633
13400,0.8643100136505983,0.5957502724149509,0.6599497693222011,0.2685597412356474,0.20436024432839728
13404,0.4228767102479268,0.23685204501471807,0.37355365371936705,0.1860246652332087,0.04932305652855973
13407,0.33064481146257574,0.4358913519425723,0.4772044324700541,-0.10524654047999654,-0.14655962100747838
13411,0.9361224821013682,0.7415976721224565,0.9580325894853587,0.19452480997891164,-0.021910107383990574
13412,0.855669448557211,0.6589061701597496,0.7855118288634062,0.19676327839746144,0.07015761969380485
13439,0.6049355653791223,0.43493316020680967,0.5796436545264589,0.17000240517231263,0.025291910852663357
13451,0.6847792567058283,1.1126375631297458,0.7072380543069897,-0.42785830642391753,-0.02245879760116143
13457,0.45176383164171136,0.42559546869471937,0.5381498949192206,0.026168362946991985,-0.08638606327750925
13459,0.8761267241048001,0.6914761588920546,0.7713879798564903,0.18465056521274548,0.10473874424830976
13460,0.6530217519704441,0.5434645558281447,0.5968971800900511,0.10955719614229942,0.05612457188039299
13464,0.6257425757654747,0.49083289297856725,0.7895733312831016,0.1349096827869074,-0.16383075551762694
13467,0.5667024199153899,0.5667874229606072,0.48047029943779973,-8.500304521730229e-05,0.08623212047759021
13473,0.5446475444960209,0.46690104735298554,0.5757988705017067,0.07774649714303539,-0.03115132600568582
13486,0.481600190643932,0.3399748324283439,0.5046430067678722,0.14162535821558808,-0.023042816123940213
13487,0.7560422939239133,2.06494979746713,0.6316380399727325,-1.3089075035432167,0.12440425395118082
13491,0.3577766240812478,0.24127308477260379,0.3899796120133977,0.11650353930864399,-0.03220298793214993
13494,0.4694216082019049,0.2071494511029591,0.38591495513188157,0.2622721570989458,0.08350665307002336
13506,0.4996750029522538,0.2911673148940748,0.5246580831881552,0.20850768805817899,-0.0249830802359014
1351,0.6343477117148634,0.40268090953276603,0.6625031985982965,0.23166680218209734,-0.028155486883433167
13513,0.497690672411415,0.5113897575678017,0.5087822549804842,-0.013699085156386681,-0.011091582569069225
13516,0.5648223065508309,0.47149705864234326,0.507436833939478,0.09332524790848762,0.05738547261135285
1352,0.8673151914820993,0.5260034719696286,0.7400103998438873,0.34131171951247075,0.12730479163821207
13521,0.29849040009669653,0.228545010253213,0.24818573586520104,0.06994538984348353,0.05030466423149549
13524,0.9653962781498564,1.9189206466587656,0.7725871811931508,-0.9535243685089092,0.19280909695670556
13536,0.6806056793634382,0.4427785163720311,0.6808511720284753,0.2378271629914071,-0.0002454926650371503
13546,0.7633990009030104,0.6183135242470714,0.7325762528610997,0.14508547665593896,0.030822748041910653
13547,0.3443971395667835,0.32373761101124865,0.30292628103079305,0.020659528555534823,0.04147085853599042
13548,0.5192738732960118,0.39263867455601137,0.574124858633512,0.12663519874000045,-0.05485098533750021
13552,0.7491390020852393,0.7751329590445902,0.6982142570353927,-0.025993956959350917,0.050924745049846565
13554,0.5499884941138625,0.40561584390578476,0.47126703696832317,0.14437265020807777,0.07872145714553935
13567,1.0887971048819105,0.5575077092848781,1.3358592346116767,0.5312893955970324,-0.24706212972976616
13575,0.8842847244106893,0.7841654349029222,0.8063090735819756,0.10011928950776705,0.07797565082871372
13580,1.101685501112668,2.761768839909088,0.7176800642184388,-1.66008333879642,0.3840054368942293
13591,0.7188304534105966,3.930125947451042,0.7444472904671419,-3.2112954940404452,-0.025616837056545272
13592,0.591742003510069,0.3782263741859001,0.5755883922066665,0.2135156293241689,0.016153611303402537
1360,0.6389456427074383,0.3525973366961866,0.5817177036421185,0.28634830601125166,0.057227939065319755
13604,0.5513194545027449,0.30757548570782306,0.45776244292928275,0.24374396879492183,0.09355701157346213
13607,0.4387195486921483,0.32429051887173604,0.35845369604493676,0.11442902982041225,0.08026585264721153
13616,0.48404436471087425,0.37333828129401203,0.6294510620971573,0.11070608341686222,-0.14540669738628303
13618,0.4292057973118844,2.053342759546633,0.29938616173609445,-1.6241369622347486,0.12981963557578996
13619,0.6262326981320001,0.3500754086060521,0.5630423777434411,0.27615728952594804,0.06319032038855898
13625,0.6751326916812415,0.35412082858931226,0.6677743012866991,0.3210118630919292,0.007358390394542336
13630,0.6728282812011664,0.4198852442459806,0.6406450056384689,0.25294303695518583,0.03218327556269751
13636,0.8025616364629762,0.41697312231773437,0.6860861763812194,0.3855885141452418,0.1164754600817568
13639,0.8282937127906373,0.48155868247134875,0.8901098301689134,0.3467350303192886,-0.06181611737827608
13666,0.9073298135753638,0.3630060082232848,1.0123451150118903,0.5443238053520789,-0.10501530143652649
13679,0.39153775043059574,0.3089175782851637,0.3964076606014954,0.08262017214543205,-0.004869910170899661
13681,0.4424355735610032,0.32382781959014695,0.3294418381169773,0.11860775397085627,0.11299373544402591
13683,0.49427263400343247,0.24460134261081817,0.3605559335895646,0.2496712913926143,0.13371670041386785
13684,1.366850616120741,0.7340897141509526,1.4863885965982093,0.6327609019697884,-0.11953798047746833
13685,1.0206529598148038,0.5431630933002038,1.2411735830747874,0.4774898665145999,-0.22052062325998367
13688,0.6690718113277387,0.31324410232059735,0.8002361815825083,0.3558277090071414,-0.13116437025476957
13689,0.5536101226914815,0.5860626660363369,0.5731491434119473,-0.03245254334485548,-0.01953902072046587
13690,0.7271864014638931,0.5558398887188232,1.064289860155572,0.17134651274506996,-0.3371034586916788
13693,0.4298164291391317,0.22785422636200597,0.580518999259574,0.20196220277712573,-0.15070257012044225
13694,0.5434567710183578,0.5153055779276154,0.6890608868086732,0.02815119309074232,-0.1456041157903154
13705,0.4167519109291363,0.49148022840237116,0.7354266645662024,-0.07472831747323483,-0.3186747536370661
13706,0.6166208606545664,0.4653817195409672,0.820757363218936,0.15123914111359926,-0.20413650256436955
1371,0.4354085425752732,0.3266146620569753,0.36699184759960857,0.10879388051829791,0.06841669497566466
13714,0.28888651712488994,0.36785982104575393,0.29881134862011527,-0.07897330392086399,-0.009924831495225328
13717,0.6588615730581032,0.43567356537654667,0.6562708524200809,0.22318800768155656,0.002590720638022348
1372,0.5591183435724937,0.8517221616161604,0.6582399527646388,-0.29260381804366675,-0.09912160919214508
13722,1.2172983918553015,0.45222092404728653,1.3401916678661832,0.765077467808015,-0.12289327601088162
13734,0.3364995405533512,0.21598833406284812,0.48637281375922103,0.12051120649050306,-0.14987327320586985
13738,0.9498042699884904,0.43913832981572737,1.1048748872050629,0.5106659401727631,-0.15507061721657245
1374,0.813086085184709,0.410887299073872,0.7656949613381696,0.40219878611083704,0.04739112384653943
13740,0.9171826132343988,0.38639262317076756,1.1890605986867557,0.5307899900636313,-0.271877985452357
13741,1.06784558126645,0.4019744324787471,1.258736674538441,0.6658711487877029,-0.19089109327199094
13744,0.4717831589179787,0.5949712975476588,0.31993597849325384,-0.12318813862968009,0.15184718042472484
13754,0.6818898782365993,0.4025585333435898,0.9184029137725609,0.2793313448930095,-0.2365130355359616
13758,0.3011485188835358,0.27843926097108973,0.2926003395793647,0.022709257912446046,0.008548179304171066
13761,0.2874834923506659,0.2262383410415813,0.32383824144628937,0.06124515130908459,-0.03635474909562347
13762,0.6322422568540008,0.4464499353966727,0.6461275247388494,0.1857923214573281,-0.013885267884848562
13766,0.5113392232734207,0.44954722075759446,0.424670194588691,0.06179200251582628,0.08666902868472975
1377,0.5393325065115475,0.2978895228061091,0.4388198150098882,0.24144298370543843,0.10051269150165931
13774,0.45239241547371756,0.34149853557341936,0.47390015844495503,0.1108938799002982,-0.021507742971237476
13777,0.352908889205082,0.20786837714226522,0.2706496738465527,0.1450405120628168,0.08225921535852931
13780,0.5822357664661064,0.49769866035510996,0.5558115230779411,0.08453710611099646,0.02642424338816529
1379,0.5472291997090655,0.36214555911409585,0.6978564162459914,0.18508364059496962,-0.1506272165369259
13796,0.7580337727522146,0.41187617979383767,0.984846629748481,0.34615759295837695,-0.2268128569962664
13798,1.0037866109937597,0.5044196885478606,0.7890813987698174,0.4993669224458991,0.21470521222394223
13799,0.8377297650160614,0.46819252715606524,0.8906151282863182,0.3695372378599962,-0.052885363270256724
13819,0.37535048939403837,0.2860084625070981,0.38502288210690666,0.08934202688694026,-0.009672392712868294
13823,0.5504643115080705,0.5280903213172984,0.6833534896279273,0.02237399019077213,-0.1328891781198568
13847,0.9734878841185463,0.5297094456945486,1.2360653908858592,0.44377843842399767,-0.26257750676731295
13853,1.1817320103612625,0.6876316908549422,0.8694989376659065,0.4941003195063203,0.31223307269535605
13854,0.5050252943975901,0.40286776726553997,0.6374796924681865,0.10215752713205017,-0.13245439807059634
13855,0.05686630619739502,0.029229379947686828,0.08293846033753925,0.027636926249708194,-0.02607215414014423
13858,0.4872610272328544,0.3199266125507794,0.3196688450959477,0.167334414682075,0.16759218213690674
13863,1.0059960233692067,0.5898553615441523,0.8428724502928776,0.4161406618250544,0.16312357307632908
13867,0.4725926388183582,0.43555903812187763,0.4259753388867461,0.037033600696480595,0.04661729993161212
13869,0.7194570072818605,0.5283219677327967,0.9786882393278871,0.19113503954906375,-0.2592312320460266
13871,1.1229160112009413,0.6151274310702256,1.2026067804829277,0.5077885801307157,-0.07969076928198637
13881,0.4516691355707274,0.23076164795025433,0.45317910484777596,0.22090748762047308,-0.0015099692770485507
13888,0.5835856347239993,0.254294613811393,0.540990888135286,0.32929102091260626,0.04259474658871332
13895,0.5705506672498215,0.2822885278595376,0.594498355271119,0.2882621393902839,-0.023947688021297542
13896,1.3111308776331534,0.5001959482917883,1.538908640232911,0.8109349293413651,-0.22777776259975768
13900,0.8269072272716138,0.7332743680277685,0.8870163644174673,0.09363285924384535,-0.06010913714585353
13907,0.14027908022047667,0.3782250483236031,0.1150022110061858,-0.23794596810312643,0.02527686921429087
13908,0.4888459999116093,0.5257978512263851,0.6941701584954975,-0.0369518513147758,-0.20532415858388814
13926,0.8174525918674853,0.4704903806628743,0.8664536807147255,0.346962211204611,-0.04900108884724019
13927,0.7834815111282609,0.6975375874867918,0.6740396697161345,0.08594392364146908,0.10944184141212643
13929,0.4837563373503479,0.32056162771566227,0.5476843254459315,0.16319470963468563,-0.06392798809558359
13934,0.7466313449323879,0.38163465202325425,1.0106333472273645,0.36499669290913367,-0.2640020022949766
13966,0.8917003737066951,0.46728778780226127,0.9602122048976218,0.4244125859044338,-0.06851183119092674
13974,0.7321847574540601,0.5010054876264665,0.6949414185446534,0.23117926982759363,0.037243338909406676
13982,0.9357280858021684,0.48996555534603065,1.2556546669759707,0.44576253045613773,-0.31992658117380235
13983,0.11919231045792943,0.00770042114694917,0.1037328892022449,0.11149188931098025,0.01545942125568453
13984,0.37899440484348346,0.2450400062964392,0.44052781520459405,0.13395439854704425,-0.061533410361110596
13986,0.7465728534487697,0.5430220074848912,0.8667880485017441,0.2035508459638785,-0.1202151950529744
13997,0.5847608366459185,0.4794256833332367,0.5449388258259057,0.10533515331268178,0.0398220108200128
14,0.357175161561058,0.49492264621671406,0.4096326692412002,-0.13774748465565606,-0.05245750768014218
1400,0.44536480169529963,0.16700745605054818,0.37874399222997557,0.27835734564475145,0.06662080946532406
14000,0.07049210911765032,0.09667008464669082,0.19812022952773517,-0.026177975529040498,-0.12762812041008487
14001,0.47119314011038227,0.3658494416397931,0.38472248106880796,0.10534369847058916,0.0864706590415743
1401,0.7883676527446739,0.35641798068760866,0.6728238023643743,0.43194967205706525,0.11554385038029957
14011,0.7306810704302409,0.4036835998883896,0.6017581161380775,0.3269974705418513,0.12892295429216338
14015,0.47161959345445187,0.38383141317891417,0.4689805128172852,0.0877881802755377,0.0026390806371666686
14023,0.5186997524157998,0.6680270337158012,0.68679629609546,-0.1493272813000014,-0.1680965436796602
14025,0.6606927729350379,0.5398226570725482,0.5555456057045175,0.12087011586248975,0.10514716723052042
14026,0.866167287268287,0.5435036970482715,0.7975235549143906,0.32266359022001545,0.06864373235389631
14029,1.0321600105928364,0.5096603552675874,1.2038082691801686,0.522499655325249,-0.17164825858733224
14033,0.672897973939602,0.5804074210895828,0.7365860591983031,0.09249055285001928,-0.06368808525870107
14038,0.4534059233174252,0.34161353921370724,0.4950316635514775,0.11179238410371795,-0.0416257402340523
1404,0.2603583729070103,0.09354140429518083,0.24024799493854562,0.16681696861182949,0.020110377968464682
14040,0.42987056608870255,0.35874720944340005,0.43127940656669334,0.0711233566453025,-0.0014088404779907804
14044,0.7752301754210734,0.6352783703386157,1.0134505411549533,0.13995180508245775,-0.23822036573387984
14053,0.7143755820328137,0.5329942285171643,0.7152886840073942,0.18138135351564943,-0.0009131019745804991
14063,0.6040948527970942,0.3288162500374915,0.6210898843390108,0.2752786027596027,-0.016995031541916616
14071,0.6307075415285833,0.5151858466089461,0.8141064953922775,0.11552169491963726,-0.1833989538636942
14074,1.2439129307560757,0.6953658507965703,1.1982429046694967,0.5485470799595054,0.045670026086578996
14083,0.46740191459380626,0.3490364293827994,0.4911717693926158,0.11836548521100687,-0.023769854798809553
14090,0.999143347166041,0.6962173096146107,1.007937335172996,0.3029260375514303,-0.008793988006955078
14096,1.241139105928341,0.8382036994743559,0.8767792083515635,0.40293540645398507,0.36435989757677745
14101,0.05134961726175957,0.04809322547310464,0.16779250254952574,0.0032563917886549304,-0.11644288528776617
14115,0.5760623115480893,0.632016366019862,0.5424644181903113,-0.05595405447177271,0.033597893357777964
14116,0.6218167155020239,0.9292608966004873,0.6840332659905424,-0.3074441810984634,-0.062216550488518485
14117,0.5041866399284972,0.2234132661981233,0.4132987284328904,0.2807733737303739,0.09088791149560682
14118,0.7680276330941033,0.48473247085353527,0.7745565312718397,0.283295162240568,-0.006528898177736386
14126,0.39647348877370914,0.23839572226963746,0.49899788300525255,0.15807776650407168,-0.10252439423154341
1413,0.976537650100637,0.4359129307735181,0.6600226733080412,0.5406247193271189,0.31651497679259577
14130,1.0030693916610154,0.44875586130836914,0.853053231434795,0.5543135303526463,0.15001616022622044
14138,0.3219061642996761,0.3033379066436864,0.3437586279862048,0.01856825765598974,-0.02185246368652871
14142,0.8477757298908187,0.41241965383001555,0.9252189050337432,0.4353560760608032,-0.07744317514292443
14147,0.6086477643630974,0.4786208303546753,0.6087252721876174,0.13002693400842213,-7.75078245199845e-05
14150,0.3163122856915068,0.3494498950970125,0.36351407831491694,-0.0331376094055057,-0.04720179262341012
14151,0.5567595768421342,0.3654345444197694,0.5920476600773955,0.19132503242236476,-0.035288083235261336
14154,0.8653073327096421,0.5069077717858813,0.7997492101199141,0.3583995609237608,0.06555812258972804
14163,0.6516458925831617,0.5782952806727607,0.8488345224420777,0.07335061191040104,-0.19718862985891594
14169,0.39935401595278275,0.3372541694952749,0.4327241078675716,0.062099846457507824,-0.033370091914788846
14170,0.5178341822722086,1.8953643177643702,0.4334149516433116,-1.3775301354921616,0.08441923062889695
14179,0.7064505565353768,0.4563981658731056,0.7984142427144604,0.2500523906622712,-0.09196368617908357
14189,0.747345096741006,0.37057313535526093,0.8036255021675576,0.3767719613857451,-0.05628040542655155
14190,0.6155200662153888,0.29806562968305256,0.5683959220535963,0.31745443653233624,0.04712414416179245
14214,0.40286400876207,0.5315456193035959,0.7704168988923746,-0.12868161054152588,-0.3675528901303046
14223,0.5568604587842001,0.5706277783801998,0.6428286413243762,-0.01376731959599975,-0.08596818254017613
14228,1.491246687808961,0.6765203037379323,1.4933087562008398,0.8147263840710287,-0.002062068391878835
14229,0.8349661037613326,0.7098953204753252,0.6915473394530217,0.1250707832860074,0.1434187643083109
1423,0.3296711029002979,0.1465424086015857,0.28194914408473143,0.18312869429871217,0.047721958815566456
14239,1.228427114472651,0.5610720829329204,1.3616693096700287,0.6673550315397306,-0.13324219519737768
14241,1.1894917803134553,0.501877118782951,1.2794879702228403,0.6876146615305042,-0.08999618990938507
14243,0.4748284606847244,0.6751282395024074,0.6786770014233479,-0.20029977881768302,-0.20384854073862346
14246,0.6135282918144122,0.500539782007174,0.7592757715004934,0.11298850980723818,-0.14574747968608126
1425,0.5272009089070565,0.2863832542165296,0.4646338340731806,0.2408176546905269,0.06256707483387591
14253,1.1380405165699616,0.6274567280033448,1.2671365509898496,0.5105837885666168,-0.12909603441988793
14268,0.530616118885458,0.373021831371917,0.3041593991113503,0.157594287513541,0.2264567197741077
1427,0.715416848115917,0.470562779382326,0.745506943471283,0.244854068733591,-0.030090095355365998
14272,0.4471734070846703,0.36938947549524537,0.5739725880176599,0.07778393158942493,-0.12679918093298964
1428,0.910050649550608,0.314025810038078,0.6641365501111559,0.59602483951253,0.24591409943945208
14283,0.46055887191333783,0.16048713087353147,0.4949480510285232,0.3000717410398064,-0.03438917911518535
14304,1.1394676239406263,0.5316879004431964,1.3768142873611053,0.6077797234974299,-0.23734666342047905
14306,0.981608968309532,0.7075957258205618,1.0086425999082833,0.2740132424889702,-0.027033631598751273
14308,0.6352717044589157,0.4763393593194153,0.5928570439964879,0.15893234513950039,0.04241466046242781
14315,0.8130141023573748,0.4881330876889802,0.7738420851437179,0.3248810146683946,0.03917201721365693
14316,0.18171277052048593,0.2468170492442995,0.2660615571424293,-0.06510427872381358,-0.08434878662194337
14317,0.6409377915177087,0.3880312347223209,0.7186123511226362,0.2529065567953878,-0.07767455960492753
14323,0.5911022268619209,0.5076709820074975,0.7237229462155806,0.08343124485442344,-0.1326207193536597
14330,0.5577648234304281,0.30235364982858187,0.4943423827726581,0.25541117360184623,0.06342244065777003
14339,0.5996625083697993,0.47974452220668834,0.6287788884928689,0.11991798616311095,-0.029116380123069607
14342,1.094192763165937,0.48960670078268664,1.0323282672562386,0.6045860623832503,0.061864495909698336
14347,0.385262310215993,0.27697292460056,0.3677716115185893,0.108289385615433,0.017490698697403717
14348,0.6149028375427591,0.42195869769709726,0.5010418287611507,0.19294413984566183,0.11386100878160843
14354,0.8309978236350768,0.6580782489055408,1.2265123853747966,0.172919574729536,-0.39551456173971977
14355,0.4428863802830614,0.34126992334330986,0.3975409567163841,0.10161645693975152,0.045345423566677256
14356,0.6376148470848924,0.4147502103698677,0.5285159576835671,0.22286463671502466,0.10909888940132528
14367,0.7207603543440538,0.7021978520721094,0.755762353162914,0.018562502271944448,-0.035001998818860125
14368,0.9194731302368486,0.6994467172370663,0.6962207407053888,0.22002641299978232,0.22325238953145987
14370,0.41320560383663024,0.3982270097160149,0.7686368827118915,0.014978594120615363,-0.3554312788752612
14378,0.5227141091331576,0.3048510080951202,0.6790125816956519,0.2178631010380374,-0.1562984725624943
14382,0.5027123916816358,0.28043488918380904,0.4477020151304161,0.2222775024978268,0.055010376551219764
14395,1.0153747578282355,0.7493622983668912,0.904348586813873,0.26601245946134433,0.11102617101436252
1440,0.32235704852951674,0.11195724558925783,0.30346312653510527,0.2103998029402589,0.018893921994411478
14406,0.8540324023692772,0.5323606744681343,0.8850507908160764,0.32167172790114296,-0.03101838844679916
14412,1.3888234722255477,0.836016997473534,1.1322521747977,0.5528064747520137,0.2565712974278478
14414,0.9634815374734083,0.7239569175269266,0.8249158194473748,0.23952461994648166,0.13856571802603346
14417,0.9557303237981651,0.6167974105588174,0.8612258097375168,0.3389329132393477,0.0945045140606483
14418,0.5499637823013573,0.6147572354005653,0.5944240053527216,-0.06479345309920792,-0.04446022305136421
14419,0.6326565687084964,0.3443645167671923,0.3904681174541846,0.2882920519413041,0.24218845125431182
14429,0.5178981745830283,0.6024222742371692,0.6256416436952712,-0.08452409965414087,-0.10774346911224286
14437,1.2458722387413346,0.4917161055880546,1.3770183947019254,0.75415613315328,-0.13114615596059087
14440,0.5877162380714478,2.7540394453142665,0.6440422491571849,-2.1663232072428187,-0.05632601108573709
14442,0.3848110377158026,0.27689600668672826,0.41463557322915817,0.10791503102907435,-0.029824535513355566
14444,0.9496645227273177,0.6324648501712609,0.7521976218291853,0.31719967255605686,0.19746690089813246
14449,0.526278947417636,0.2713352712703233,0.43504024903285743,0.2549436761473127,0.0912386983847786
14453,1.1152367980658526,0.46451827056006445,1.4129574095889117,0.6507185275057882,-0.29772061152305906
14457,0.3577561109135407,0.3639684037108058,0.4214110459367204,-0.006212292797265095,-0.0636549350231797
14461,0.7638662666584475,0.5333259672814309,0.7751183923009495,0.2305402993770166,-0.011252125642501998
14465,0.31611305243460636,0.2537865990176313,0.297681493797004,0.06232645341697507,0.018431558637602374
14473,0.7694393725298209,0.3507713062321675,0.8291083168162103,0.41866806629765335,-0.05966894428638947
14475,0.9517923652686904,0.6128619007783308,1.0282830324394638,0.3389304644903596,-0.07649066717077346
14481,0.7452168734863261,0.7722070828377982,1.0245872390272617,-0.026990209351472005,-0.27937036554093553
1449,0.6846313324631956,0.42868055496621155,0.42457087923952014,0.2559507774969841,0.2600604532236755
14490,0.5836851991886144,0.45270698401808174,0.6209136463857763,0.13097821517053265,-0.037228447197161896
14498,1.040550356177159,0.7941976398091102,0.8406228015876784,0.24635271636804879,0.19992755458948053
14504,0.5347434339243579,0.46469548925956783,0.5030260714547287,0.07004794466479003,0.031717362469629196
14505,0.8189878033659392,0.826229649739113,0.9719631436838507,-0.00724184637317371,-0.1529753403179115
14508,0.49083356425845964,0.3802620057030457,0.5245753527651695,0.11057155855541395,-0.03374178850670989
14509,0.6075186671579642,0.39315407505419847,0.5870117315984407,0.21436459210376574,0.020506935559523543
1452,0.36907909777116005,0.15667592690196844,0.2990402759351905,0.2124031708691916,0.07003882183596954
14526,0.9686102270829572,0.5059850375677857,1.2193600609400186,0.4626251895151715,-0.2507498338570614
14530,0.9003489159051931,0.2971815497287924,0.9832590648095277,0.6031673661764007,-0.08291014890433468
14539,0.6949179435421294,0.5770080882082336,0.9957069825670574,0.11790985533389586,-0.30078903902492793
1454,0.211889581769736,0.14596692194325744,0.27860332986302333,0.06592265982647855,-0.06671374809328734
14544,1.006674883151782,0.4877882922223497,1.1577675089000856,0.5188865909294322,-0.15109262574830362
14545,0.33664484851078913,0.15278203816982888,0.4235479351877747,0.18386281034096025,-0.0869030866769856
14549,0.44077330355988265,0.24258437547868342,0.4293535169204652,0.19818892808119923,0.01141978663941745
14553,0.5858784102325502,0.5089136897478281,0.8157841202753651,0.07696472048472203,-0.2299057100428149
14555,1.0591746618070943,0.6026736670135824,0.9199120731008213,0.4565009947935119,0.13926258870627295
14564,0.8841102481914539,0.5618987381298952,0.7880194253844037,0.3222115100615587,0.09609082280705017
14567,1.6743370699575844,1.0205529473406019,1.0627452454995163,0.6537841226169825,0.611591824458068
1458,0.5141691348094656,0.29895164641272937,0.6017990299215992,0.2152174883967362,-0.0876298951121336
14585,0.5321913410311614,0.4380556190181092,0.5725640931377095,0.0941357220130522,-0.040372752106548115
14591,0.3581506738162835,0.28600967452169795,0.42665773866047096,0.07214099929458556,-0.06850706484418745
14592,1.0187624879205426,0.6464289934708569,0.6720315850665489,0.37233349444968566,0.34673090285399366
14597,0.6420935202018346,0.389236115314872,0.6326140967672046,0.2528574048869626,0.009479423434630041
14599,1.345933207200272,0.6010076163064748,1.565775082240222,0.7449255908937973,-0.21984187503995
14601,0.45362117966495735,0.4407350276818585,0.560406076320766,0.012886151983098837,-0.10678489665580865
14605,0.3995387752963924,0.20633063700732893,0.3959037982348443,0.1932081382890635,0.003634977061548139
14608,1.0283166166479545,0.5745153553651958,0.7212201272591268,0.45380126128275866,0.3070964893888277
14615,0.3241918870448737,0.41604301755193257,0.49983475088472573,-0.0918511305070589,-0.17564286383985206
14620,1.356028557844999,0.945691611624042,1.6375187243184925,0.41033694622095707,-0.28149016647349345
14622,0.45833398832997596,0.299850266967304,0.6440049823567296,0.15848372136267197,-0.1856709940267537
14644,1.0520819131694634,0.5290382383355385,1.2599143027389301,0.5230436748339249,-0.2078323895694667
14646,0.09237742159940626,0.06866980623957245,0.07790752223135128,0.023707615359833817,0.014469899368054984
14648,0.3910815525936141,0.2177517272826607,0.39593327623419866,0.1733298253109534,-0.00485172364058456
14653,0.807924735454294,0.6723511221384904,0.7858914581984401,0.13557361331580364,0.02203327725585391
14658,1.022856964134498,0.4819549664145009,1.1881315929183678,0.5409019977199971,-0.16527462878386978
14661,0.6106873842906492,0.625942530134691,0.5630750079791497,-0.015255145844041862,0.047612376311499505
14668,0.30933666904772006,0.39958929391033887,0.3443305181527267,-0.09025262486261881,-0.034993849105006636
1467,0.17536386078108096,0.058009385878235974,0.12329111450618725,0.11735447490284498,0.05207274627489371
14673,0.5436843584729888,0.3161590218980397,0.5713751122473305,0.2275253365749491,-0.027690753774341714
14683,0.3385573322464002,0.1897833169768787,0.30380709635870473,0.14877401526952153,0.03475023588769549
14684,0.7044106647424578,0.8442040687154984,0.9873053885934854,-0.13979340397304052,-0.28289472385102754
14690,0.7195412624641631,0.5728125685110411,0.7756954617312414,0.14672869395312194,-0.05615419926707832
14700,0.49824512137607074,0.35647816838088797,0.4441923120734556,0.14176695299518277,0.054052809302615135
14701,0.7166730330771949,0.3503825509945818,0.4847235239200466,0.36629048208261306,0.2319495091571483
14705,0.5022692677889472,0.3168392783199978,0.5477282922187248,0.1854299894689494,-0.04545902442977756
14706,0.21738928808288807,0.17214647554811136,0.3247301104296742,0.045242812534776716,-0.10734082234678613
1474,0.7009254294377512,0.49232358011068167,0.5631077443415118,0.2086018493270695,0.13781768509623937
14742,0.5000200394304964,0.310467694102069,0.45650913977236846,0.18955234532842746,0.04351089965812799
14746,0.5919772758518034,2.703449625514737,0.5824515039887517,-2.1114723496629333,0.009525771863051702
14757,0.6600547299356173,0.4814123455285323,0.7367383734704874,0.17864238440708502,-0.07668364353487012
14761,1.0295331635334104,0.7519710909139118,0.9408521901790767,0.2775620726194986,0.08868097335433367
14762,1.2123332095184554,0.468997287668562,1.440220846505215,0.7433359218498934,-0.22788763698675973
14763,1.13720261028375,0.5366564547544189,1.136155055629353,0.6005461555293311,0.0010475546543970982
14767,0.6814054132849728,0.5826077751733234,0.9734174705200032,0.09879763811164943,-0.2920120572350303
14770,1.3374776649798634,0.7838593749292209,1.0376966564438104,0.5536182900506426,0.29978100853605305
14787,0.8784969560170242,0.590234842887895,0.7925041869887178,0.2882621131291292,0.08599276902830633
14791,0.5300089801992249,0.6445438675265664,0.6361381481773078,-0.11453488732734152,-0.10612916797808292
14792,0.41992262908690353,0.2633360465032436,0.47866551435842236,0.15658658258365993,-0.05874288527151883
14794,0.43705191670572885,0.5270738313347072,0.44810243536648897,-0.09002191462897835,-0.011050518660760122
14817,0.6520801458047726,0.31470820222324386,0.6345932398556924,0.3373719435815287,0.0174869059490802
14820,1.1301040852654332,0.45504066233796076,1.2388849339071843,0.6750634229274723,-0.1087808486417512
14822,0.19724181887161613,0.20209991849167844,0.3045259005171196,-0.004858099620062312,-0.10728408164550346
1483,0.2833222086835513,0.11986529609636483,0.2986939655394389,0.16345691258718648,-0.015371756855887597
14838,0.5808786627947665,0.40253424204667054,0.5428158530224372,0.17834442074809598,0.03806280977232934
14857,0.6350915676999176,0.492245856034445,0.798441930773353,0.1428457116654726,-0.16335036307343542
14859,0.688049607042487,0.24067358266117694,0.8797987024839844,0.44737602438131,-0.19174909544149743
14874,0.7853777082727497,0.5122332146007281,0.8805150139044916,0.27314449367202154,-0.09513730563174194
14877,0.6922923545405022,0.5300915849765826,0.9697528035718341,0.1622007695639196,-0.27746044903133193
14879,0.8850322902250062,0.7679741666832239,0.8158958837910973,0.11705812354178224,0.06913640643390884
14884,0.7210631248702596,0.6655927742963478,0.7778589371270014,0.05547035057391181,-0.056795812256741796
14889,0.6631130735561237,0.3937818659842931,0.7240140566195225,0.2693312075718306,-0.06090098306339875
1489,0.3273644157010792,0.15416721821842533,0.31821934828354376,0.1731971974826539,0.009145067417535457
14891,0.6360459400333448,0.3988121118511799,0.5774085812501184,0.23723382818216493,0.0586373587832264
14904,0.8035615615116677,0.6202110229239279,0.6720657253431208,0.18335053858773975,0.13149583616854688
14912,0.5668037835089332,0.5203036977738967,0.553542628010678,0.0465000857350365,0.01326115549825524
14917,0.633655086240248,5.60678570864936,0.6410963495993452,-4.973130622409112,-0.007441263359097228
14919,0.7128136450792426,0.4298527278161181,0.6927126112836369,0.2829609172631245,0.020101033795605683
14925,0.9130368370408648,0.4428722540983399,0.8465282634021719,0.4701645829425249,0.06650857363869289
14926,0.9726186325779773,0.53191842453398,1.029589172151709,0.44070020804399734,-0.05697053957373166
14928,1.2189090937739748,0.3332534480490179,1.3060407444775781,0.8856556457249569,-0.08713165070360329
14933,0.7513841239747026,0.5173339476710668,0.8131901069850229,0.23405017630363578,-0.061805983010320364
14939,0.7039839961435471,0.4396642819884908,0.6071376274481644,0.26431971415505634,0.09684636869538277
14958,0.27174123542676554,0.11072495619134007,0.19340818938020315,0.16101627923542547,0.07833304604656238
14963,0.5055153322649172,0.23981792755753678,0.2928220388788085,0.2656974047073804,0.2126932933861087
14967,0.5449771593943181,0.3920503531727589,0.6225830343051552,0.15292680622155924,-0.07760587491083704
14973,1.1751788163180996,0.5540259911493991,1.3750336318194338,0.6211528251687005,-0.19985481550133422
14981,1.0338043342853307,0.8121756656431836,0.8549617243424725,0.22162866864214714,0.17884260994285817
14994,0.5933299447202044,0.37047515935148645,0.5382548059191464,0.22285478536871794,0.055075138801057966
14995,0.7028465476781481,0.6892911288361567,0.9023854776450009,0.013555418841991407,-0.19953892996685274
150,0.7488685274657825,0.4883748991093046,0.6534098030530108,0.2604936283564779,0.0954587244127717
15010,1.1157480073077628,0.4344598732077044,1.2173054613539989,0.6812881341000584,-0.10155745404623606
15020,0.5696583575011822,0.4349204192980867,0.49666990480881296,0.1347379382030955,0.07298845269236925
15032,1.2600658515266308,0.5568801370140459,1.2943338738046413,0.7031857145125848,-0.03426802227801051
15039,1.0219807742751894,0.6659615004679793,0.8352270303121802,0.3560192738072101,0.18675374396300926
15055,0.7352477862993959,0.5964349685951279,0.8268233560155721,0.138812817704268,-0.0915755697161762
15056,0.5761027251272016,0.3253364317055317,0.5316800676649308,0.2507662934216699,0.04442265746227081
15062,0.5433781848113333,0.4535076498030104,0.6172711628321446,0.08987053500832287,-0.0738929780208113
15075,0.7405851463121239,0.5481774786525806,0.668418535102491,0.1924076676595433,0.07216661120963286
1509,0.6598173112399714,0.5562106507728769,0.5633778299001951,0.10360666046709455,0.09643948133977631
15092,0.7311244566202535,0.5102729529193588,0.5370793473072543,0.22085150370089468,0.19404510931299923
15094,0.6905933682945072,0.4391762370664501,0.5275382540009989,0.25141713122805714,0.16305511429350839
15095,0.4255070082613917,0.2635555955257453,0.48309684539407916,0.1619514127356464,-0.05758983713268745
151,0.28054457460491766,0.3236740989826225,0.284543193332792,-0.04312952437770484,-0.003998618727874326
1510,0.14039415704058045,0.2627517239222106,0.19045582382357093,-0.12235756688163013,-0.05006166678299048
15109,0.7736094177122836,0.5450781747603314,1.124447500105751,0.22853124295195226,-0.35083808239346737
1511,0.6030195599533217,0.35296472608676505,0.6195805375024358,0.25005483386655664,-0.01656097754911412
15113,0.6545258177239999,0.5555900393635512,0.7057182216292485,0.09893577836044865,-0.051192403905248596
15124,1.1497759071095535,0.47047452464874046,1.0099821516408087,0.679301382460813,0.13979375546874473
15127,0.3601635153493712,0.1662394008171567,0.32696654824426835,0.19392411453221448,0.03319696710510284
1513,0.972458508417923,0.805387184483698,1.187943722081836,0.16707132393422508,-0.21548521366391304
15133,0.36962444718744275,0.30669427436403507,0.22635477190264305,0.06293017282340768,0.1432696752847997
15137,0.7506994163816699,0.7455235487000871,0.7007569696819796,0.005175867681582846,0.04994244669969028
15138,0.7463781775982794,0.556332566303326,0.8120801734186801,0.19004561129495345,-0.0657019958204007
15155,0.7109613357083735,0.4410740408592379,0.5861671876506419,0.2698872948491356,0.12479414805773159
1516,0.6471215498965257,1.5694283119540409,0.7784386256811039,-0.9223067620575152,-0.13131707578457819
15166,0.6048687662600101,0.3239808567888557,0.5160052576315389,0.2808879094711544,0.08886350862847114
15177,1.1409664011171812,0.6804274101676696,0.9117280583761912,0.46053899094951156,0.22923834274098998
15181,0.6289856001168153,0.43686149566071014,0.6799456606006719,0.19212410445610512,-0.050960060483856595
15185,0.7439291145254792,0.34395649840327674,0.5140872964301378,0.3999726161222024,0.22984181809534132
15186,0.5753320367567881,0.9758147021406886,0.5218969401292247,-0.4004826653839004,0.053435096627563405
15187,0.7528509379831453,0.522717367076552,0.6961801951147716,0.23013357090659325,0.0566707428683737
15197,0.759383234179904,0.5877242958963159,0.6961307732502277,0.17165893828358814,0.0632524609296764
15199,0.27055642343316777,0.25560196976162125,0.32860692272832476,0.01495445367154652,-0.05805049929515699
15200,0.7959559470343589,0.4312091267820447,0.6156813375695549,0.3647468202523142,0.180274609464804
15203,0.5734281937349056,0.4729139561137122,0.5083426815819628,0.10051423762119344,0.06508551215294278
15205,0.674336393997689,0.719739942716803,0.4861372335640229,-0.045403548719114006,0.18819916043366608
15208,0.8984626323061321,0.44162578794783436,0.6224321848557568,0.45683684435829774,0.2760304474503753
15213,0.3735018521668962,0.4301499877921516,0.5715205710285168,-0.05664813562525539,-0.19801871886162065
15214,0.41030491759344245,0.24492800065771556,0.36558764626476487,0.1653769169357269,0.04471727132867759
15216,0.526531138256651,0.17885379376597502,0.4100057316261927,0.347677344490676,0.1165254066304583
15225,0.5925617501683068,0.5090591967412533,0.6925757035656201,0.08350255342705348,-0.10001395339731334
15229,0.8891357134740507,0.4704519977303673,0.5957843614668562,0.41868371574368346,0.29335135200719453
15231,0.8262756772609425,0.5621547549611131,0.7053075614241511,0.2641209222998294,0.12096811583679146
15249,0.5210835211075647,0.36198334760538164,0.35872880309009325,0.15910017350218308,0.16235471801747148
1527,0.3892968694689455,0.04535509873993342,0.3006003925304644,0.34394177072901205,0.0886964769384811
15271,0.8217041135945123,0.47648963893464635,0.6806553331269072,0.345214474659866,0.14104878046760516
15274,0.6331201680760455,0.4871673549550926,0.6462560991166153,0.14595281312095293,-0.01313593104056976
15275,0.9556556455398011,0.5547812777720696,0.665432408548264,0.40087436776773144,0.29022323699153707
15276,1.0150454920181669,0.5300949296650795,0.7904469540881611,0.4849505623530873,0.22459853793000573
15280,0.8653294571982794,0.546498074615259,0.6387793888124792,0.31883138258302035,0.22655006838580016
15289,0.35996105560786146,0.218597616750281,0.4032439002974241,0.14136343885758046,-0.043282844689562616
15296,0.6348877802591207,0.4316417899726516,0.5537246640655786,0.2032459902864691,0.0811631161935421
15298,0.7741810485088402,0.6994916098991882,0.8203114734791755,0.07468943860965194,-0.04613042497033537
15304,0.9526025792699092,0.4524087900925587,0.7055720890583,0.5001937891773505,0.24703049021160917
15305,0.23020736916533605,0.1433835220265839,0.2561300772676946,0.08682384713875216,-0.025922708102358555
15311,0.7213393009288604,0.4165004356446229,0.5452839673441843,0.30483886528423754,0.17605533358467618
15318,1.178484304394171,0.5036066817679409,1.1946876809115716,0.6748776226262302,-0.01620337651740056
15321,0.4319370900474177,0.39835970750401356,0.6001374018215158,0.033577382543404144,-0.16820031177409805
15326,0.47700995941968277,0.44115352484125486,0.44226617532852747,0.03585643457842791,0.034743784091155305
1533,0.42936735316910624,0.3080863480151749,0.4234270736697656,0.12128100515393131,0.005940279499340617
15333,0.4595471652083094,0.17632167770772414,0.2305103516882154,0.2832254875005853,0.229036813520094
15337,0.9904097454422494,0.5840058692297718,0.7888092112600892,0.40640387621247753,0.20160053418216017
15345,0.7416765726549891,0.47274492185855915,0.682904358946423,0.26893165079642994,0.05877221370856611
15348,0.9946899849607299,0.45639761243884003,0.6904853414078829,0.5382923725218899,0.30420464355284704
15350,0.4979236548523203,0.6747743278584838,0.31629650592863867,-0.17685067300616347,0.18162714892368165
15358,0.88464352004519,0.5826346238881611,0.72033591893716,0.30200889615702886,0.16430760110803
15359,0.8829310825298763,0.45877080694576644,0.7376059351805441,0.42416027558410985,0.14532514734933222
15364,0.7371832044218525,0.3691926554113917,0.6602675091294901,0.3679905490104608,0.07691569529236242
1537,0.48377250785713577,0.34430453557409185,0.5129323294528907,0.13946797228304392,-0.02915982159575492
15382,1.2342670855723756,0.5620664975762453,0.7795766851429369,0.6722005879961304,0.45469040042943876
15387,0.42047860240340096,0.29029096829200157,0.42234015607295466,0.1301876341113994,-0.001861553669553706
15399,0.6531535955357384,0.5942341085038947,0.5089820968293417,0.05891948703184369,0.14417149870639667
15401,1.0572748360693833,0.7581928631024976,0.8442519086182153,0.29908197296688577,0.21302292745116802
15402,0.7088350616446102,0.3040136527038777,0.5675110814762334,0.4048214089407325,0.14132398016837677
15409,0.8332479346894414,0.4667071340924789,0.7421197941633141,0.3665408005969625,0.09112814052612728
15413,0.41716395279951896,0.31381636267610247,0.5181490372333535,0.10334759012341649,-0.10098508443383453
1542,0.5196634946757367,0.5482798129935541,0.5421646046729207,-0.028616318317817413,-0.02250110999718402
15444,0.012212206027813574,-0.005963913404515646,-0.0365293290228924,0.01817611943232922,0.04874153505070598
15445,0.570534050361707,0.30421788184511145,0.4535508920302797,0.26631616851659556,0.1169831583314273
15448,0.6504876580452408,0.24814980515524807,0.47780535917070566,0.4023378528899927,0.17268229887453512
15454,0.5800054073942484,0.2833422868014272,0.514878274072573,0.29666312059282124,0.06512713332167541
15456,0.6351855207229264,0.4292802149796091,0.569522734966705,0.20590530574331734,0.06566278575622142
15457,0.303176183602312,0.2492701373389396,0.31582831388889565,0.05390604626337242,-0.01265213028658363
15459,0.9443507381562167,1.0616014423176896,0.7858415024437913,-0.11725070416147287,0.15850923571242548
1546,0.34377392975137494,0.44763978660969433,0.3155490165023847,-0.1038658568583194,0.028224913248990235
15464,0.4804635645042451,0.3788021300801113,0.414034200622903,0.10166143442413378,0.06642936388134207
15467,0.30127816013557923,0.22148259006654705,0.4136546928107076,0.07979557006903218,-0.11237653267512837
1547,0.5606852446940924,0.3088387730452246,0.5198714769555898,0.2518464716488678,0.04081376773850265
15472,0.8614185690692231,1.2850581971807593,0.8017263829663956,-0.4236396281115362,0.05969218610282745
15487,0.7220596426626144,0.3611720002438696,0.6391334715274157,0.36088764241874477,0.08292617113519862
15488,0.578872275115905,0.27165097576142516,0.5260491922372599,0.30722129935447984,0.05282308287864512
1549,0.6706555157726841,0.6511934179120823,0.7281489967449588,0.019462097860601824,-0.05749348097227469
15503,0.8048880360973987,0.43618525950969766,0.6412745359147389,0.368702776587701,0.16361350018265974
15508,0.7342133697489539,0.43164595618625695,0.6655071178550852,0.30256741356269695,0.0687062518938687
1551,0.6443804635307697,0.3613305693900211,0.7298649361453353,0.2830498941407486,-0.0854844726145656
15511,0.7337621959486109,0.4699123201891133,0.7044570187224222,0.26384987575949764,0.02930517722618875
15513,0.7785288281642369,0.592625212031277,0.7890926834890161,0.1859036161329598,-0.010563855324779214
15518,0.6832470979890103,0.378114843808921,0.6433429254992614,0.30513225418008927,0.03990417248974887
15532,0.9687157322059121,0.5714586175904479,0.7199555858903482,0.3972571146154642,0.24876014631556387
1554,0.3658063019555297,0.08402832093331492,0.34710716589173074,0.2817779810222148,0.01869913606379897
15546,0.41251141022797194,1.417062313178778,0.5722446064310504,-1.0045509029508062,-0.1597331962030784
15548,0.8873220869377795,0.37616733361058446,0.7518183227319543,0.511154753327195,0.13550376420582522
15553,0.8847062597155878,0.557544764419916,0.8292575916576032,0.32716149529567184,0.05544866805798465
15554,0.3368212464148684,0.16938546694911744,0.29560271097841906,0.16743577946575094,0.04121853543644932
15556,1.077898920212476,0.7313510624837406,1.1182875627319844,0.3465478577287354,-0.040388642519508355
15557,0.8741156659672753,0.41723771719946284,0.5682411639177777,0.45687794876781246,0.3058745020494976
15560,0.7296883228874832,0.35428594460882734,0.465372420538481,0.37540237827865586,0.2643159023490022
15561,0.6612974399464215,0.3230424952552064,0.5175031408479319,0.33825494469121514,0.14379429909848962
15563,0.5166071816521469,0.5096398394222427,0.43567312088244636,0.00696734222990425,0.08093406076970056
15565,0.5537788734157958,0.4298292177743516,0.6366491732336257,0.12394965564144417,-0.0828702998178299
15587,0.7355845322185222,0.4665269859303032,0.584941732180405,0.269057546288219,0.15064280003811714
15592,0.839544029581405,0.2543274494641684,0.5607674491785015,0.5852165801172365,0.27877658040290343
15593,0.9274575167628761,1.951284279094034,0.7872479156928309,-1.0238267623311579,0.1402096010700452
15598,0.9026064354253223,1.6575222387206594,1.0387105431740908,-0.7549158032953371,-0.13610410774876858
15610,0.686415683458077,0.32370565120793204,0.5334744104826848,0.362710032250145,0.15294127297539217
15618,0.5838452904711021,0.4167054807619516,0.6207844766205951,0.16713980970915054,-0.036939186149492986
15626,0.9012817915373555,0.3687439043214534,0.5579116150600817,0.5325378872159021,0.34337017647727386
15634,0.5725331101178566,0.17338627699531575,0.4703972691179357,0.39914683312254085,0.10213584099992085
15635,0.7464635164799797,0.46879292436230446,0.742816554153973,0.2776705921176752,0.0036469623260066975
15647,0.9370790819549294,1.301210042594521,0.724771194773767,-0.3641309606395916,0.21230788718116245
15651,0.6738782123910351,0.645512780339949,0.5426781521076206,0.028365432051086104,0.13120006028341447
15652,0.9870878250941862,0.5397348162404065,0.675616454075903,0.4473530088537797,0.31147137101828326
15655,0.9942414633634162,0.4728478604538494,0.7045877691988226,0.5213936029095668,0.28965369416459363
15656,0.5906105290191086,0.3475588446576477,0.6725820027356727,0.2430516843614609,-0.0819714737165641
15661,0.4703204823481261,0.31527514847037114,0.4129565145297564,0.155045333877755,0.05736396781836972
15670,0.9407626593454402,0.42164904220798316,0.7939382554032317,0.5191136171374571,0.14682440394220853
15672,0.8883033746423944,0.6255088826420632,0.7144676065565913,0.2627944920003312,0.17383576808580314
15676,0.4919896820531648,0.2761064718216514,0.4716381203532317,0.2158832102315134,0.020351561699933074
15686,0.5426263621531587,0.5494921771596579,0.6345808019076088,-0.006865815006499187,-0.09195443975445006
15693,0.826338300616926,0.541578579510513,0.7413297638118652,0.284759721106413,0.08500853680506082
15700,0.5822292794880437,0.5446063571029781,0.6363631880062306,0.037622922385065594,-0.05413390851818689
15703,0.5004842640722792,0.3013103307076873,0.6046727447138552,0.19917393336459188,-0.10418848064157604
15706,0.7194028788850005,0.3672860485370247,0.7054333927207526,0.35211683034797586,0.01396948616424798
15707,0.7009887238362872,0.4659197042355511,0.6877147266779098,0.23506901960073606,0.013273997158377404
15708,0.8453621515787951,2.6405089510032833,0.6963195641743746,-1.7951467994244883,0.14904258740442056
15721,0.5107891122333551,0.22219736642351537,0.5398320174132653,0.2885917458098397,-0.02904290517991015
15723,0.8687875810929601,0.46076146357288794,0.6529116387240004,0.4080261175200721,0.21587594236895968
15731,0.664252265611463,0.38351756331488057,0.5651120457665268,0.28073470229658243,0.09914021984493615
15732,0.5933138076043185,0.28523951876320747,0.49236572182850247,0.30807428884111104,0.10094808577581604
15736,0.6016677358219418,0.5525418341273225,0.663400505578566,0.04912590169461928,-0.06173276975662423
15747,0.2857070895884709,0.2036808121750676,0.4393969149070683,0.08202627741340332,-0.15368982531859737
1575,0.829264327554298,0.4174948011589908,0.6728512004544789,0.41176952639530723,0.15641312709981914
15756,0.5043730020619128,0.26786639163345505,0.4897833038637596,0.23650661042845778,0.0145896981981532
15763,0.4387758630432227,0.2548804512256503,0.32597313273861195,0.1838954118175724,0.11280273030461074
15765,0.8717912774993546,0.5076971239670671,0.9657586757005951,0.36409415353228747,-0.09396739820124056
15777,0.43044217056869605,0.25159844678953286,0.3667198993472411,0.1788437237791632,0.06372227122145496
15785,0.5277241563579501,0.2950388532992094,0.4445457101228616,0.2326853030587407,0.08317844623508852
15789,0.8026114123659887,0.34337634134153927,0.6196366708377028,0.4592350710244494,0.18297474152828586
1579,0.5674137407388198,0.40929586377367705,0.6201022681501027,0.15811787696514273,-0.05268852741128294
15792,0.4881304196577563,0.31228395215947335,0.38226139305248463,0.17584646749828292,0.10586902660527164
15794,0.36720383850698196,0.3423709447309757,0.4001474156911431,0.024832893776006282,-0.03294357718416113
15796,0.5124797827944007,0.2660344320457879,0.4382226891603033,0.24644535074861273,0.07425709363409733
158,0.22612351013839355,-0.03064046806992934,0.25976598096781767,0.25676397820832286,-0.03364247082942412
15802,0.8656250155216407,0.5591549049768213,0.7158168309218289,0.30647011054481943,0.14980818459981182
15809,0.34862598662794475,0.23937819707992788,0.41042692903699873,0.10924778954801687,-0.06180094240905398
1581,0.7370733438338909,0.4196437487341926,0.5017476078970357,0.3174295950996983,0.23532573593685524
15815,1.1251961560071126,0.6467705209556536,1.0045390227261575,0.4784256350514591,0.12065713328095518
15825,0.9110695213268599,0.6022747561506707,0.7713513213350837,0.3087947651761892,0.13971819999177626
15828,0.5963407544964571,0.33026718870497435,0.5510168267751268,0.2660735657914827,0.045323927721330315
15829,0.5147149761852748,0.46384368403977444,0.6804408676224262,0.0508712921455004,-0.16572589143715133
15839,0.12911116787207244,-0.02149977166816872,-0.026483932503406648,0.15061093954024116,0.15559510037547908
15841,0.6309329116053393,0.3047755344086886,0.4912815312123529,0.32615737719665067,0.13965138039298636
15845,0.6123974765078998,0.4741285379960346,0.5613190759767266,0.13826893851186517,0.051078400531173185
15847,0.2934738764526767,0.2944677493845249,0.2165363891651332,-0.0009938729318482165,0.07693748728754349
15849,0.527482772611931,0.27956498722552225,0.45985310606288227,0.24791778538640874,0.06762966654904873
15857,0.6212811389721228,0.30554497820437326,0.46721460338056914,0.3157361607677495,0.15406653559155364
15862,0.9007224917753396,0.4683415826900948,0.5520562586191864,0.4323809090852448,0.3486662331561532
15880,0.4093416861251666,0.33328704481921406,0.38084716286333137,0.07605464130595252,0.028494523261835214
1589,0.6258372210745846,0.5474470015411136,0.6036175843898897,0.07839021953347103,0.022219636684694954
15890,0.6131564504101512,0.43343330749920045,0.5948968049575426,0.17972314291095076,0.01825964545260861
15904,0.5266242217978193,0.24618333264567857,0.5144614982717239,0.2804408891521407,0.012162723526095376
15906,0.6631540655151467,0.35257528976209307,0.6517668790796172,0.3105787757530536,0.011387186435529495
15911,0.46695121352091706,0.3170899537467609,0.3991228310798561,0.14986125977415615,0.06782838244106099
1593,0.6352295195539533,0.5013946526090683,0.5558684749373085,0.133834866944885,0.07936104461664484
15933,0.355905327757581,0.1396745331106242,0.26784793687288994,0.2162307946469568,0.08805739088469106
1594,0.83012998180882,0.3935682150351575,0.7160261557119275,0.43656176677366254,0.11410382609689251
15942,0.6669607186133695,0.29385744663739716,0.5205049682780967,0.3731032719759723,0.1464557503352728
15946,0.3860860489654589,0.3070883168399158,0.25832576885951336,0.07899773212554312,0.12776028010594553
15948,1.0839875127148728,0.5832377587962164,0.7773083275782527,0.5007497539186564,0.30667918513662007
15950,1.0557771964196885,0.5499515979459513,1.06330539252382,0.5058255984737372,-0.007528196104131579
15957,0.6439419445028375,0.4118168461344585,0.4154768282830651,0.23212509836837897,0.2284651162197724
15963,0.3365268622753636,0.09981566812546658,0.20508517934238155,0.23671119414989703,0.13144168293298206
15966,0.5264156295794656,0.4077872188584016,0.49313606280803357,0.11862841072106406,0.03327956677143207
15968,0.47644749049933005,0.44773740254618427,0.3488577362614051,0.02871008795314578,0.12758975423792496
15970,0.8446645940196282,0.5742139191575819,0.48504577980058267,0.2704506748620463,0.35961881421904557
15971,0.6033465254293878,0.42271971406102454,0.43309996735572653,0.18062681136836328,0.1702465580736613
15982,1.0640602293842798,0.5739581406686229,0.9423008500813472,0.49010208871565686,0.12175937930293257
15983,0.34365408034784595,0.2442425761296506,0.3330255073616219,0.09941150421819533,0.01062857298622405
15987,0.6254452953638274,0.36970964991542177,0.5458203802312621,0.25573564544840566,0.07962491513256531
15994,0.44916600973146076,0.28793306966691784,0.29619049081661564,0.16123294006454292,0.15297551891484512
15995,0.4603385050568072,0.3270805962436137,0.42049028748935197,0.1332579088131935,0.03984821756745521
15998,0.25932735251044703,0.16441774120957214,0.29332639584302606,0.09490961130087489,-0.033999043332579026
16002,0.6405439387227967,0.476773911164808,0.5790751975819229,0.1637700275579887,0.06146874114087375
16005,0.746341204954104,0.9348798489268876,0.7502673116869558,-0.18853864397278353,-0.003926106732851764
16010,0.6876710720353006,0.47350699698674803,0.6068462157668407,0.21416407504855262,0.08082485626845992
16024,0.4320902529064807,0.28244149649124045,0.3712313449176592,0.14964875641524022,0.06085890798882149
16028,0.7009368220094556,0.5196574736785944,0.7073920052936337,0.18127934833086123,-0.006455183284178045
16029,0.5918227518212588,0.29309935877023346,0.5394692315123613,0.2987233930510253,0.052353520308897505
16032,0.3974784320930374,0.25517742082171013,0.2925908771160809,0.14230101127132727,0.10488755497695651
16038,0.5580768173367908,0.45138856126053073,0.47437297657912414,0.10668825607626009,0.08370384075766668
16045,0.4073942273027307,0.2456837881138705,0.2634227413807637,0.16171043918886022,0.143971485921967
16048,0.47303039295901705,0.2522041820461707,0.40367875272070286,0.22082621091284638,0.0693516402383142
16049,0.5540269386713141,0.32014816735804724,0.3927928462579256,0.2338787713132669,0.16123409241338854
16050,0.5664300273632209,0.4163699304620527,0.5659721334918366,0.15006009690116823,0.00045789387138428506
16052,0.5693459900730992,0.6392887977111943,0.6253763710579683,-0.06994280763809513,-0.05603038098486912
16056,1.0847798815779706,0.7341315804398881,1.1654112079278678,0.35064830113808243,-0.08063132634989723
16061,0.6653787166519695,0.4297566020958029,0.47968127892891455,0.23562211455616655,0.18569743772305491
1607,0.5946721319453415,0.3146743845699448,0.5878994410948732,0.27999774737539673,0.006772690850468277
16072,0.6430658617993845,0.46362312369669273,0.5276847213287384,0.1794427381026918,0.11538114047064607
16075,0.4619858081661781,0.22126993387076432,0.39687249093492233,0.2407158742954138,0.0651133172312558
16082,0.5613801722152153,0.28830819746850755,0.3267810462148986,0.27307197474670775,0.23459912600031668
16089,0.7697823538896716,0.5504920584024554,0.573664166409395,0.21929029548721624,0.19611818748027665
16096,0.458062151454376,0.32516287407947947,0.40862563388565554,0.13289927737489654,0.04943651756872047
16098,0.35534680644565747,0.1845218976375795,0.39893936037328176,0.17082490880807796,-0.04359255392762429
16100,0.2866744101568495,0.17215931614511754,0.2417260056860956,0.11451509401173199,0.04494840447075393
16103,0.7776361318289826,0.4635705446280559,0.6620483552228286,0.3140655872009267,0.11558777660615405
16120,0.3801718436171176,0.29592878165639025,0.2895029974335489,0.08424306196072734,0.09066884618356869
16131,0.6808121395595718,0.28586613593355836,0.5179152295399786,0.3949460036260134,0.16289691001959317
16145,0.4817853195938791,0.20586032097083073,0.37718982478010316,0.27592499862304837,0.10459549481377595
16146,0.5274468291757045,0.3724324267194761,0.46207065365648103,0.15501440245622844,0.06537617551922348
16148,0.9146920367193799,0.5888583037562446,0.7651742466906177,0.32583373296313534,0.1495177900287622
16151,0.5284186489097314,0.21081172733817197,0.5086114964115371,0.31760692157155945,0.019807152498194314
16158,0.5847314328183195,0.37032703240666487,0.7149610748143952,0.21440440041165465,-0.13022964199607567
16162,0.6474420131018328,0.5985434979722392,0.6374209891264863,0.048898515129593645,0.010021023975346544
16163,0.5769521668007207,0.47455472440186375,0.4670793774652018,0.10239744239885695,0.10987278933551892
16165,0.6594213773119296,0.5569837959549894,0.6942951524598258,0.10243758135694025,-0.034873775147896136
16166,0.5170186290502241,0.39293683876593993,0.5594070935072816,0.12408179028428418,-0.04238846445705746
16168,0.5636252859014613,0.44290374982662456,0.4962937329360976,0.12072153607483677,0.06733155296536375
1617,0.5311714860581098,0.3558224548137663,0.3977529644802671,0.17534903124434353,0.13341852157784273
16170,0.9429601750780426,0.9790887893990718,0.9234536046106298,-0.03612861432102921,0.019506570467412887
16178,0.7569739688007138,0.41295965457922473,0.5659668950160082,0.34401431422148904,0.1910070737847056
16183,0.7790046250134443,0.5931397167253027,0.6847546498929247,0.1858649082881415,0.09424997512051958
16201,0.3556210891755532,0.22586942631149556,0.3021047414624967,0.12975166286405762,0.05351634771305647
1622,0.5915722429059191,0.3945404991601585,0.6360597119041809,0.19703174374576066,-0.044487468998261726
16221,0.5077692586764667,0.297609794460717,0.38655043525798854,0.21015946421574971,0.12121882341847817
16222,0.1734834704111083,0.14359617501999544,0.18550211499523403,0.029887295391112845,-0.012018644584125743
16225,0.6807962189235784,0.6132858034208648,0.8452248083587944,0.06751041550271364,-0.164428589435216
16228,0.7751176308490887,0.4714453961245331,0.9432973174666356,0.30367223472455557,-0.1681796866175469
16229,0.709037389648227,0.2764373382359791,0.34094408341347276,0.43260005141224794,0.3680933062347543
16245,0.7191894537733364,0.8469482716456823,0.7687348211372544,-0.1277588178723459,-0.049545367363918014
16248,0.3373959159628514,0.22863071019670123,0.41335339453169634,0.10876520576615017,-0.07595747856884494
16263,0.5777646104790141,0.363562903594212,0.6009009087095202,0.21420170688480206,-0.023136298230506114
16266,0.8422421872092256,0.626116342180369,0.7136785708595685,0.21612584502885657,0.12856361634965707
16271,0.5150550654736425,0.3415492245200363,0.5674030580695255,0.17350584095360627,-0.052347992595882964
16273,0.8991520312657235,0.5187641715903821,0.877465055837984,0.3803878596753414,0.021686975427739563
16275,0.704951462849327,0.32382773144835486,0.5239015916488082,0.3811237314009721,0.18104987120051874
16276,0.6800900703708479,0.46255426679507033,0.6265472725064749,0.21753580357577756,0.05354279786437299
16280,0.588410010411364,0.413333269024626,0.5288411760296396,0.17507674138673796,0.059568834381724334
16282,0.4624384181219859,0.2535266863479237,0.41042624767928737,0.2089117317740622,0.05201217044269851
16296,0.9445732864909245,0.5158939168345844,0.7468322965471096,0.4286793696563401,0.19774098994381495
16297,0.6515173409302862,0.35160891869596417,0.4355555595058313,0.29990842223432207,0.21596178142445493
1630,0.7702490080949227,0.39300541826206337,0.6203855276957371,0.3772435898328593,0.14986348039918562
16314,0.49932578668965655,0.2711170213667018,0.417627199993343,0.22820876532295475,0.08169858669631352
16317,0.48570199060689545,0.267648566941637,0.3878169528786302,0.21805342366525843,0.09788503772826523
16318,1.0775827486493257,0.7302706434382333,1.1586199114968292,0.34731210521109235,-0.08103716284750351
16320,0.6652015484020458,0.36449175869024925,0.5115132422912828,0.30070978971179657,0.153688306110763
1635,0.16150273663773715,0.0971917786229152,0.1771174835199956,0.06431095801482195,-0.015614746882258446
16353,0.2975753765314106,0.13977185842494927,0.30783967696354525,0.15780351810646132,-0.010264300432134665
16354,0.38690151070337453,0.21724555271576246,0.3002336375087598,0.16965595798761207,0.08666787319461472
16356,0.40395225344268043,0.3804022874594275,0.2806130879396692,0.02354996598325293,0.12333916550301122
16357,0.3744153650045098,0.33566662773883316,0.1935872434186469,0.038748737265676625,0.1808281215858629
1636,0.45781291907576976,0.24173524054001788,0.43018935551501775,0.21607767853575188,0.027623563560752018
16361,0.7616348935399371,0.4161900671385235,0.6479558984887535,0.34544482640141355,0.11367899505118362
16373,0.5391503310822354,0.4402978673318859,0.4870963682313306,0.0988524637503495,0.0520539628509048
16375,0.6522286179740038,0.3607016023765831,0.5549352714586557,0.29152701559742067,0.09729334651534804
16376,0.5076528107852951,0.32345606340115596,0.5021874089560399,0.18419674738413916,0.005465401829255256
16377,0.8049809386916332,0.6378019013060026,0.7015535060426746,0.16717903738563067,0.1034274326489586
16384,0.7176792152961294,0.4426946653563404,0.6308234211208021,0.27498454993978905,0.0868557941753273
16385,0.5500474371805705,0.3852487881097476,0.3196274139403193,0.16479864907082287,0.23042002324025118
1639,0.7189350759241318,0.5014899071204333,0.6966886164345658,0.21744516880369846,0.02224645948956594
16398,0.30794560979092683,0.11523351155483086,0.2619348493180071,0.19271209823609597,0.04601076047291974
16399,0.604094295358287,0.33828285568078026,0.6239345623081826,0.2658114396775067,-0.019840266949895602
1640,0.2061715850487817,0.3081242936175354,0.16549299005984355,-0.10195270856875371,0.04067859498893814
16401,0.44610028148563524,0.236410344687944,0.3178684241919428,0.20968993679769124,0.12823185729369246
16402,0.4094655838116328,0.2354939023942085,0.34805836619255887,0.17397168141742428,0.06140721761907392
16406,0.7004966316054664,1.120547554902376,0.9009233117371932,-0.42005092329690963,-0.20042668013172682
16410,0.2674524295467935,0.1306712064290885,0.15875306419711255,0.136781223117705,0.10869936534968094
16413,0.5434248643543382,0.29734223365718127,0.4197196317499091,0.24608263069715697,0.12370523260442912
16419,0.5950738788744111,0.21755466359921632,0.39522148651538525,0.3775192152751948,0.19985239235902585
16427,0.48682327343631393,0.28941568158200875,0.43833888296449347,0.19740759185430518,0.04848439047182046
16430,0.859551088124902,0.7121635054813567,0.6404388527704564,0.14738758264354535,0.21911223535444557
16437,0.5577525212648081,0.267044866869971,0.41033264701612515,0.29070765439483714,0.14741987424868297
16438,0.5859334636116277,0.3200854721010391,0.4615693184508826,0.2658479915105886,0.12436414516074507
16446,0.5988433107050335,0.2650273182097042,0.4162949261035311,0.3338159924953293,0.1825483846015024
16455,0.4872676371967132,0.22226241751097314,0.4434416227550223,0.26500521968574003,0.043826014441690875
16459,0.8971885010120972,0.8700004028747791,0.7777060892561631,0.02718809813731815,0.1194824117559341
1646,0.32706297579241744,0.1954060656740672,0.29318169075362516,0.13165691011835023,0.033881285038792286
16461,0.4635361269897673,0.5664805522876878,0.33884427429329556,-0.10294442529792047,0.12469185269647176
16467,0.5442943767584436,0.2364387646241969,0.5021386087351759,0.3078556121342467,0.0421557680232677
16470,0.6355753422801885,0.32055336076005464,0.5737540671963288,0.3150219815201339,0.061821275083859706
16471,0.31715134898891073,0.24986720039915294,0.4713190084652327,0.06728414858975779,-0.154167659476322
16496,0.5425158642037861,0.24816991192879265,0.39043927105390924,0.2943459522749934,0.15207659314987682
16501,0.5951589069449783,0.3084882999568874,0.5516220357815393,0.2866706069880909,0.04353687116343896
16506,0.7343892117622234,0.3668636878200661,0.6046320117897258,0.36752552394215726,0.12975719997249757
16518,0.7085331380968194,0.33780876979629915,0.5408111416142559,0.37072436830052025,0.16772199648256347
16519,0.8017114934351384,0.4863834250986791,0.7043285653257516,0.31532806833645927,0.09738292810938676
16523,0.4555457123082815,0.33115807955285065,0.6087754346835965,0.12438763275543085,-0.15322972237531501
16529,0.7466993720710361,0.6469226221785095,0.7214203685468464,0.0997767498925266,0.025279003524189658
1653,0.7874757467499368,0.6611155068623361,0.6028521105787986,0.1263602398876007,0.1846236361711382
16532,1.026049573931192,0.5821523771094342,0.8068708006910685,0.44389719682175766,0.21917877324012336
16535,0.6654995425841073,0.44170540995050483,0.5837492165384618,0.22379413263360243,0.08175032604564547
1655,0.6410383520201242,0.5638214396174136,0.6328641935207627,0.07721691240271056,0.008174158499361428
16559,0.5844991021976289,0.22176201200623583,0.49235392718925636,0.3627370901913931,0.09214517500837255
16560,0.7908604505490193,0.539223094249491,0.6752408454530261,0.2516373562995283,0.11561960509599323
16563,0.2454750238708968,0.192024073698496,0.4084251716686724,0.05345095017240081,-0.1629501477977756
1658,0.45226520643915846,0.2500474551678894,0.3221580728028194,0.20221775127126906,0.13010713363633908
16583,1.1685488004198672,0.6616251650568618,1.1455323632244352,0.5069236353630054,0.023016437195432005
16589,1.22222402197434,0.6081961337929065,0.9801598881617976,0.6140278881814336,0.24206413381254255
16591,0.4270847416516595,0.28271774406607486,0.4393149773957971,0.14436699758558463,-0.012230235744137619
16593,0.5454080162114235,0.28573903542469575,0.4577923394429086,0.2596689807867278,0.08761567676851495
16603,0.484528322825642,0.31879920287805935,0.41866553727653794,0.16572911994758266,0.06586278554910407
16605,0.4048499859034253,0.20034011223481646,0.41465791709019556,0.20450987366860884,-0.009807931186770258
16609,0.5815135719132137,0.3612585984196446,0.5096396220281434,0.22025497349356915,0.07187394988507034
16613,0.5089935800480567,0.19929281712927252,0.4120779880027016,0.30970076291878423,0.0969155920453551
16622,0.5845989173732414,0.4351929264373007,0.5311536234727438,0.14940599093594076,0.05344529390049768
16624,0.4641609769831735,0.23199611839524037,0.3520787383711891,0.23216485858793312,0.11208223861198441
16627,0.18198226248462954,0.09869665747999264,0.19702077540136795,0.0832856050046369,-0.015038512916738411
16630,0.7581122512460279,0.33885615941414227,0.5962821126719589,0.4192560918318856,0.16183013857406903
16642,0.36757332276696836,0.2138605101439603,0.3268006495374494,0.15371281262300807,0.04077267322951894
16648,0.15951971703943948,0.1296168949904067,0.1859662147725514,0.029902822049032773,-0.026446497733111918
16652,0.34106364986798077,0.1427281203872445,0.4119298902057676,0.19833552948073627,-0.07086624033778682
1666,0.5726875398752223,0.4155425227750007,0.5200901093725304,0.15714501710022155,0.05259743050269183
16662,0.3794425506263552,0.21925841155830555,0.32874256633561755,0.16018413906804962,0.05069998429073763
16666,0.4869859810248754,0.3431450079365964,0.5205331275809744,0.14384097308827898,-0.03354714655609897
16668,0.5298863469294689,0.24571155110143983,0.378325155864375,0.28417479582802907,0.15156119106509391
16669,0.5624318960951429,0.30940562078380307,0.38895640105136353,0.2530262753113398,0.17347549504377935
16672,0.4436639586546921,0.19567393773846212,0.42280484652935335,0.24799002091623,0.020859112125338752
16677,0.5816445499305516,0.27135782460009583,0.4779895639832765,0.31028672533045576,0.10365498594727507
16693,0.49648641752651484,0.24754886301336576,0.46043571096575664,0.24893755451314908,0.036050706560758206
16694,0.44489418924317725,0.2993123500786806,0.38979541251618294,0.14558183916449663,0.055098776726994314
16698,0.7226683224143743,0.537133261037458,0.69786630211311,0.18553506137691633,0.024802020301264327
16701,0.6556963951020495,0.2915683201247607,0.5073322528806518,0.3641280749772888,0.1483641422213977
16703,0.837714056062836,0.41034612354663047,0.6207924779524198,0.42736793251620553,0.21692157811041624
1671,0.3537010602015366,0.4170114862541491,0.2755230182630676,-0.0633104260526125,0.078178041938469
16710,0.471079759311515,0.36038279407639995,0.43978467230449664,0.11069696523511507,0.031295087007018385
16711,0.34375914943326147,0.34239015718825433,0.46304192371290465,0.001368992245007139,-0.11928277427964318
16712,0.579864929469768,0.3283149222639981,0.47951083635565295,0.25155000720576987,0.10035409311411503
16713,0.7285074031059275,0.4173886710900371,0.622235483100797,0.31111873201589046,0.10627192000513053
16717,0.2886289541478876,0.23052491152950025,0.358480788326731,0.058104042618387336,-0.06985183417884344
16719,0.4366624013071061,0.17077738971529408,0.3098432813450775,0.265885011591812,0.1268191199620286
16729,0.7323150774916644,0.34832579745163017,0.5988692371455634,0.3839892800400342,0.13344584034610096
16730,0.401536525507241,0.16359868357142462,0.5396192415937457,0.23793784193581638,-0.13808271608650474
16733,0.542981179543688,0.2815582241105811,0.41556147150774436,0.26142295543310684,0.1274197080359436
16749,0.4812811769499144,0.21126445772121552,0.3770708881857872,0.27001671922869885,0.10421028876412719
1675,0.47274376001961,0.2682009260375116,0.4177409082421548,0.20454283398209838,0.055002851777455175
16754,0.4019164798682891,0.21987674890486872,0.31447201388321067,0.18203973096342038,0.08744446598507843
16758,0.6837242423401096,0.3034316835289644,0.48447737465055396,0.38029255881114526,0.19924686768955568
16763,0.7279465326838175,0.5189742250429953,0.6606016010476479,0.2089723076408222,0.06734493163616961
16765,0.503643241210748,0.3195369213187821,0.43965041820600104,0.1841063198919659,0.06399282300474696
16766,0.6091207953615916,0.34834866541884035,0.4999452714935932,0.26077212994275123,0.10917552386799839
1677,0.21390273378904637,0.0721550695334394,0.15753316327605082,0.14174766425560698,0.05636957051299554
16772,0.6030614258448458,0.3633069780601009,0.6165962983764303,0.23975444778474486,-0.013534872531584474
16777,0.7583029000967298,0.5605641454555399,0.75751878807745,0.19773875464118995,0.000784112019279859
16780,0.6734702662290051,0.7470029696952007,0.6249835560689244,-0.07353270346619567,0.04848671016008066
16781,0.668660009462945,0.40502585229888094,0.5798557720845502,0.2636341571640641,0.08880423737839482
16791,0.7756793972263308,0.5284149950709177,0.5693981055844989,0.24726440215541312,0.20628129164183195
16797,1.0167044989663152,0.4857787657595387,0.8753509426452232,0.5309257332067765,0.14135355632109203
16799,0.39150703043010465,0.17818611680350155,0.31532137514497804,0.2133209136266031,0.07618565528512661
168,0.3563318198516521,0.2968494126542756,0.35170712486132466,0.05948240719737646,0.004624694990327416
16801,0.3509441121670482,0.19422461392564858,0.3240603137547843,0.1567194982413996,0.026883798412263904
16813,0.4421190162975004,0.25314678144489916,0.3326545332111471,0.18897223485260123,0.10946448308635331
16814,0.4665678141309036,0.2684783382336345,0.4942541982949785,0.1980894758972691,-0.02768638416407493
1683,0.8773818590562797,0.6329274757997713,0.9117283332495403,0.24445438325650848,-0.034346474193260534
16838,0.5985624249682977,0.3327916813479638,0.49304560424473987,0.2657707436203339,0.10551682072355784
1684,1.0368013207969031,0.6545281267875174,0.9919591526993831,0.38227319400938575,0.04484216809752006
16846,0.5056160959269393,0.4042321782611538,0.37276670218116964,0.10138391766578553,0.1328493937457697
16851,0.4288490353940306,0.31277750399358006,0.414035240378627,0.11607153140045051,0.014813795015403586
16859,0.45255805281395906,0.26016482692060106,0.31316593474647064,0.192393225893358,0.1393921180674884
16872,0.29290724117878314,0.2863879463612046,0.3023897292234677,0.006519294817578514,-0.009482488044684545
16873,0.7615800881783669,0.4731149942331382,0.7199768398187024,0.2884650939452287,0.041603248359664446
16874,0.7855243000770225,0.46743126555557357,0.6384090183922452,0.3180930345214489,0.14711528168477728
16880,0.5578806189896198,0.2699803361742498,0.3984160709650464,0.28790028281537,0.15946454802457344
16883,0.48908122139532123,0.32201102725801317,0.3528135348093405,0.16707019413730806,0.1362676865859807
16886,1.0401758925106253,0.6866179548167146,1.1177191046906114,0.35355793769391064,-0.07754321217998617
16888,0.42956452172229387,0.20251794821015465,0.3670521811699143,0.22704657351213922,0.06251234055237959
16890,0.5834928035980905,0.2528508410214477,0.5425331994483912,0.3306419625766428,0.04095960414969935
16891,0.45176182606054516,0.20331684209708056,0.36042593552447566,0.2484449839634646,0.0913358905360695
16892,0.5132244749126641,0.273568176088784,0.3508488872992958,0.23965629882388012,0.1623755876133683
16899,0.5034493442714626,0.3346910734080681,0.5341238359978634,0.1687582708633945,-0.0306744917264008
169,0.3704206259859341,0.2854028499436404,0.359184987741894,0.08501777604229371,0.011235638244040114
16907,1.5146712334624604,0.6527849960684594,1.2700330395393844,0.8618862373940009,0.24463819392307595
16911,0.7059695606429873,0.4291577603226385,0.7838271578000616,0.2768118003203488,-0.0778575971570743
16914,0.4746395628867578,0.23062346088519284,0.34694728956090737,0.24401610200156496,0.12769227332585043
16916,0.9582869572603515,0.6614657249475911,0.9744223130562641,0.29682123231276036,-0.01613535579591263
1692,0.4113785366875236,0.48827108606706593,0.41177209158964506,-0.07689254937954232,-0.0003935549021214513
16924,0.4794097263005148,0.275105006875069,0.35360258414107276,0.2043047194254458,0.12580714215944205
16930,0.5791619647552583,0.4215212904501854,0.4341741221293545,0.1576406743050729,0.14498784262590375
16938,0.9482010433017245,0.6590231854287638,1.0474590586410162,0.2891778578729607,-0.09925801533929168
16944,0.6838772755525787,0.48548252148835896,0.47760993714998157,0.19839475406421975,0.20626733840259714
16947,0.9329530785172867,0.6249331333965701,0.9753946294668819,0.3080199451207166,-0.04244155094959523
16955,0.595694999238746,0.4549569686392432,0.47705270362810526,0.14073803059950285,0.11864229561064077
16956,0.5973040871263715,0.5196523982730775,0.4853536287038074,0.07765168885329399,0.11195045842256413
16961,0.8247688381560284,0.584790064866127,0.9351470354422375,0.23997877328990147,-0.11037819728620912
16974,0.47979273301201236,0.4575710208647393,0.5046035111119029,0.022221712147273087,-0.024810778099890574
16975,0.5561620393710142,0.3206526959186453,0.5463632101961994,0.23550934345236885,0.009798829174814783
16983,0.4628693883997615,0.39410453140067647,0.6519822216352251,0.06876485699908502,-0.18911283323546363
16987,0.5599888616263375,0.27827729272589796,0.5392650231004644,0.2817115689004396,0.020723838525873117
16989,0.6199074399075826,0.40007040237660846,0.37321394517962403,0.2198370375309741,0.24669349472795854
16992,0.47896327650067794,0.35121764962842994,0.5155094928218144,0.127745626872248,-0.036546216321136415
16995,0.5795325785749385,0.4239186770815719,0.44562605661415733,0.15561390149336657,0.13390652196078112
170,0.2865077400424444,0.33961012635772836,0.41444919133730174,-0.05310238631528397,-0.12794145129485734
17005,0.5112111623352669,0.37055825965293604,0.4642009907830422,0.14065290268233083,0.047010171552224644
17011,0.7020041597995396,0.43307979115701284,0.6409413688268856,0.2689243686425267,0.06106279097265399
17015,0.780346605284463,0.5419687758421947,0.588758337245681,0.23837782944226826,0.19158826803878193
17019,0.9199301625506154,0.5405591868568529,0.8833002170615499,0.37937097569376255,0.03662994548906551
17020,0.8377414640262986,0.5264114311846599,0.7470347723060917,0.3113300328416386,0.09070669172020684
17023,0.9743861775723991,0.6922125694447878,0.6446799278507754,0.2821736081276113,0.32970624972162366
1703,0.6182218118720857,0.3218995499630607,0.4955585125335776,0.296322261909025,0.12266329933850811
17042,0.7392970934284571,0.6258485105519344,0.5869970077390456,0.11344858287652271,0.15230008568941145
17043,0.7494545707060343,0.8345613259312211,0.7016082847984267,-0.08510675522518685,0.04784628590760753
17051,0.5323551272217983,0.19911595763238873,0.47752461881331937,0.3332391695894096,0.05483050840847897
17052,0.05724811538707289,0.06338253357841254,0.08201887400718501,-0.006134418191339655,-0.024770758620112118
17054,0.37092648455945515,0.2369991350843561,0.43060428406067713,0.13392734947509904,-0.059677799501221984
17069,0.7007857064202588,0.41425721061728893,0.6527453192536314,0.2865284958029699,0.048040387166627396
17075,0.6071218451849083,0.35569689105531377,0.44864996147762654,0.25142495412959454,0.15847188370728177
17081,0.6479843774290472,0.430062613271021,0.5083304082553493,0.21792176415802622,0.139653969173698
17087,0.40642618426756777,0.24502388772046732,0.38503700119626405,0.16140229654710045,0.02138918307130372
17090,0.38311155946962355,0.22506769942183705,0.28283933182797133,0.1580438600477865,0.10027222764165222
17095,0.12320729425844242,0.0917531401145206,0.11517710278001454,0.03145415414392182,0.008030191478427873
17098,0.4151220315974728,0.2604720545605474,0.3484215044162529,0.1546499770369254,0.06670052718121988
171,0.1708833400366086,0.29925336541638226,0.17678923720980208,-0.12837002537977366,-0.005905897173193481
1710,0.6126075846331343,0.5092731089898309,0.8560778745607315,0.10333447564330334,-0.24347028992759723
17107,0.6514200700813896,0.41858636864833837,0.6750899111458587,0.2328337014330512,-0.02366984106446912
17108,0.6280528866855779,0.4694447164459066,0.4540651364890433,0.15860817023967133,0.17398775019653462
17111,0.5664898614164072,0.330560355029004,0.5399816268289336,0.23592950638740323,0.026508234587473645
17113,0.38153738518442654,0.13558428717546506,0.2741180493636963,0.24595309800896148,0.10741933582073021
17115,0.484505944676093,0.486264864056694,0.4912490969136043,-0.0017589193806010206,-0.006743152237511318
17116,0.4931199061958872,0.2924486536987409,0.4582379167130424,0.2006712524971463,0.034881989482844766
17119,0.701837466843569,0.58326029377921,0.6650400709536671,0.118577173064359,0.03679739588990183
17123,0.38441403041533617,0.21725470176376238,0.2698243941104758,0.1671593286515738,0.11458963630486035
17135,0.34755973666629325,0.2620794340645267,0.25573951803290845,0.08548030260176653,0.0918202186333848
17136,0.6526848895942446,0.46104539520789883,0.5577803381089683,0.1916394943863458,0.09490455148527632
17138,0.2969326644691542,0.22280951413965003,0.17671581697445915,0.07412315032950414,0.12021684749469502
17142,0.506558376073296,0.3322761578035287,0.39396994952038134,0.1742822182697673,0.11258842655291468
17143,0.6568572820051941,0.42988770105873236,0.5462833141098843,0.22696958094646175,0.11057396789530982
17144,0.9676598134296547,0.5738303811494296,0.7449962178128302,0.39382943228022504,0.22266359561682447
17147,0.8128101186561371,0.5479713665397506,0.9390779529219355,0.2648387521163864,-0.12626783426579846
17148,0.5803871911980734,0.31467447455559827,0.4118407132324681,0.2657127166424751,0.16854647796560523
1715,0.6707645996588635,0.4301910612703143,0.6358540670520103,0.24057353838854917,0.03491053260685317
17151,0.5677816734332022,0.3504682251778781,0.49041669679131633,0.21731344825532406,0.07736497664188585
17156,0.46637732469528803,0.28871940960923614,0.4434799790193189,0.1776579150860519,0.022897345675969127
17157,0.3939730472021761,0.21656554487118854,0.31739995031485435,0.17740750233098754,0.07657309688732172
17170,0.4881776996135322,0.20220505205378753,0.34147545454184536,0.28597264755974466,0.14670224507168683
17179,0.5569016219845004,0.43456302269219865,0.4877931198174152,0.12233859929230179,0.06910850216708525
1719,0.43817202570527386,0.3333698886187267,0.5183341579381917,0.10480213708654718,-0.08016213223291785
1722,0.9172257936523108,0.6259369186332092,1.1555423346978297,0.2912888750191016,-0.23831654104551891
174,0.4189251925913339,0.31465340321286744,0.474691541936253,0.10427178937846643,-0.05576634934491914
1741,0.39366790434773097,0.12562350678768852,0.37837847891465554,0.26804439756004245,0.015289425433075432
1744,0.4136222649616352,0.40971895692903704,0.43812759523445904,0.0039033080325981406,-0.024505330272823866
1745,0.6331997493451014,0.31817054471278183,0.6197942194408006,0.31502920463231954,0.013405529904300773
1750,0.6351147275865943,0.2353452832608678,0.4354823030981462,0.3997694443257265,0.1996324244884481
1756,0.8552624711514225,0.45355184945590754,0.7381120832022312,0.40171062169551497,0.1171503879491913
1759,0.2464574755833547,0.2354228835516263,0.28775306765364567,0.011034592031728407,-0.04129559207029096
1760,0.5425902759634222,0.4141383925923344,0.473711357297368,0.12845188337108782,0.06887891866605422
177,0.5893318795057545,0.3827042057376372,0.7798600648527254,0.2066276737681173,-0.1905281853469709
1774,0.21253591124196813,0.14884121711703724,0.2755955834955214,0.0636946941249309,-0.06305967225355325
1777,1.0432404603737766,0.5773312808204681,0.773781370006281,0.46590917955330846,0.2694590903674956
1778,0.44646473179616414,0.03643148272824344,0.41513335633525295,0.4100332490679207,0.03133137546091119
178,0.4962994313357422,0.3565827607012709,0.5609610867977299,0.13971667063447135,-0.06466165546198771
1784,0.72174193563704,0.2934989952727202,0.43851512468929854,0.4282429403643198,0.2832268109477415
1786,0.45732868677114813,0.33969162109366047,0.3723105573341059,0.11763706567748766,0.08501812943704223
1794,1.119001948708666,0.8458208235655068,0.7810711058435865,0.2731811251431592,0.33793084286507946
1796,0.7919179527594402,0.34251231014359934,0.5145133319209341,0.4494056426158409,0.27740462083850614
1803,1.0076326027926172,0.650587614389163,0.7805318581864558,0.3570449884034542,0.22710074460616148
1804,0.3956988933962581,0.2516856659532084,0.2795059610045712,0.14401322744304967,0.11619293239168688
1807,0.6917760926846728,0.5953387484469366,0.8190581604338473,0.0964373442377362,-0.1272820677491745
1808,0.6011766135863291,0.6648021858330099,0.6900126984952393,-0.06362557224668075,-0.08883608490891015
1811,0.4699206573953248,0.3227434085519569,0.4090112502228574,0.1471772488433679,0.0609094071724674
1812,1.135304729561436,0.4781159397317067,0.8844635218767788,0.6571887898297293,0.25084120768465723
182,0.04827920161656762,0.005389040974959767,-0.008016836080818972,0.04289016064160785,0.056296037697386586
1830,0.9888885851420239,0.42739612510825437,0.8559923325260796,0.5614924600337696,0.1328962526159443
1831,0.5782764459887887,2.0937237637590482,0.7783701443107895,-1.5154473177702594,-0.20009369832200086
1832,0.1754732857350458,0.21988562044951046,0.28311276115227935,-0.04441233471446465,-0.10763947541723354
1833,0.2562808253190599,0.16429428713924826,0.28196763848641015,0.09198653817981162,-0.025686813167350275
185,0.6526845466165636,0.396809311267266,0.4833058825929977,0.2558752353492976,0.16937866402356588
1862,0.3644910509180812,0.2633757993044313,0.29936836167470793,0.10111525161364993,0.06512268924337328
1866,0.5860875645735384,0.3933147029193793,0.757994248376211,0.19277286165415908,-0.1719066838026726
1870,0.5474722853041046,0.5424111372048795,0.4350868289092377,0.005061148099225088,0.11238545639486691
1872,0.499603083724014,0.3668015382264321,0.4343642832998945,0.13280154549758194,0.0652388004241195
1874,-0.024071554239581013,0.013773437533984006,0.03758316324967239,-0.03784499177356502,-0.0616547174892534
189,0.541088761510885,0.7026477885454933,0.5487183779045202,-0.16155902703460823,-0.00762961639363513
19,0.5681006451223755,0.20283263138075516,0.5273262741608051,0.3652680137416203,0.04077437096157033
1904,0.1597118845432004,0.08536577834793777,-0.012962841541066038,0.07434610619526263,0.17267472608426643
1913,0.3892254028949505,0.32621303904380156,0.4264884701090995,0.06301236385114894,-0.037263067214149015
1924,0.729725409067251,0.4183430716370892,0.6005623702135332,0.3113823374301618,0.12916303885371783
1933,0.772444722968837,0.7123732811974421,0.8181379358252718,0.060071441771394896,-0.045693212856434795
1940,0.43788972214331,0.477535539387427,0.3777527335887713,-0.039645817244116976,0.060136988554538695
1941,0.7755165864057251,0.6766296641579078,0.8877247463531607,0.09888692224781725,-0.1122081599474356
1960,0.9483546665002565,0.7613750788951443,1.1795708064188482,0.18697958760511213,-0.2312161399185917
1962,0.38349831286051833,0.16247673343365754,0.3317753615864958,0.2210215794268608,0.051722951274022544
197,0.2893032388540161,0.16905336311164237,0.2258113968054575,0.12024987574237372,0.0634918420485586
1982,0.38745936117624186,0.2662306781329246,0.37870612817540084,0.12122868304331724,0.00875323300084102
1993,0.7372164961943962,0.3266095394521527,0.6146686785327266,0.4106069567422435,0.12254781766166967
1994,0.4759836415094105,0.41192100697450973,0.47993565571195357,0.0640626345349008,-0.003952014202543042
1995,0.17651649019217439,0.1478898722197405,0.2042120473629153,0.028626617972433877,-0.027695557170740903
2007,0.2566419566382999,0.10503410409858523,0.35251918793050263,0.1516078525397147,-0.09587723129220271
201,0.41686145468179214,0.18243648266212723,0.3913398225561725,0.23442497201966492,0.025521632125619642
2016,0.735426615389674,0.44045544119636015,0.608105070244472,0.29497117419331387,0.127321545145202
2026,1.4314473121676277,0.585482407137818,1.006649975320762,0.8459649050298097,0.4247973368468656
2030,0.4063019648055377,0.17982526745596078,0.2904100789942436,0.22647669734957693,0.11589188581129412
2035,0.1397439924846005,0.031057646240286643,-0.041263313855941376,0.10868634624431386,0.18100730634054188
2056,0.2843767476119949,0.41254808018413885,0.21904387978828765,-0.12817133257214397,0.06533286782370723
2057,0.6178853717978171,0.5266363062962565,0.5410373369496625,0.09124906550156064,0.07684803484815461
2062,0.921299660890053,3.759083080339552,0.7156036600722475,-2.837783419449499,0.20569600081780548
2075,0.5617938021444268,0.24586697718648362,0.5546673245092038,0.3159268249579431,0.007126477635223005
2082,0.32935779784822256,0.26486967518117494,0.3906242074493213,0.06448812266704762,-0.06126640960109875
2085,0.2924165583131082,0.37943923384419287,0.21986576726842472,-0.08702267553108467,0.07255079104468348
2093,0.331797911038724,0.11382742704884045,0.2715472398576923,0.21797048398988356,0.06025067118103172
2094,0.49949971321685877,0.257018156527367,0.38924884722682224,0.24248155668949178,0.11025086599003653
2098,0.4837498670141314,0.6697433362711412,0.47681755373991147,-0.18599346925700982,0.006932313274219948
2108,0.08714596404517017,0.01495138549577177,0.08859440363540844,0.0721945785493984,-0.0014484395902382707
2113,0.5818715270055332,0.34478937738101245,0.5451565048485061,0.2370821496245208,0.036715022157027155
2128,0.7099529422398408,0.2959422369912965,0.6400136485259624,0.41401070524854433,0.06993929371387841
2134,0.06284007749567261,0.049404390878740385,-0.011214423183566845,0.013435686616932223,0.07405450067923945
2146,0.6234989287059395,0.4249047924589845,0.4332290218220077,0.198594136246955,0.1902699068839318
2156,0.8773905454418657,0.4052050185981844,0.7876441110795122,0.47218552684368126,0.08974643436235352
216,0.6598524412101595,0.3096558771609365,0.6613048099636972,0.350196564049223,-0.0014523687535377139
2160,0.3411144857856639,0.2979765029448805,0.40963964450550877,0.043137982840783407,-0.06852515871984488
2163,0.6104870750887695,0.5254381376151384,0.6896297291310313,0.08504893747363118,-0.07914265404226173
2164,0.49964677452081624,0.5437202296205409,0.5220808233502643,-0.04407345509972466,-0.02243404882944805
2165,0.728526777463784,0.26359674360995866,0.5333530837280407,0.46493003385382536,0.19517369373574334
2166,0.4012732671617283,0.2088679894708467,0.3570495469922459,0.1924052776908816,0.044223720169482394
2167,0.6041997153002915,0.6722585236455902,0.43772509220894285,-0.06805880834529876,0.16647462309134864
2168,0.2665357326935091,0.1974071207317157,0.19665774696128732,0.0691286119617934,0.06987798573222179
2174,0.12005130077985919,0.03946756324864807,0.06535848022333762,0.08058373753121112,0.05469282055652157
2178,0.45861638694568113,0.2115903088980563,0.5566014685441675,0.24702607804762483,-0.09798508159848635
219,0.3292625917961383,0.26428993522285854,0.3390828452826658,0.06497265657327977,-0.009820253486527486
2198,0.7550751462063614,0.4800452292051046,0.5891789938111651,0.2750299170012568,0.16589615239519628
220,0.3468907200590441,0.08775147472342901,0.2968614423425143,0.25913924533561505,0.05002927771652976
2201,0.4078355928392241,0.5211439509374393,0.4255026050806067,-0.11330835809821516,-0.017667012241382618
2203,0.2674473824807876,0.31432670245840144,0.36300325381765775,-0.046879319977613854,-0.09555587133687016
2205,0.9173894551208687,0.7741949332839069,0.8031776626047661,0.1431945218369618,0.11421179251610258
2206,0.6606771936930967,0.3113100462496408,0.45268174343222384,0.3493671474434559,0.2079954502608729
2207,0.41931106557519254,0.2801857414384924,0.44166232239920494,0.13912532413670015,-0.0223512568240124
2208,0.5291303683598361,0.3501786327854814,0.5565366309252802,0.17895173557435468,-0.027406262565444095
2220,0.502649235110488,0.30223939434064506,0.5309406036730802,0.20040984076984292,-0.02829136856259218
2225,0.23762207331920815,0.12243878350213018,0.24217471218436937,0.11518328981707797,-0.004552638865161218
2230,0.7111963894318747,0.7724286320295954,0.5304858887413842,-0.061232242597720754,0.18071050069049044
2234,0.5955036769262028,0.41703858121391324,0.5866208037821997,0.17846509571228952,0.008882873144003045
2237,0.5899482534564048,0.37264116594520375,0.46986013550555766,0.21730708751120104,0.12008811795084712
2255,0.4564578677302191,0.23602891079082478,0.5212416334463815,0.22042895693939435,-0.0647837657161624
2258,0.7691294320713087,0.49119423327799455,0.7324698195221029,0.27793519879331413,0.0366596125492058
2263,0.6288470682623322,0.40318774835284554,0.6045964448818574,0.22565931990948662,0.02425062338047479
2264,0.9102980482339987,0.5211167189031378,0.854516551464161,0.3891813293308609,0.05578149676983779
2265,0.604653049981969,0.31183714574279464,0.589542019231558,0.29281590423917436,0.015111030750410981
2271,0.29723873014467805,0.22827892363156066,0.21293976447864738,0.0689598065131174,0.08429896566603068
2283,0.8411839204990369,0.6795159089344758,0.7856778905333249,0.16166801156456112,0.05550602996571197
2288,1.1012146762674642,0.5958213605681175,0.8040943168890835,0.5053933156993466,0.29712035937838066
2296,0.34333536901795186,0.0509578657600002,0.29379945744731123,0.29237750325795164,0.049535911570640634
2298,0.3047655594776736,0.12327429545490289,0.34661969099246104,0.18149126402277072,-0.04185413151478745
2309,0.46412903675423345,0.2872813943235145,0.4949935452667179,0.17684764243071893,-0.030864508512484456
2311,1.3573394616389385,2.498093134395857,1.210469242620756,-1.1407536727569185,0.14687021901818254
2315,0.3791187436523094,0.20034354457542028,0.3557829159220037,0.17877519907688913,0.023335827730305736
2316,0.3646471082131297,0.22380804334424098,0.2926861966423787,0.1408390648688887,0.07196091157075096
2320,0.5325088274054709,0.3054145903802005,0.5158742879964685,0.22709423702527037,0.01663453940900239
2322,0.7216912135591322,0.28747819238361866,0.6302246591822854,0.4342130211755136,0.09146655437684681
2330,0.42080041902082105,0.4268127303201476,0.500664069939242,-0.006012311299326556,-0.0798636509184209
2334,0.3928695703981391,0.22926836153364474,0.474392919327819,0.16360120886449434,-0.08152334892967994
2336,0.41194487712171457,0.26474219814835753,0.444161412645877,0.14720267897335704,-0.032216535524162426
2338,0.5366351702004155,0.3522640679974444,0.5767940198085005,0.1843711022029711,-0.04015884960808502
2350,0.5458712445652699,0.2847556276161147,0.4234983725379391,0.2611156169491552,0.12237287202733083
2351,0.951584675672772,0.6896217988827296,0.9133749523660536,0.2619628767900425,0.03820972330671846
2354,0.4971357683809126,0.3514490262927902,0.5966018091772023,0.14568674208812243,-0.09946604079628968
2355,0.7499545342473045,0.34681783559075496,0.6208170100263374,0.40313669865654955,0.12913752422096714
2365,0.5133683463915237,0.25006417056521274,0.4836009134212032,0.263304175826311,0.02976743297032053
2373,0.659659636170112,0.46743184554415756,0.5958357054532359,0.19222779062595446,0.06382393071687609
2384,0.5111870630518598,0.6149429426331963,0.4805717004380493,-0.10375587958133647,0.030615362613810482
2386,0.6837249958287701,0.3874826088606463,0.6061685514322083,0.2962423869681238,0.07755644439656184
2387,0.5516996737536464,0.25434414514081805,0.5240048198465468,0.2973555286128283,0.02769485390709958
2396,0.2714216203225894,0.11782319308885211,0.3259513779420735,0.15359842723373726,-0.05452975761948414
2400,0.1677294265386305,0.054569373269383444,0.18822784407206522,0.11316005326924705,-0.020498417533434732
2403,0.6294193106498913,0.4577829033779369,0.6153208471554001,0.1716364072719544,0.014098463494491176
2408,0.5107907897947083,0.2255797136945918,0.4424750609566975,0.2852110761001165,0.06831572883801079
2412,0.5939543794232544,0.27899340549653234,0.5810691630931019,0.314960973926722,0.012885216330152494
2414,0.4500392790528905,0.2783304675354806,0.5836328602426827,0.1717088115174099,-0.1335935811897922
2423,0.5118526280819751,0.27551654330262304,0.6364331429622094,0.23633608477935203,-0.12458051488023436
2432,0.13127255452071154,0.06969417238165271,0.24773713108933246,0.061578382139058835,-0.11646457656862091
2434,0.7317865189718026,0.418461569323338,0.602036691504441,0.3133249496484646,0.12974982746736163
2438,0.3679740724052209,0.2373701968911053,0.26326615858857566,0.1306038755141156,0.10470791381664524
2441,0.5996277514106144,0.40984043950618537,0.5804637503170271,0.18978731190442905,0.01916400109358729
2447,0.7948883904845834,0.5603694940951317,0.5950035284827502,0.23451889638945167,0.1998848620018332
2451,0.5011098968898295,0.2653496252219131,0.5617828256326497,0.23576027166791647,-0.060672928742820154
2472,0.5353895703776641,0.3294993674412448,0.6127857927235221,0.2058902029364193,-0.07739622234585797
2480,0.3903936477745013,0.2483549411099909,0.30863315029914673,0.1420387066645104,0.08176049747535458
2496,0.5979010752795715,0.5152992225617399,0.6419102019850829,0.0826018527178316,-0.04400912670551138
2497,0.6043790257257828,0.27182619536831754,0.4235932129131176,0.3325528303574653,0.18078581281266526
2498,0.6790329849505832,0.30097993121740724,0.4856231181831885,0.37805305373317594,0.1934098667673947
250,0.4246836849726304,0.07491815633067371,0.22835303909961457,0.3497655286419567,0.19633064587301585
2512,1.1737383757836928,0.44551522126537385,0.9793709399481678,0.7282231545183189,0.19436743583552496
2517,0.7470020310662752,0.420134711399602,0.7088606517594002,0.32686731966667315,0.038141379306875
2527,0.4962177814417431,4.083538645944756,0.3347470703630583,-3.5873208645030132,0.16147071107868483
2531,0.6507942396713665,0.3042826245123443,0.4070141082612262,0.34651161515902223,0.24378013141014032
254,0.7715660748338812,0.43488245049688007,0.6397168202202335,0.3366836243370011,0.13184925461364772
2540,0.8433371638475673,0.6434967034417621,0.7762738939882053,0.19984046040580516,0.06706326985936195
2542,0.923628657195915,0.4567107276851707,0.7413203522579247,0.46691792951074435,0.18230830493799033
2545,0.6236701446223515,0.2948756124875612,0.7082459044672768,0.32879453213479026,-0.08457575984492527
2548,0.40849451769009276,0.17656972497733936,0.496767634486186,0.2319247927127534,-0.08827311679609323
2551,0.7980441673112769,0.49296760753796276,0.6013226445841182,0.30507655977331416,0.1967215227271587
2560,0.32132921324252434,0.44985172448212085,0.3301716803200214,-0.12852251123959652,-0.008842467077497085
2564,0.21763327966515517,0.17717263089030644,0.2427545235230344,0.04046064877484873,-0.025121243857879227
2566,0.7479362991515527,0.6659276312449127,0.9393353344115052,0.08200866790663996,-0.1913990352599525
2573,0.441018401997988,0.31530690005218237,0.39413942426617876,0.1257115019458056,0.04687897773180921
2578,0.39855008779551643,0.22375336571137697,0.2941005738765193,0.17479672208413946,0.10444951391899715
258,0.5515997494301393,0.46186773960462424,0.4755691439291183,0.0897320098255151,0.07603060550102103
2588,0.5623633578065694,0.24929104428055515,0.49306353783948487,0.3130723135260143,0.06929981996708456
2591,0.705430302158944,0.5060203196101684,0.7195743853710838,0.19940998254877562,-0.01414408321213978
2594,0.38231263860028925,0.1911055126079967,0.35572778824801926,0.19120712599229253,0.026584850352269984
2605,0.5623881467843995,0.4798903248333656,0.4939814272445046,0.08249782195103394,0.06840671953989491
261,0.5153640501849373,0.44461513406204856,0.5153867537839691,0.0707489161228887,-2.2703599031892452e-05
2610,-0.07539381833274922,-0.10974976996173656,-0.07141339533450664,0.034355951628987344,-0.003980422998242583
2611,0.7067195337611991,0.5242244511854915,0.8813103054472484,0.18249508257570757,-0.1745907716860493
2615,0.7014947791797618,0.4882009078455398,0.6530069861698875,0.21329387133422195,0.04848779300987427
263,0.490557297928638,0.40944073837157113,0.40439629032588,0.08111655955706687,0.08616100760275802
2638,0.4589853502750072,0.590806735830564,0.5960723631521477,-0.13182138555555678,-0.13708701287714053
2639,0.3410067639877454,0.2852304232730129,0.3635316620917645,0.055776340714732475,-0.022524898104019142
2647,0.13689842294468568,0.14075644459681047,0.21589500165986414,-0.003858021652124788,-0.07899657871517846
2651,0.6511964419101545,0.49440350151095774,0.55048612681311,0.15679294039919672,0.10071031509704442
2673,0.5203741135029109,0.18036388185304114,0.3099442554892549,0.3400102316498697,0.21042985801365593
2678,0.6023389087749487,0.7636355338713329,0.7195464273617277,-0.1612966250963842,-0.11720751858677902
2679,1.0899791379336747,0.8724081694889843,1.0406206171549781,0.21757096844469048,0.049358520778696624
2684,0.7940150529461384,0.5520385645624346,0.7831764317912089,0.24197648838370378,0.010838621154929506
2690,0.11244446618339876,0.07734628098162799,0.06985723598202029,0.03509818520177077,0.04258723020137847
27,0.3784946137089918,0.3058708612074168,0.32772018347372894,0.07262375250157499,0.050774430235262846
2703,0.20179920323515163,0.09990843374392558,0.07535829711031715,0.10189076949122605,0.1264409061248345
2704,0.8083430021041877,1.0677382096324575,0.954166275420327,-0.2593952075282697,-0.1458232733161392
2708,0.39025236062414764,0.47794431229862533,0.5565247969360821,-0.08769195167447769,-0.1662724363119345
2709,0.7531323631873892,0.3880671337016421,0.6434243407921307,0.3650652294857471,0.10970802239525845
2711,0.32329703397742904,0.16882357374789758,0.3187149380391855,0.15447346022953146,0.004582095938243547
2717,0.7462541264548092,0.2587430953268575,0.5815769046210084,0.48751103112795163,0.16467722183380074
2721,0.43365802804857356,1.0049436566321284,0.597725793914121,-0.5712856285835548,-0.1640677658655474
2724,0.4957041330369824,0.204108983273584,0.45421460959783155,0.2915951497633984,0.041489523439150855
2733,1.2355320332232924,0.5409666451367253,1.0333400190678963,0.6945653880865671,0.20219201415539612
2753,1.2564307158529313,0.5172789279785072,1.0037402038919765,0.7391517878744241,0.2526905119609548
2770,0.5535355242529394,0.37016039245415105,0.4714858281083324,0.18337513179878834,0.082049696144607
2773,0.23012871820974393,0.08288546089215366,0.33064420196566774,0.14724325731759025,-0.10051548375592381
2774,0.4047967187078945,0.20891517497927384,0.4006360791358171,0.19588154372862068,0.004160639572077407
2775,0.789397094082493,0.850570163945967,0.6835954853002781,-0.06117306986347393,0.1058016087822149
2777,0.6200587801594328,0.45151143791767884,0.6284965558929164,0.168547342241754,-0.008437775733483588
2780,0.5432303918353988,0.36026112876633964,0.43705075058955856,0.18296926306905914,0.10617964124584023
2781,0.7762024290350878,1.7684131114605472,0.5734240771099623,-0.9922106824254594,0.2027783519251255
279,0.3201720791973779,0.3064453282697605,0.3872339511306711,0.013726750927617382,-0.06706187193329322
2795,0.31111104768920816,0.13625484336739896,0.3166184095561005,0.1748562043218092,-0.005507361866892324
2796,0.8506064124910094,0.481226466154429,0.7792708666867675,0.36937994633658044,0.07133554580424195
2798,0.9391989071496312,2.2689379310695714,1.2838091984491313,-1.3297390239199403,-0.34461029129950016
2801,0.4664782450399481,0.2681850989757498,0.5110251655092578,0.1982931460641983,-0.04454692046930969
281,0.01000391118219995,-0.0026695891568242107,0.06918872388007138,0.01267350033902416,-0.05918481269787143
2812,1.5905352499282746,0.5764244784871089,1.065878350883316,1.0141107714411657,0.5246568990449585
2816,0.7563182573891207,0.45246905244476376,0.6715106921447664,0.30384920494435697,0.08480756524435429
2824,0.22244717193900138,0.11052061434368769,0.15148207326772958,0.11192655759531368,0.07096509867127179
2840,0.7917600974389056,0.4910183780117409,0.5542949869602025,0.3007417194271647,0.2374651104787031
2850,-0.07399615362439015,-0.02276249809477109,-0.13519784096436716,-0.05123365552961906,0.06120168733997701
2859,0.15295357005028928,0.10730235076493537,0.18473513105606634,0.045651219285353914,-0.03178156100577706
286,0.5793394770229245,0.6239064604513006,0.6205343949176584,-0.04456698342837606,-0.04119491789473384
2868,1.4822782300690591,0.49502462145323506,0.9477023655713681,0.9872536086158241,0.534575864497691
2870,0.6345240310108373,0.24455842386779594,0.4144369064445755,0.3899656071430414,0.22008712456626184
2887,0.4557905429228318,0.30578222025090335,0.4929074083792959,0.15000832267192843,-0.03711686545646414
2890,0.6107431616037933,0.3339174194906437,0.8059332452778876,0.2768257421131496,-0.1951900836740943
2898,0.8348349975577269,0.5305110713224578,0.7011198582712408,0.30432392623526916,0.13371513928648615
290,0.7317865189718026,0.418461569323338,0.602036691504441,0.3133249496484646,0.12974982746736163
2903,0.5355333274543883,0.28888079858327476,0.42664594932265393,0.24665252887111355,0.10888737813173438
2906,0.6260614098355998,0.4990754525553681,0.7234552845737336,0.12698595728023165,-0.09739387473813388
2908,-0.11421470320872315,-0.08439061486359781,-0.010583820153882232,-0.029824088345125344,-0.10363088305484092
2914,0.6017191155521541,0.23326136712763612,0.45553441957281626,0.36845774842451795,0.1461846959793378
2917,0.7233459430993374,0.5399422241054354,0.9234546982294928,0.18340371899390207,-0.20010875513015536
292,0.7321849720728117,0.29380094538967383,0.6097777675504852,0.4383840266831379,0.12240720452232656
2921,0.4953335550158702,0.29231918944573304,0.6102868191458369,0.20301436557013713,-0.11495326412996676
2927,0.2649039903555699,0.15062380094926395,0.32159978713847276,0.11428018940630594,-0.056695796782902874
2931,0.23186028069820838,0.06461417767805522,0.29741344727437663,0.16724610302015316,-0.06555316657616825
2957,0.40487519121784005,0.2795504542743856,0.3552911441614275,0.12532473694345447,0.04958404705641256
2959,0.7002972798182646,0.37981278160881643,0.5970348250882666,0.3204844982094482,0.10326245472999807
296,0.12968588312361748,0.07099789647254455,0.1817139221530593,0.05868798665107293,-0.05202803902944181
2960,0.571569069563852,0.3083851136955482,0.4689843057197701,0.2631839558683038,0.10258476384408188
2962,0.5732627246503506,0.2978246579056421,0.43875411282356513,0.27543806674470844,0.13450861182678542
2965,0.5513741119445088,0.44006570972453074,0.5810955160995718,0.11130840221997806,-0.02972140415506297
297,0.3182848560419983,0.19722514147681652,0.26595264724146833,0.12105971456518178,0.05233220880052997
2975,0.9401670585724174,0.37780744978898134,0.8089310398241143,0.5623596087834362,0.13123601874830315
2983,0.5187197518318797,0.21959983829071367,0.5082488825060069,0.299119913541166,0.010470869325872822
2985,0.4295212765441581,0.2697676985779945,0.381433150490607,0.15975357796616363,0.04808812605355112
299,0.6592026744664861,0.3613394672619614,0.8040019459960933,0.29786320720452464,-0.14479927152960725
2995,0.5453614070023785,0.31625869979041904,0.6759494210471458,0.2291027072119594,-0.1305880140447674
3,0.49935719885334684,1.0788667738116127,0.4620234370278163,-0.5795095749582658,0.037333761825530554
3002,0.0831500585887834,0.11037767555106157,-0.02934117976340508,-0.02722761696227817,0.11249123835218848
3008,0.49646072775978684,0.2513841511113174,0.4301000387142201,0.24507657664846944,0.06636068904556675
3011,0.3743702778933546,0.34352370488142164,0.5244017243931068,0.030846573011932943,-0.15003144649975225
3020,0.25846710698449143,0.12252379847757247,0.36400166139580653,0.13594330850691896,-0.1055345544113151
3021,-0.14085463334420179,-0.05309614277544099,-0.13759867690750854,-0.0877584905687608,-0.0032559564366932414
3029,0.4688778741788779,0.22710033859601655,0.45892002568864965,0.24177753558286133,0.009957848490228238
3030,0.7587425887894429,0.5685883658476695,0.7559688420541387,0.19015422294177342,0.0027737467353041723
3031,0.3747672131385435,0.19488831564657588,0.29027237694645547,0.17987889749196762,0.08449483619208803
3034,0.9512862307800564,0.5635917814029942,1.023249187961542,0.3876944493770622,-0.0719629571814856
3037,0.7003943242342408,0.5258638305263079,0.7232247195009766,0.17453049370793283,-0.022830395266735803
3039,0.5419247679858855,0.2823652543122558,0.5065969443880798,0.2595595136736297,0.03532782359780573
3050,1.0131650293447614,0.5748590889094518,0.9043506306181025,0.43830594043530957,0.10881439872665888
3060,0.4118679844777979,0.2402700772701726,0.31170395696256087,0.17159790720762527,0.10016402751523701
3077,0.10114918405423702,0.16521689534915576,0.08045678391092363,-0.06406771129491874,0.02069240014331339
3080,0.4390847304564708,0.32173289756720935,0.3967039577216492,0.11735183288926143,0.0423807727348216
3091,0.43167169679238226,0.28838768959480077,0.5563487303813284,0.1432840071975815,-0.1246770335889461
3096,0.6585733666905772,0.3847265454194404,0.7493792171080326,0.2738468212711368,-0.09080585041745537
3098,0.5682619747969401,0.2831994644387195,0.5275447029774157,0.28506251035822056,0.04071727181952434
3099,0.4006720140692706,0.32794605233293805,0.44979237007676054,0.07272596173633256,-0.04912035600748993
31,0.4901645365801971,0.26524717851445745,0.5661012359257498,0.22491735806573965,-0.0759366993455527
310,0.650708657975997,0.4874338366252859,0.7046510883474686,0.16327482135071109,-0.05394243037147162
3101,-0.011972745736593227,0.008776458171921997,-0.035031573967573004,-0.020749203908515222,0.023058828230979777
3103,0.33801783983121986,0.2983117382503936,0.2881906998245774,0.03970610158082627,0.049827140006642456
3114,0.7709376183387587,0.5248124988709979,0.6090968461718995,0.24612511946776083,0.16184077216685921
3116,0.4557409170054835,0.2632624390912008,0.4218709524210109,0.19247847791428274,0.03386996458447261
3117,0.32605217293119937,0.23230700925835662,0.272613088202682,0.09374516367284275,0.05343908472851738
3118,0.35545069844703103,0.2267103762756644,0.5542672466775717,0.12874032217136663,-0.19881654823054062
3124,0.23036695746871447,0.22219301201149572,0.30058054003725165,0.008173945457218751,-0.07021358256853719
3127,0.41233527978575985,0.3721945341964638,0.4340884539929544,0.040140745589296034,-0.02175317420719458
3128,0.5523331776812586,0.39855840521662506,0.5591110799033651,0.1537747724646335,-0.006777902222106502
3138,1.2307808486368215,0.5428219448229556,0.8347667374523884,0.6879589038138658,0.3960141111844331
3146,0.253944157452445,0.11426987614096405,0.22138056988321636,0.1396742813114809,0.032563587569228614
315,0.43695936006021896,0.3789331047918893,0.4577571433682009,0.05802625526832966,-0.020797783307981932
3161,0.4127769409982411,0.34106810408843424,0.41117575826607955,0.07170883690980684,0.0016011827321615324
3162,0.33017884296539746,0.11971092061250833,0.25319266785395456,0.21046792235288914,0.0769861751114429
3167,0.5646216206074258,0.34047976689767095,0.4365268931850708,0.22414185370975487,0.128094727422355
317,0.6749604785455562,0.8461187620195126,0.5581898881910298,-0.17115828347395645,0.11677059035452642
3174,0.1496230853064786,-0.01583736371593141,0.13254175227756296,0.16546044902241003,0.017081333028915652
3175,0.19643035344937132,0.1607352047485051,0.036321339113510695,0.03569514870086621,0.1601090143358606
3178,0.5785495329478272,0.3565020459673988,0.43812649741556126,0.22204748698042837,0.14042303553226593
3184,0.6352046782361839,0.5017977523534827,0.5214977308053251,0.1334069258827012,0.11370694743085874
319,0.6490258921472319,0.32765311522171126,0.6251093814606372,0.3213727769255207,0.023916510686594727
3193,0.05479720212080685,0.24488436610327177,0.1225535594129527,-0.19008716398246492,-0.06775635729214585
3196,0.89603250559057,0.30087622306096473,0.6476104964229316,0.5951562825296053,0.24842200916763846
3204,0.6049358222115466,0.563120469201589,0.46898254532001643,0.041815353009957645,0.1359532768915302
3205,0.17411291609838725,0.04101071734547397,0.11265919149664937,0.1331021987529133,0.06145372460173788
3207,0.19210239350657715,0.159618941984424,0.20557047635152256,0.03248345152215315,-0.013468082844945412
321,-0.03847963111693401,-0.010020780998482715,0.10587261894710466,-0.028458850118451298,-0.14435225006403868
3212,0.5797005149128526,0.29113531161094075,0.48685377128949847,0.2885652033019118,0.0928467436233541
3213,0.5487675678069328,0.26851662853830327,0.49001491131168273,0.28025093926862954,0.05875265649525008
3214,0.4695834161399194,0.5520198954066596,0.685192581043492,-0.08243647926674025,-0.21560916490357263
322,0.476056109902006,0.31435932097749764,0.5215424469238954,0.16169678892450834,-0.04548633702188942
3222,0.2140334264591135,0.07432505510564565,0.21272674905862737,0.13970837135346786,0.0013066774004861226
3228,0.5002361900821413,0.2857453118982539,0.5256596365607792,0.21449087818388735,-0.025423446478637923
3253,0.5367258597781436,0.5317483180733412,0.5771989434056104,0.004977541704802357,-0.04047308362746682
3264,0.38395406655057135,0.3862511385732751,0.27055973531250693,-0.002297072022703739,0.11339433123806442
3276,0.23095820620771573,0.12587604064752225,0.26553904191906647,0.10508216556019348,-0.03458083571135073
3280,0.5514871341908567,0.18882652184315088,0.4742259560155229,0.36266061234770586,0.07726117817533379
329,-0.0383963804212445,-0.009660522369047778,0.11165868919145588,-0.028735858052196722,-0.15005506961270038
3295,0.3385920821516947,0.37697096416603865,0.40742735311992717,-0.038378882014343974,-0.0688352709682325
3298,0.4822423001248252,0.31915655989618785,0.6928271871460294,0.16308574022863737,-0.2105848870212042
3305,0.43871249801415685,0.2962900856407723,0.4004292405397821,0.14242241237338454,0.03828325747437472
3306,0.44387053982740543,0.32209338417448924,0.6227861288447717,0.12177715565291619,-0.17891558901736626
3320,0.9888830262077608,0.42789977805642276,0.7006566084129763,0.560983248151338,0.28822641779478453
3321,1.1147658351981335,0.4155529936372663,0.7966514609715987,0.6992128415608673,0.3181143742265349
3323,1.0980126401900154,0.46835937967455543,0.7255109179820118,0.62965326051546,0.3725017222080036
3326,0.6923098986991929,0.7880942422341677,0.8744244298371323,-0.09578434353497478,-0.1821145311379394
3329,0.5995487698686323,0.3057247362158135,0.5730907240450392,0.2938240336528188,0.026458045823593013
333,0.6815343495901678,0.31261899015539435,0.7521334513344771,0.36891535943477344,-0.07059910174430928
3330,1.037190884128147,0.6180506730770912,0.7335733011547526,0.4191402110510558,0.30361758297339436
3337,0.6683800930225529,0.5268529807710581,0.5706401143918782,0.14152711225149472,0.09773997863067463
3338,0.4953200851037862,0.21885624435323564,0.7725502122694866,0.2764638407505506,-0.2772301271657004
334,0.7449750373972429,0.3042510304901228,0.7691737786694411,0.4407240069071201,-0.024198741272198232
3349,0.6287050755756947,0.4622273009351852,0.5404554109226486,0.16647777464050945,0.08824966465304607
3361,0.36584973039040514,0.2010432970876798,0.2796160920910159,0.16480643330272535,0.08623363829938924
3364,0.24149230628795432,0.08253954341827131,0.21150233906744548,0.15895276286968302,0.02998996722050884
3378,0.6510266493881076,0.47410794929201083,0.48145519390825936,0.17691870009609678,0.16957145547984825
3386,0.6320255872890914,0.5391986212764667,0.6711167297946463,0.09282696601262475,-0.0390911425055549
3387,0.3808519023654169,0.3205538944309945,0.36072133866400663,0.06029800793442236,0.020130563701410253
3398,0.21889486848061526,0.20832605306506502,0.20149641715760402,0.010568815415550242,0.017398451323011238
3400,0.06095723234813209,-0.0037609235061298557,0.1265193206159124,0.06471815585426195,-0.0655620882677803
3401,0.08237327943287447,-0.016755063037520317,-0.010938317937909227,0.09912834247039479,0.09331159737078369
3406,0.4426402384789495,0.352986343247992,0.726667987323585,0.08965389523095751,-0.28402774884463544
3407,0.7697467355778241,0.6034249696803035,0.8473284599459078,0.16632176589752068,-0.07758172436808364
3408,0.5522750483158193,0.3450398215523136,0.5921555751832852,0.2072352267635057,-0.039880526867465904
3413,0.5245661248707139,0.32664301692607967,0.516707070422007,0.1979231079446342,0.007859054448706826
3418,1.2304056993778096,0.5071292500668868,0.8883687254034339,0.7232764493109228,0.3420369739743757
3426,0.5642251640299397,0.5276758803813212,0.7079255488525802,0.036549283648618536,-0.14370038482264047
3433,0.33572822090248017,0.12327547791795941,0.29362320377873513,0.21245274298452077,0.04210501712374504
3434,0.6681589570506467,0.4177709032949146,0.4079173344266923,0.25038805375573203,0.26024162262395434
3435,0.5918605511756717,0.2735426995170373,0.4904640150607115,0.3183178516586344,0.10139653611496019
344,0.46493360735137573,0.3236761880011437,0.5121401055267202,0.141257419350232,-0.04720649817534445
3441,0.7159592963429466,0.4609705049608124,0.6572411662100295,0.25498879138213426,0.05871813013291716
3444,0.3948617432083907,0.3369193379786601,0.3519696932132436,0.0579424052297306,0.042892049995147064
3447,0.611143517234618,0.6988005596773815,0.6313611126894918,-0.08765704244276351,-0.020217595454873782
3460,0.543905045453171,0.5948563693295555,0.5599256756608708,-0.05095132387638457,-0.016020630207699837
3474,0.5108178649277701,0.3737456356727307,0.45163707032663947,0.13707222925503942,0.05918079460113068
348,0.5167301195682987,0.6460237482223856,0.48651057555440486,-0.1292936286540869,0.030219544013893873
3481,0.5916923217387957,0.2555678205326883,0.44378902234843115,0.33612450120610743,0.14790329939036456
3486,0.5723024518176927,0.26185276398771984,0.6039570343209019,0.31044968782997284,-0.03165458250320918
3489,0.43637473721904046,0.3289480761438605,0.36608316333383034,0.10742666107517995,0.07029157388521012
3492,0.04729749603715127,-0.048307771187142245,-0.0013673790047942802,0.09560526722429352,0.04866487504194555
3503,0.5451597385068738,0.25027430902606806,0.5520368833592534,0.29488542948080576,-0.0068771448523795575
3507,0.6628794392024614,0.516025448038063,0.5768255520309356,0.14685399116439835,0.08605388717152584
3513,0.26656204392215394,0.2508503358189655,0.2641593295531598,0.01571170810318845,0.002402714368994141
3516,0.6790278058678538,0.6774861708498153,0.7978517358558128,0.0015416350180385008,-0.11882392998795899
3522,0.4209221951993039,0.2209896413803469,0.2712323877186648,0.199932553818957,0.1496898074806391
3532,0.41802170669286814,0.2677609843039868,0.36775857288755326,0.15026072238888133,0.050263133805314886
3539,0.07071613820505278,0.10028684370583076,0.12528398314287445,-0.029570705500777977,-0.05456784493782167
3542,0.9321486296835088,0.7512487117293837,0.8624504203792679,0.18089991795412508,0.06969820930424087
3543,0.23340900712325557,0.11784938605105506,0.3033269505128181,0.11555962107220051,-0.06991794338956253
3546,0.724777860644801,4.0896762923599566,0.701033622287349,-3.3648984317151553,0.023744238357451986
355,0.5803425228827442,0.42941561045749266,0.461654073301772,0.15092691242525158,0.11868844958097224
3550,0.13654908257845738,0.1486422075616481,0.2241298079621864,-0.012093124983190706,-0.08758072538372902
3554,0.3577321350695298,0.4600705128846759,0.4315072123015178,-0.1023383778151461,-0.073775077231988
3562,0.40005254266834434,0.45010147425535635,0.5531278440681304,-0.05004893158701201,-0.1530753013997861
3566,0.5709006931866609,0.316766966634222,0.6137543125512136,0.25413372655243893,-0.042853619364552675
3568,1.3068796744774354,0.4710611941291168,0.8614822655309542,0.8358184803483186,0.44539740894648117
3570,0.5999605111997738,0.39832212177222004,0.5501670418064014,0.20163838942755374,0.04979346939337237
3576,0.48292048907092094,0.35339505024961837,0.3984715353021748,0.12952543882130257,0.08444895376874617
3581,0.5542534906616486,0.41692224994277866,0.6321209491119713,0.13733124071886998,-0.07786745845032261
3582,0.32839120330290716,0.1599928501532274,0.2766275139721937,0.16839835314967977,0.05176368933071346
3586,0.5583736242049263,0.3111426507958081,0.6043280762591309,0.2472309734091182,-0.045954452054204564
3590,0.8863196841287798,0.6021642095176091,0.93302214258031,0.28415547461117074,-0.046702458451530204
3595,0.5501428864327842,0.24577412160814957,0.47417388293240453,0.3043687648246346,0.07596900350037966
3598,0.2734370076301256,0.3170136705833069,0.29658928905512677,-0.0435766629531813,-0.023152281425001198
360,0.48313556318470696,0.34464639975461553,0.5564038596857828,0.13848916343009143,-0.0732682965010758
3600,0.6430693308553279,0.4407783749916501,0.609993220195277,0.2022909558636778,0.033076110660050895
3603,0.44292895580803604,0.2730947052759484,0.41293718872933344,0.16983425053208762,0.029991767078702603
3605,0.48357518756903906,0.2767488953932627,0.49515993120463964,0.20682629217577636,-0.01158474363560058
3606,0.3223423759337073,0.11035357800755671,0.396753886063089,0.21198879792615058,-0.07441151012938169
3614,0.6612524454029189,0.5408191006397829,0.6250904175649201,0.12043334476313605,0.03616202783799882
362,0.48450418927894706,0.22911139736948563,0.36904364952411595,0.2553927919094614,0.11546053975483112
3623,0.5256622331185736,0.617176879817698,0.5064048774987387,-0.09151464669912435,0.01925735561983488
3624,0.5742153302018976,0.31652393134298623,0.5975867139494229,0.2576913988589114,-0.02337138374752523
3631,0.6454924911753895,0.40020862924310063,0.5061576582151186,0.2452838619322889,0.13933483296027094
3654,0.7549216800473488,0.6640956365694624,0.9357910733859238,0.09082604347788648,-0.180869393338575
366,0.6625767934236557,0.4185244890214458,0.6016063497870542,0.24405230440220993,0.060970443636601535
3669,0.6321287501020545,0.36175612716360095,0.6029444007964683,0.27037262293845354,0.02918434930558622
3671,0.47471275217063286,0.4339851955754477,0.6172111707366088,0.04072755659518518,-0.14249841856597595
3674,0.6139245014333681,0.35508622944889795,0.44918433717376605,0.2588382719844701,0.16474016425960203
3683,0.9652820710307429,0.49789663944578416,0.8219570460250462,0.46738543158495877,0.14332502500569677
3686,0.5084932258729503,0.3620781621568027,0.41165552448719345,0.1464150637161476,0.09683770138575687
369,0.3557033974270075,0.12036719380490457,0.2706528089636337,0.23533620362210295,0.08505058846337382
3694,0.32317345461993785,0.11279521683683784,0.24596112233463868,0.2103782377831,0.07721233228529917
3695,0.40517777707078223,0.2527909968508395,0.48540055087890804,0.15238678021994273,-0.08022277380812581
3700,0.6678254732866974,0.3759226862889687,0.770863169042805,0.2919027869977287,-0.10303769575610766
3702,0.4809532789525475,0.2610715999914733,0.5763153048479864,0.21988167896107425,-0.0953620258954389
3714,0.4664684673440651,0.22343131294932303,0.45834056702220277,0.24303715439474208,0.008127900321862336
3717,0.5262478645819147,0.3206604760844719,0.3870789692018443,0.20558738849744285,0.13916889538007043
3723,0.5195185950061739,0.19013060538435758,0.37096651564445343,0.32938798962181637,0.1485520793617205
3725,0.6072280883848786,0.2707160309649281,0.424977528315136,0.33651205741995055,0.1822505600697426
3727,0.04457385142736731,-0.0013305366100752776,0.060569652472534964,0.04590438803744259,-0.01599580104516765
3734,0.8869847809653962,0.5373376447089812,1.019461889025333,0.3496471362564151,-0.13247710805993684
3741,0.14319842446816475,-0.031430588442566854,0.1250008166260111,0.1746290129107316,0.018197607842153657
3742,0.6020822158503187,0.4109472397161708,0.5426127716139519,0.19113497613414793,0.0594694442363668
3750,0.6711727539817945,0.41628471273325257,0.5541674643770457,0.254888041248542,0.11700528960474887
3761,0.2639862453912094,0.27732719497608305,0.2609677320711398,-0.01334094958487364,0.0030185133200695824
3762,0.7702398459404824,0.3842659411470941,0.6758463248984257,0.38597390479338833,0.09439352104205678
3771,0.298925985624366,0.17934259881089648,0.3377091989060073,0.11958338681346953,-0.038783213281641304
3774,0.5091205574386796,0.41891679803607534,0.5460941125631333,0.09020375940260422,-0.03697355512445377
3775,0.5808236192722024,0.28004195947995436,0.3890208614762483,0.300781659792248,0.19180275779595407
3779,0.5743783605255941,0.5458341470811676,0.6776735323421827,0.02854421344442648,-0.10329517181658865
3780,0.34456035010433683,0.19656310433232604,0.3099948001409974,0.1479972457720108,0.03456554996333944
3784,0.5158138693208625,0.25424811025019184,0.600919708530775,0.26156575907067064,-0.08510583920991255
3785,0.2756336564215685,0.07452052602896646,0.26431958487450796,0.20111313039260204,0.011314071547060545
379,0.17343291801460886,0.1361897994192534,0.23238167462606005,0.03724311859535545,-0.058948756611451186
3809,0.960127225160778,0.6398105566647191,0.7775064277775672,0.3203166684960589,0.1826207973832108
3812,0.6634942186581113,0.4562488721360422,0.5547784403235799,0.2072453465220691,0.10871577833453139
3819,0.575282736243041,0.5811476581500691,0.5937045175343729,-0.005864921907028031,-0.018421781291331873
3822,0.3774462185518543,0.34602332986010953,0.3726761017729761,0.031422888691744755,0.004770116778878175
3829,0.3182037023781916,0.1583969136720122,0.17421425829553228,0.15980678870617943,0.14398944408265935
3834,0.49907823404610285,0.23745049635920468,0.5091281971220222,0.2616277376868982,-0.010049963075919321
3835,0.1859615583978369,0.2894676636600006,0.39069367880948463,-0.1035061052621637,-0.20473212041164773
3837,0.5279162333687943,0.34529080630129194,0.4641464887607505,0.1826254270675024,0.06376974460804385
3838,0.26919911905037014,0.2976437274666912,0.35770525243603685,-0.02844460841632107,-0.08850613338566671
3841,1.0139877678564293,1.814001041968019,0.7615426567069812,-0.8000132741115897,0.2524451111494481
385,0.3099674180592854,0.2685866276655351,0.33334468882408286,0.04138079039375031,-0.023377270764797453
3852,0.5475741940810647,0.26011792818608914,0.6262455126370983,0.2874562658949755,-0.0786713185560336
3859,0.4647175837483395,0.2603096825872184,0.3602060020665709,0.20440790116112106,0.1045115816817686
3864,0.5367160728774114,0.25505523958567317,0.48834158076106765,0.28166083329173824,0.04837449211634376
3870,0.4379530500669756,0.2851528142870676,0.47760672256295095,0.15280023577990798,-0.039653672495975345
3883,0.5999952379089305,0.2927306413222473,0.5898733151044506,0.3072645965866832,0.010121922804479877
3884,0.4275838611448555,0.24743961024547492,0.4394626651443157,0.1801442508993806,-0.011878803999460175
3886,0.3482308658469177,0.17275744286962083,0.360362706301981,0.17547342297729687,-0.01213184045506327
389,0.4236175305319861,0.47033472213858,0.37587267124691337,-0.04671719160659393,0.047744859285072716
3894,0.17726718527719582,0.07248160390071237,0.10207908689621778,0.10478558137648344,0.07518809838097804
3907,0.4221492947510507,0.3138863584666639,0.32801981020378923,0.10826293628438677,0.09412948454726144
391,0.28251160805524983,0.23763455905202827,0.2197140839978642,0.044877049003221564,0.06279752405738562
3911,0.6989224944112086,0.43893538503367036,0.46918311013365865,0.2599871093775382,0.22973938427754992
3912,0.5135784482744692,0.5668942166785048,0.4570476045147607,-0.053315768404035624,0.056530843759708516
3915,0.6095008868657891,0.26528128996578876,0.4650457213011414,0.3442195969000003,0.14445516556464766
393,0.42288008136646793,0.19441298022841846,0.41262676873213666,0.22846710113804947,0.010253312634331269
3936,1.119482120813715,0.8001307903035016,1.285220899193375,0.31935133051021325,-0.16573877837966
3960,0.4588638257701929,0.3035782863792899,0.5022969405255173,0.155285539390903,-0.04343311475532441
3967,0.4800963980737939,0.7170531695086414,0.5594419734391396,-0.2369567714348475,-0.0793455753653457
397,0.46849184798954524,0.13978434059409023,0.26381807094421317,0.328707507395455,0.20467377704533207
3980,0.18847833992161672,0.08778974235880309,0.18502844418305564,0.10068859756281363,0.0034498957385610818
3982,0.552150383024551,0.49781643883822224,0.5418753850281419,0.05433394418632875,0.010274997996409074
3986,0.4883152590760232,0.2906371086395143,0.4481895157746588,0.19767815043650888,0.04012574330136437
399,0.32631274393065857,0.16791417460568192,0.278795097340894,0.15839856932497665,0.04751764658976454
3993,0.4282431257227285,0.22297578245297645,0.392496746336766,0.20526734326975205,0.03574637938596248
3995,0.31551768096591376,0.20333948149410286,0.351531456273577,0.1121781994718109,-0.036013775307663254
400,0.22809258199703025,0.2079958953523828,0.21321009199108815,0.02009668664464745,0.014882490005942106
4001,0.2614131976955837,0.17899873219668638,0.17946970238529833,0.0824144654988973,0.08194349531028536
4013,0.30159260344665667,0.2247409904052472,0.31754657082258225,0.07685161304140947,-0.015953967375925582
4017,0.24132414553942375,0.11218471745313638,0.23541918350106794,0.12913942808628737,0.005904962038355804
4023,0.27409276155574425,0.23148936125413702,0.3748208432375368,0.042603400301607225,-0.10072808168179254
4024,0.30051698971404894,0.1739721194726537,0.2994782304241399,0.12654487024139524,0.0010387592899090414
4026,0.14132683048544967,0.1642670267930599,0.22059115946698532,-0.02294019630761024,-0.07926432898153565
4031,0.13314619683993037,0.10188237410734952,0.09423897871872693,0.031263822732580854,0.038907218121203443
4040,0.5925351005546612,0.376787066738945,0.555849035210899,0.21574803381571617,0.036686065343762175
4043,0.5652818693511347,0.305492233643193,0.464495877646419,0.25978963570794167,0.1007859917047157
4048,0.4543905332563207,0.2853006320900124,0.44377212054299153,0.1690899011663083,0.01061841271332914
4058,0.7688930392975138,0.6133085185372049,0.6868396571874512,0.15558452076030893,0.08205338211006263
407,0.47458978644028826,0.38656927522927137,0.5132602260603044,0.0880205112110169,-0.03867043962001615
4073,0.5427581288678519,0.35467126991934445,0.49951136918898514,0.18808685894850746,0.043246759678866764
4077,0.6944904715173512,0.592075983628386,0.5519007056880979,0.10241448788896523,0.1425897658292533
4081,0.49467999684750336,0.35800266320782426,0.469456361498876,0.1366773336396791,0.02522363534862737
4084,1.4275204267475128,0.6853715758341956,1.0332227362258444,0.7421488509133172,0.3942976905216684
4086,0.4497461694582599,0.25992997362191256,0.47679177242218673,0.18981619583634735,-0.02704560296392683
4088,0.6656290248645055,0.3750628138333762,0.6623001970223308,0.2905662110311293,0.0033288278421746975
4090,0.9244827180791008,0.42536724154712263,0.6470698276117017,0.49911547653197813,0.27741289046739903
41,0.594609681861665,0.3443422681077545,0.6235947857274197,0.2502674137539105,-0.028985103865754702
4104,0.644276902083139,0.2816798085276739,0.6006959275492355,0.36259709355546516,0.04358097453390353
411,0.69069193660492,0.4924639886594443,0.7627903979737608,0.1982279479454757,-0.0720984613688408
4112,0.5116951880667795,0.37261959607133927,0.570010663461053,0.13907559199544023,-0.05831547539427351
4116,0.42413723899458056,0.4597920240305518,0.3160950978343416,-0.03565478503597125,0.10804214116023897
4119,0.629934375604256,0.3755871047823262,0.4960059750259335,0.2543472708219298,0.1339284005783225
412,0.9095406840571458,1.1135346465895382,1.019000277640436,-0.20399396253239233,-0.10945959358329027
4121,0.48503221310892114,0.3039504118765722,0.4592159255828174,0.18108180123234896,0.025816287526103765
4125,0.42040159271770217,0.31064028741879823,0.3829661140887918,0.10976130529890393,0.03743547862891039
4130,0.31635883573158907,0.30905627223152304,0.4120651762468569,0.007302563500066028,-0.09570634051526783
4132,0.6557270696273714,0.6119427772321674,0.7027974206155527,0.04378429239520398,-0.04707035098818135
4136,0.43581827272143386,0.20561288631461133,0.354537605164957,0.23020538640682253,0.08128066755647684
4137,0.1933957885708176,0.161906132121881,0.20755516058487417,0.03148965644893659,-0.014159372014056565
4145,0.36541719860674554,0.2892527021377365,0.3622600714228934,0.07616449646900902,0.0031571271838521375
4152,0.2448466802357067,0.20354192267766796,0.22607937441496087,0.041304757558038724,0.018767305820745817
4154,0.40347006991535556,0.4874923487544134,0.4076024289071688,-0.08402227883905783,-0.004132358991813245
4168,0.6518026789037062,0.5441702421615939,0.5537167922952075,0.10763243674211231,0.0980858866084987
4171,0.5656481316350336,0.36769761013917285,0.511009431352813,0.19795052149586073,0.05463870028222062
4173,0.9568133891536077,0.5169443750665843,0.7091672923713966,0.4398690140870234,0.24764609678221106
4174,0.9352852910495577,0.5728192344716683,0.9626351877211736,0.36246605657788944,-0.027349896671615914
4177,0.5169116979839333,0.5385745289258871,0.47817093063550453,-0.02166283094195376,0.038740767348428795
4178,0.6974392057902044,0.6012165340742635,0.7031443656893963,0.0962226717159409,-0.005705159899191958
4183,0.6453047421618918,0.4211613410490448,0.7183591401906976,0.22414340111284703,-0.07305439802880576
4186,0.33672373657078103,0.23658242925787015,0.40369181663818726,0.10014130731291088,-0.06696808006740623
4187,0.2658716700550364,0.21592271850342198,0.27802984185892354,0.04994895155161444,-0.012158171803887119
4189,0.7101423237980462,0.43425831140606197,0.5404838866900673,0.27588401239198423,0.1696584371079789
4201,0.32150050897422444,0.23308418294599206,0.5484287102236859,0.08841632602823238,-0.22692820124946145
4205,0.673815565301925,0.3890759683110154,0.6376265954602959,0.2847395969909096,0.036188969841629115
4212,-0.04395633177203366,0.12904602757432035,0.02904530628682257,-0.173002359346354,-0.07300163805885623
4216,0.3575144631412562,0.3726483352892668,0.4314037552873999,-0.015133872148010596,-0.0738892921461437
4217,0.8151922006412191,1.08119213839056,0.7284860625133703,-0.26599993774934094,0.08670613812784878
4224,0.6614825434277636,0.40924114988809285,0.5176642322133089,0.25224139353967073,0.14381831121445465
4227,0.6619582399562157,0.538238982136692,0.793311440054757,0.12371925781952375,-0.13135320009854123
4232,0.0786238214943077,0.04777422189723724,0.0647720882620944,0.03084959959707046,0.013851733232213309
4236,0.3088116891150357,0.29158559601946527,0.3243056474182375,0.01722609309557044,-0.015493958303201771
424,0.3683817796859136,0.25022433556658313,0.39455582459168725,0.11815744411933049,-0.02617404490577363
4240,0.9390704359648985,1.6792587842716848,0.7885107101172107,-0.7401883483067864,0.15055972584768773
4241,0.1813663104327052,0.07447041985865809,0.0474136195070029,0.10689589057404712,0.1339526909257023
4244,1.227224976966582,0.4457647497342428,0.9795855196845183,0.7814602272323392,0.2476394572820636
4247,0.8166438013233741,0.4337308675680597,0.6874610538629449,0.38291293375531443,0.12918274746042924
4248,0.813679423657745,0.6251330557663518,0.7475902457133186,0.18854636789139323,0.06608917794442648
4249,0.8697360544495065,0.5410390136612212,0.8014645308075171,0.3286970407882853,0.0682715236419894
4253,0.41403934988093694,0.257813635569531,0.4445392520765019,0.15622571431140592,-0.030499902195564976
4254,0.4358130206043163,0.20756527826673912,0.48594481271023426,0.2282477423375772,-0.05013179210591795
4258,0.8394629257535505,0.46132514021789645,0.7069237525242905,0.3781377855356541,0.13253917322926
426,0.3189360614007668,0.3205915985225869,0.2852003543837558,-0.0016555371218200943,0.03373570701701101
4266,0.59509310471276,0.23543658870667303,0.5802708241049862,0.35965651600608695,0.014822280607773797
4268,0.6858825974702016,0.3063388751143917,0.4512438088360507,0.37954372235580996,0.23463878863415094
427,0.49847861302719976,0.24440211342838336,0.43760785920518713,0.2540764995988164,0.060870753822012624
4271,1.2856807218346367,0.5307173372519792,1.0612621956120158,0.7549633845826574,0.22441852622262082
4272,1.2458668697427036,0.3561391648838423,0.7482992936039679,0.8897277048588612,0.4975675761387357
4273,0.07992375314099949,0.0620503721496689,0.09023462590537817,0.01787338099133059,-0.010310872764378684
428,0.4864367488474773,0.09642137881296875,0.2737458176445344,0.39001537003450854,0.2126909312029429
4283,0.6296159102800297,0.4712815345620308,0.46971038479634475,0.1583343757179989,0.15990552548368497
4290,0.7492931677553741,0.5611189369306733,0.817896740795255,0.18817423082470086,-0.06860357303988085
4299,0.685605711556198,0.3320119795547093,0.4961517157360557,0.3535937320014887,0.18945399582014227
430,0.6046857869698553,0.3986798282145609,0.7789717418790895,0.20600595875529443,-0.17428595490923415
4305,0.4740527462915684,0.2129815320631593,0.32611476161809955,0.26107121422840907,0.14793798467346886
4309,0.35236268367470314,0.24051256356354495,0.40583145262702597,0.11185012011115819,-0.05346876895232283
4312,0.9402188714126767,0.6621467028349187,0.8651481601343292,0.27807216857775796,0.07507071127834752
4313,0.38328591099275455,0.33353870616808456,0.38878808273188475,0.04974720482466999,-0.005502171739130202
4319,0.39541326512493835,0.3348175378469269,0.41341829636976524,0.060595727278011435,-0.018005031244826886
4334,0.709239200674527,0.37817780923969146,0.47394008933928605,0.3310613914348355,0.2352991113352409
4336,0.3453713033743859,0.21137974615920924,0.40000290914108155,0.13399155721517664,-0.05463160576669568
4346,0.3716051695106999,0.138760262788193,0.3569344956123497,0.23284490672250688,0.014670673898350195
4347,0.43941675274578423,0.32828280712255836,0.4123862281587067,0.11113394562322587,0.027030524587077553
4355,0.5309464396460609,0.3075020638113615,0.5102191073802825,0.2234443758346994,0.020727332265778386
4361,0.44874951917263883,0.41369629769017147,0.39357409674082483,0.03505322148246737,0.055175422431814
4362,0.39315424740892474,0.19514352911110475,0.4735590316119276,0.19801071829782,-0.08040478420300284
437,0.5747567641148887,0.4664936035931416,0.6121747315837278,0.10826316052174711,-0.037417967468839075
4375,0.5528809438179513,0.3761537621630073,0.4526438092224633,0.176727181654944,0.100237134595488
4376,0.6364444622830994,0.41964009801065894,0.6199616666431449,0.21680436427244043,0.016482795639954473
4377,0.5908568515109298,0.38098235674126957,0.7981334555222404,0.20987449476966025,-0.20727660401131054
4383,0.6852560667491359,0.2494977706446073,0.6063743717266381,0.43575829610452854,0.07888169502249776
4391,0.4492674962306283,0.5694990885177915,0.4371117339965955,-0.12023159228716324,0.012155762234032808
4400,0.43341856804958456,0.3424801601031649,0.4282611366626558,0.09093840794641966,0.005157431386928757
4402,0.6523783582114223,0.3687339413254391,0.5733085068019834,0.28364441688598324,0.0790698514094389
441,0.5616104154856153,0.3401063261682386,0.5339750988203578,0.2215040893173767,0.027635316665257537
4412,0.575086860200195,0.33523536540789994,0.6397225700532434,0.239851494792295,-0.06463570985304845
442,0.6013865497236979,0.47721860513803116,0.7426245567747586,0.12416794458566671,-0.1412380070510607
4428,0.45959238315410383,0.2013470136670989,0.3921377431781692,0.25824536948700494,0.06745463997593465
443,0.682734552610825,0.43965927159716245,0.6748728987806769,0.2430752810136626,0.007861653830148141
4436,1.0648322245439847,0.5545078799281531,1.1471977566653029,0.5103243446158316,-0.08236553212131814
4439,0.6203604224213238,0.3227157089409707,0.7164136345468395,0.29764471348035315,-0.09605321212551565
4442,0.6885985590715953,0.40121166644411455,0.6379373741080997,0.28738689262748074,0.05066118496349559
4443,1.2090656660404762,0.546827547790121,0.7409423429355197,0.6622381182503552,0.4681233231049564
4449,0.4147341518726763,0.3452038999501592,0.4343434065108517,0.0695302519225171,-0.019609254638175366
4452,0.30045440596897205,0.1463686931448634,0.2500258988799135,0.15408571282410866,0.05042850708905855
4461,0.6413199268915054,0.23737875942674128,0.4233000128887161,0.40394116746476416,0.2180199140027893
4463,0.6069328995610286,0.47638141688281155,0.5746191248308925,0.13055148267821703,0.03231377473013608
4477,0.27187942501804696,0.18172496596830473,0.1593162959672023,0.09015445904974223,0.11256312905084467
448,1.2870467215642487,0.4590036275926893,0.9777976400245253,0.8280430939715594,0.3092490815397234
4482,0.43185598507151657,0.3045147041680567,0.5252887493336769,0.12734128090345986,-0.0934327642621603
4486,0.785099813358578,0.5107023525245075,0.9096471996269263,0.2743974608340706,-0.12454738626834827
4487,0.7048373252570186,0.6788933042721419,0.5896338414793368,0.025944020984876692,0.11520348377768175
4491,0.6334379312471867,0.4900437800542406,0.6300524785342705,0.14339415119294613,0.003385452712916237
4492,0.590656032393785,0.7430319645982244,0.5243643637842422,-0.15237593220443946,0.06629166860954272
4496,0.5142590947176684,0.33111777673902504,0.4122103301232197,0.18314131797864336,0.10204876459444867
4502,0.37127169314853503,0.19689211572155893,0.44253301817319685,0.1743795774269761,-0.07126132502466181
451,0.5995616091565422,0.3563525235177984,0.807531837087206,0.24320908563874383,-0.20797022793066378
4516,1.1455496600944464,0.5490148995663156,1.1954834345895153,0.5965347605281308,-0.04993377449506897
4524,0.6273137996850785,0.35163709780876945,0.7592870712350408,0.27567670187630905,-0.1319732715499623
4544,0.31417653986522065,0.23322101024869937,0.26552111129857475,0.08095552961652128,0.0486554285666459
4547,0.24277945005806262,0.41538878275625835,0.20956306765971022,-0.17260933269819573,0.033216382398352395
4550,0.3972824813531908,0.26958471494605424,0.18442934043588516,0.12769776640713654,0.21285314091730562
4554,1.0814119755859142,0.4620231031359199,0.7673338133068636,0.6193888724499943,0.3140781622790506
456,0.8757952190053008,0.6208659352460887,0.7943646516242577,0.2549292837592121,0.08143056738104304
4560,0.6427862074692292,0.20533942138331757,0.5185384882194022,0.43744678608591164,0.12424771924982703
4567,0.49895287994178533,0.27243640632441424,0.41912900074912685,0.2265164736173711,0.07982387919265849
4580,0.33774769768117235,0.20145078263632937,0.3709512002395202,0.13629691504484298,-0.033203502558347864
4587,0.2669990769131209,0.37536862754135714,0.21859425107555872,-0.10836955062823622,0.0484048258375622
4589,0.7483957273418647,0.5743312270318907,0.5930115721247107,0.174064500309974,0.15538415521715399
46,0.3834007072541944,0.31899359173597075,0.4093645584821911,0.06440711551822365,-0.025963851227996715
4601,0.26127825244844594,0.27521311391102765,0.13372786175797216,-0.013934861462581716,0.12755039069047377
4606,0.6217228939761907,0.4899066718261572,0.8472173029650597,0.13181622215003352,-0.22549440898886897
4614,1.1278347396000408,0.7763586974384439,0.9557099306542554,0.3514760421615969,0.1721248089457854
4618,0.4835884836727652,0.4463183402173746,0.397712213426138,0.03727014345539059,0.0858762702466272
4620,0.5598633310718872,0.6210725521555976,0.5377639691581406,-0.06120922108371041,0.022099361913746618
4653,0.7275020035416336,0.6283852661864231,0.5657481453460808,0.09911673735521054,0.16175385819555288
4654,0.3426604050275884,0.24119235544572268,0.3746386588761054,0.1014680495818657,-0.031978253848517046
4659,0.5529692223311187,0.6866115303315129,0.5718690672056855,-0.13364230800039423,-0.018899844874566862
4662,0.5973117011946762,0.2753648633021092,0.6710963248541679,0.32194683789256706,-0.07378462365949168
4667,0.7246834732255711,0.4958783595891572,0.8476778994244766,0.22880511363641393,-0.12299442619890544
4671,0.44599453679614354,0.18866574349352294,0.44112007427034156,0.2573287933026206,0.004874462525801981
4672,0.8624426618146696,0.6142977689354302,0.729636108593296,0.24814489287923935,0.13280655322137358
4673,0.2834849442293774,0.14894844651231903,0.21241212557016972,0.1345364977170584,0.0710728186592077
468,0.44946678915904986,0.26624422740101,0.47597250785287043,0.18322256175803986,-0.026505718693820568
4680,1.1199938130623481,4.334242818631128,1.0329307164090986,-3.21424900556878,0.08706309665324952
4689,0.593606544841351,0.43816838044988676,0.6310811685571569,0.15543816439146424,-0.0374746237158059
4692,0.4939725633148588,0.20662264901127098,0.3164472758410242,0.2873499143035878,0.17752528747383456
47,0.36269507111735977,0.2971903441709334,0.40183061558423283,0.0655047269464264,-0.03913554446687306
4702,0.3719022845711642,0.22727604157542725,0.3306978642937727,0.14462624299573695,0.04120442027739152
4710,0.5333818062161726,0.3874395179683756,0.5533266866679587,0.14594228824779698,-0.019944880451786107
4712,0.1243464680671613,0.24220465463111798,0.13640816526029892,-0.11785818656395668,-0.012061697193137613
473,0.2711601171884591,0.22530337493006367,0.18066872521837604,0.04585674225839545,0.09049139197008307
475,0.39440505757390826,0.4601553285998648,0.5147643127608034,-0.06575027102595654,-0.12035925518689511
4764,0.5135831809457709,0.5518930501437018,0.5456576428314096,-0.03830986919793089,-0.03207446188563867
4767,0.7228215556176335,0.41358970282498814,0.6018148760092138,0.30923185279264537,0.12100667960841971
4772,0.5983101727344419,0.36244507200877657,0.6603621538062201,0.2358651007256653,-0.06205198107177823
4776,0.4425811242703233,0.22383810571487,0.40257337538791943,0.2187430185554533,0.04000774888240388
4780,0.8906208760966144,0.5430716852664015,0.7563160822492206,0.34754919083021296,0.1343047938473938
4784,0.8563377448252566,0.613503891670785,0.8636458795205458,0.2428338531544716,-0.007308134695289237
4798,1.5107625769663313,0.5944321370124314,1.0393730756080544,0.9163304399539,0.47138950135827695
4799,0.685824115859743,0.5627962647425246,0.6209860602157967,0.12302785111721837,0.06483805564394629
4803,0.8626566722314052,0.49450286000674726,1.0439194011865172,0.36815381222465793,-0.18126272895511197
4809,0.6438140323009316,0.31240731553901036,0.5658497517974378,0.33140671676192124,0.0779642805034938
4813,0.48881562025346603,0.3835006817939877,0.48494638866768963,0.10531493845947831,0.0038692315857764004
4826,0.6926878723975918,0.44964392390554386,0.6131649275724925,0.2430439484920479,0.07952294482509925
4831,0.8859346221442025,0.47806949010345523,0.7118401565001719,0.40786513204074726,0.17409446564403064
4833,0.5422599805327366,0.4596064020516151,0.49849623278253075,0.08265357848112148,0.04376374775020586
4837,0.2783383738280643,0.11864756097509464,0.29673321691603266,0.15969081285296965,-0.01839484308796835
4838,0.5080771095810943,0.32570695913704495,0.3613375501013714,0.18237015044404936,0.1467395594797229
484,0.41326789627036464,0.20122003001981267,0.40052380951328115,0.21204786625055197,0.012744086757083495
4845,0.3875967304563102,0.3585921809748822,0.4812672294265576,0.029004549481428,-0.09367049897024737
4848,0.662344901278764,0.6321278359323904,0.509422702474172,0.030217065346373584,0.152922198804592
4851,0.3694517440979871,0.25273470260283903,0.45285868202778207,0.11671704149514806,-0.08340693792979498
4854,0.5539006909867885,0.4056494334016703,0.6318360943745366,0.1482512575851182,-0.07793540338774807
486,0.4720757721427796,0.28948616986531056,0.5523497008721996,0.18258960227746907,-0.08027392872941996
4871,0.551532980873,0.5002135650879027,0.7117153779264637,0.051319415785097244,-0.1601823970534637
4874,0.06275548037977444,0.05864837656181613,-0.020075249405807988,0.004107103817958306,0.08283072978558242
4881,0.6041094324862939,0.49911990364441666,0.6064149068282134,0.10498952884187723,-0.0023054743419195223
4882,0.32811180098367765,0.2610000503299229,0.34377581955470343,0.06711175065375474,-0.015664018571025784
4887,0.26622255327910127,0.25494018501710564,0.3617324535898224,0.011282368261995634,-0.09550990031072115
4890,0.3945686646650075,0.2578202957438746,0.4352612309293706,0.1367483689211329,-0.04069256626436307
4896,0.585563156888485,0.17342098515800125,0.5725807446487409,0.4121421717304838,0.012982412239744168
4909,0.33025184960210086,0.175231021639727,0.23915671159474472,0.15502082796237385,0.09109513800735614
491,0.6840411148166521,0.48213306207660034,0.712012430032145,0.20190805274005175,-0.027971315215492898
4913,0.715571171952927,0.6645459517305592,0.8073330955354503,0.05102522022236777,-0.09176192358252333
4917,0.6799046245533681,0.6725724895720947,0.9308256869902234,0.007332134981273386,-0.2509210624368553
4921,0.32899768744128827,0.16771608587597783,0.3155277270500451,0.16128160156531043,0.013469960391243152
4928,0.372083883360039,0.24108365048823738,0.25888582975314867,0.13100023287180163,0.11319805360689034
4930,0.3705879227456391,0.21231350197636373,0.27994374445222686,0.1582744207692754,0.09064417829341226
4933,0.561269043334033,0.6233979269435367,0.537798826710113,-0.06212888360950364,0.023470216623920015
4934,0.4720547818699251,0.35651750720049524,0.7238416683687775,0.11553727466942987,-0.2517868864988524
494,0.25626378073464057,0.2603578438962658,0.22720273902495292,-0.00409406316162525,0.02906104170968765
4951,0.7440184022685002,0.3460132063115318,0.5117507905178446,0.3980051959569684,0.2322676117506557
4953,0.3424474943908949,0.23239713736394535,0.2172471241253004,0.11005035702694954,0.1252003702655945
4955,0.7645240318595921,0.537924527573941,0.7453787956543529,0.226599504285651,0.019145236205239113
4957,0.5155805235780875,0.28525965455144187,0.46295912593760763,0.2303208690266456,0.05262139764047985
4960,0.4569792960590982,0.2836747416997671,0.27573020125851005,0.17330455435933112,0.18124909480058815
4966,0.8245321261829757,0.4467790358541654,0.8389202738711763,0.37775309032881027,-0.014388147688200625
4968,0.9505684993609446,6.5606969643416075,1.1589999494884415,-5.610128464980663,-0.20843145012749698
4973,0.32981795274801423,0.18214907876453545,0.37826323210503177,0.14766887398347878,-0.048445279357017534
4982,0.6632061114818468,1.0440079791059433,0.8024709786918556,-0.3808018676240965,-0.13926486721000875
4985,0.7370750519392223,0.3127964408176182,0.5379722377518719,0.4242786111216041,0.19910281418735043
4988,1.3669374187281393,0.5991459136817878,1.041877794679112,0.7677915050463515,0.32505962404902733
4992,-0.05409565056388609,0.03671070170355,-0.059297540317908085,-0.0908063522674361,0.005201889754021992
4994,0.4855650567117442,0.3494502881828626,0.37463752793804606,0.1361147685288816,0.11092752877369816
4998,0.7465313873097548,0.3186048357524726,0.5653159217540817,0.42792655155728215,0.18121546555567303
50,0.4296468263382013,0.2540647338208085,0.3887808657981985,0.17558209251739276,0.0408659605400028
5006,0.2955446011037478,0.23245044152553992,0.21970868648561095,0.06309415957820788,0.07583591461813685
5009,0.5701977980172223,0.37398202692225385,0.528760376206009,0.1962157710949684,0.04143742181121324
5010,0.21118893003215414,0.19539950971013495,0.3315270968137549,0.015789420322019188,-0.12033816678160078
5014,0.7398471224382797,0.542192090543161,0.5886260407371499,0.19765503189511868,0.1512210817011298
5016,0.6728646802843331,0.35621749669915287,0.7961298911366516,0.31664718358518024,-0.12326521085231845
5017,1.0015487746985126,0.36862975824413563,0.7410657614476105,0.632919016454377,0.26048301325090206
5026,0.372641014657505,0.18221975820109904,0.39564256074285004,0.19042125645640595,-0.023001546085345048
5027,0.4890155996929286,0.3400701646159419,0.35863476542001604,0.1489454350769867,0.13038083427291258
5037,0.7645730876695688,0.43078521778020873,0.625030694341474,0.33378786988936004,0.13954239332809482
5038,0.6521628451022525,0.3685532082906099,0.6747786712533724,0.28360963681164264,-0.0226158261511199
5040,0.5448069125544474,0.46302265517000274,0.7104953950020941,0.08178425738444461,-0.16568848244764678
5043,0.23273346425049116,0.19912679104924805,0.2596967454137041,0.03360667320124311,-0.02696328116321292
5047,0.4005891840531923,0.17298278098066874,0.36812044043047054,0.22760640307252358,0.032468743622721785
5050,0.47411686024667793,0.39581343429599664,0.4654932482249334,0.0783034259506813,0.008623612021744553
5051,0.5274179106192989,0.34070959985060173,0.4810300701088457,0.18670831076869715,0.04638784051045319
506,0.5840129428022406,0.31069054297846244,0.4889534892841111,0.27332239982377815,0.0950594535181295
5062,0.3668929823205762,0.38403897409805643,0.2588107368597981,-0.01714599177748022,0.1080822454607781
5074,0.5774531912329322,0.3621743835607619,0.6169389708882711,0.21527880767217022,-0.03948577965533895
508,0.454981804978254,0.2846987203348855,0.4296300240056205,0.1702830846433685,0.02535178097263352
5082,0.2095507870914927,0.2412418206682723,0.36174801311905014,-0.031691033576779604,-0.15219722602755745
5085,0.44999064476892786,0.48354674084655375,0.49186827673302413,-0.033556096077625885,-0.041877631964096274
5103,1.0035504535596633,0.4971644271128797,1.05651305993885,0.5063860264467837,-0.052962606379186594
5116,0.12427281972295319,0.06146099986690824,0.1300436651036291,0.06281181985604495,-0.005770845380675918
5118,0.22009192734867983,0.20188556632842833,0.2260879267039,0.0182063610202515,-0.005995999355220161
512,0.2234187023534399,0.08377566791280795,0.17796448212373817,0.13964303444063197,0.04545422022970175
5122,0.4903357868276434,0.4028699222785416,0.6263447696092294,0.08746586454910177,-0.13600898278158596
5127,0.38861508372647124,0.3565560998978589,0.4125920667725865,0.03205898382861233,-0.02397698304611523
5128,0.7230725477305627,0.38610567606496893,0.8406714487430406,0.3369668716655938,-0.11759890101247783
5131,0.4349013911969918,0.24880501223630622,0.3910091907256422,0.18609637896068557,0.04389220047134956
5134,0.3252474916656926,0.17458953122844498,0.26790562098183446,0.15065796043724763,0.057341870683858154
5149,1.3143010719033843,0.5012527348667656,0.9197796402726895,0.8130483370366187,0.39452143163069475
5152,0.3456357957411018,0.2514342003989832,0.30693662278452316,0.09420159534211864,0.038699172956578654
5156,0.4913681559352985,0.19450230815823746,0.4499329119971437,0.29686584777706104,0.04143524393815479
5157,0.3726432718500691,0.13355793428963864,0.35285770260445476,0.2390853375604305,0.019785569245614365
5158,0.5553761813638199,0.31328566354976645,0.3410302808954379,0.2420905178140535,0.21434590046838203
5159,0.4345426419824344,0.2878716305864488,0.3655206677688009,0.1466710113959856,0.06902197421363354
5160,0.47221802600073554,0.22667653332168694,0.360244211469049,0.2455414926790486,0.11197381453168653
5165,0.43899997659720186,0.2571569932987497,0.43550681439096856,0.18184298329845217,0.0034931622062333023
5176,0.7144512513604784,0.25468237262797505,0.6291934400690137,0.4597688787325033,0.0852578112914647
5196,0.667932660140317,0.4253412732311725,0.7221735198738021,0.24259138690914456,-0.054240859733485025
5198,0.5182750414410707,0.49782726588770404,0.46735342736836916,0.020447775553366687,0.05092161407270157
5199,0.22361564856405186,0.18048273945374516,0.14218796318283394,0.043132909110306705,0.08142768538121792
5201,0.28424889840936696,0.3626962732391916,0.26226483721570176,-0.07844737482982467,0.021984061193665194
5204,0.4522748380637349,0.3456442121232581,0.4743934053285307,0.10663062594047684,-0.022118567264795774
5219,0.8145958737419811,0.47830243011427453,0.6690177302117825,0.3362934436277065,0.1455781435301986
5221,0.6668885765335192,0.5023486059549076,0.5831595636486933,0.16453997057861158,0.08372901288482593
5225,0.5522737878121883,0.41097467044454,0.4478526117615031,0.14129911736764827,0.10442117605068518
5229,0.7801539065325975,0.7849874971270553,0.6969094835422417,-0.0048335905944577595,0.08324442299035584
5243,0.6556649298190157,0.24453699304938872,0.5463977129847966,0.411127936769627,0.10926721683421914
5245,0.2479079360137141,0.22779456708395587,0.4189363683866405,0.020113368929758235,-0.1710284323729264
525,0.3582877810388758,0.32475802390978564,0.4777057969075391,0.033529757129090176,-0.1194180158686633
5250,0.6667987148198429,0.6796756381117047,0.8240677732998648,-0.012876923291861853,-0.15726905848002193
5258,0.42945770757122487,0.25779555268704696,0.3015810228019533,0.1716621548841779,0.12787668476927155
5261,0.5492683125063202,0.19286534911511538,0.4684720925481185,0.35640296339120486,0.08079621995820174
527,0.3885557295875742,0.6515145521168116,0.421498663872984,-0.26295882252923747,-0.03294293428540984
5270,0.621589849567344,0.40758974928436853,0.5568914851565012,0.21400010028297545,0.06469836441084276
5278,0.5519470000638061,0.3121347135239678,0.36260235902303817,0.23981228653983833,0.18934464104076798
5279,0.466530853303707,0.4129440513761099,0.3302897214015176,0.05358680192759713,0.13624113190218945
5286,0.1413343559073491,0.2339451567168395,0.1906261827861892,-0.09261080080949038,-0.049291826878840095
5292,0.21002939978917234,0.13169844174003978,0.28258758781230586,0.07833095804913257,-0.07255818802313352
5296,0.5076933739044419,0.24808464873686395,0.6209012820414124,0.25960872516757794,-0.11320790813697046
5297,0.48966399799687893,0.24223519289608214,0.5537294348640517,0.2474288051007968,-0.06406543686717275
5301,0.8950466480490235,0.5361485742324044,0.7126481149748638,0.3588980738166191,0.18239853307415965
5307,0.7954985301614824,0.46959109819859723,0.6582664760961683,0.3259074319628852,0.13723205406531414
5318,0.11833974323640084,0.11869379867916989,0.20602351015580972,-0.00035405544276904954,-0.08768376691940888
5321,0.28775744850988394,0.17028559285588143,0.3464574830173258,0.1174718556540025,-0.05870003450744188
5324,0.3040208327659835,0.2942411236865535,0.20464465702714585,0.009779709079430043,0.09937617573883767
5328,0.566051364949833,0.8734857842124146,0.5952611710225271,-0.30743441926258164,-0.029209806072694078
533,0.33891860343825153,0.16668596603482416,0.32025312654670063,0.17223263740342737,0.018665476891550903
5330,1.263466431337632,0.5237311249213404,0.8468048777535744,0.7397353064162916,0.41666155358405765
5332,0.5711825960663321,0.5387655313534572,0.8722093542207239,0.03241706471287498,-0.3010267581543917
5333,0.41922021286232136,0.40587888118371396,0.6269696999248775,0.013341331678607404,-0.20774948706255614
5339,0.8882684873454509,0.6713118485969449,1.1550620002434426,0.21695663874850601,-0.2667935128979917
5341,0.15508957871455703,0.08079386631922007,0.12809499179862768,0.07429571239533696,0.026994586915929347
5347,0.4279887866793615,0.3794079378530936,0.3585944356199829,0.0485808488262679,0.06939435105937863
5349,0.9305139044207189,0.6275311210278741,0.885598096511672,0.3029827833928448,0.04491580790904692
5358,0.6563965333136278,0.5546122508400946,0.5761391678729658,0.10178428247353322,0.08025736544066198
5365,0.49537760446379087,0.435422691873516,0.5330685336480813,0.059954912590274856,-0.0376909291842904
5370,0.4792395444318913,0.26792396509690486,0.37590457292888396,0.21131557933498646,0.10333497150300736
5378,0.5634975899405399,0.32149663478197626,0.547346781116595,0.24200095515856362,0.01615080882394493
5396,-0.06456706307394956,0.026550816654072884,0.18721460766815762,-0.09111787972802245,-0.25178167074210717
540,0.3523525069090753,0.15704904671757192,0.21559288358598833,0.1953034601915034,0.136759623323087
5401,0.6149905423046209,0.5492560215341602,0.5622094946238858,0.06573452077046071,0.052781047680735105
5406,0.5915206371151082,0.40840506070055577,0.6825430963604172,0.1831155764145524,-0.09102245924530905
5410,0.3867760389708902,0.33876495813633273,0.3811904087607797,0.04801108083455746,0.005585630210110493
5411,0.35576095140333514,0.2392294204629211,0.49905048715248007,0.11653153094041405,-0.14328953574914494
5413,0.38997307258698105,0.4124618233015394,0.41494051797059145,-0.02248875071455836,-0.024967445383610398
5414,0.2684604741620657,0.24505169769575186,0.3374960370557049,0.02340877646631384,-0.06903556289363921
5427,0.5226236774917302,0.35957277839944374,0.6525567926920376,0.16305089909228648,-0.12993311520030737
5433,0.6319204170641397,0.533608640213065,0.5724571836368493,0.09831177685107473,0.05946323342729043
5439,0.6278408654446564,0.47769572269522853,0.6366770058429102,0.15014514274942792,-0.008836140398253756
5465,0.8313875264546096,2.0820680971628653,0.9452163305007947,-1.2506805707082558,-0.11382880404618512
5468,0.8205857841634209,0.5535061910913597,0.6926172109383851,0.2670795930720612,0.12796857322503574
5475,0.18465295352575875,0.2122258101138781,0.2937766641836478,-0.027572856588119338,-0.10912371065788903
5481,0.38343047508248723,0.27395715868097437,0.44509370713897695,0.10947331640151287,-0.061663232056489714
5488,0.6939207120260845,1.370867421382134,1.1196473091022694,-0.6769467093560494,-0.4257265970761849
5497,0.5797399048409977,0.44017411256157374,0.6590800349713324,0.13956579227942395,-0.0793401301303347
5501,0.7234407876258986,0.35789911817171366,0.7034421820712247,0.3655416694541849,0.01999860555467392
5523,0.41236434236385416,0.27558683116928995,0.41434956790385774,0.13677751119456422,-0.0019852255400035768
5524,0.5532635493427194,0.27245898836337995,0.6385936207135222,0.2808045609793394,-0.08533007137080284
5525,0.8700346013598182,0.9260188040555482,0.8693229183808917,-0.0559842026957299,0.0007116829789265422
5529,0.34231784626521167,0.29158487901919616,0.4681891993893156,0.0507329672460155,-0.1258713531241039
5531,0.4969870315630282,0.2785650432524744,0.456556639624778,0.21842198831055382,0.04043039193825021
5544,0.7761320006237031,0.27208578317334764,0.6121128036853543,0.5040462174503555,0.16401919693834888
555,0.33575055944708754,0.20448530967196046,0.3282996057348621,0.13126524977512707,0.007450953712225428
5550,0.3496092839623546,0.3759769709052701,0.23208688197884556,-0.026367686942915525,0.11752240198350902
5552,0.17674115431771914,0.150701110805792,0.1352626366226699,0.026040043511927152,0.04147851769504923
5554,0.3457095189703224,0.19226348637611745,0.32294839008067494,0.15344603259420497,0.022761128889647486
5557,0.2465093888103293,0.5102906802333079,0.23518905625142592,-0.2637812914229786,0.011320332558903384
5568,0.31009457145540936,0.314506995057391,0.37363872661470676,-0.00441242360198163,-0.0635441551592974
5570,0.4512660271243085,0.42826426993772876,0.5851600429313071,0.023001757186579763,-0.13389401580699856
5573,0.7369845202642747,0.44103094843252943,0.6121989401894028,0.2959535718317453,0.12478558007487195
5574,0.8558215083451075,0.49963780540496255,0.7381252837996682,0.35618370294014495,0.11769622454543927
5577,0.613493999712897,0.518366114406405,0.6312567945184724,0.09512788530649197,-0.01776279480557541
5578,1.3351939281895617,0.9533979588490679,1.057909484550884,0.38179596934049387,0.27728444363867766
5584,0.27760340045184784,0.17321051294647125,0.21402035385229895,0.10439288750537659,0.06358304659954889
5590,0.7038327982455034,0.5431441011908077,0.9791291226117633,0.16068869705469568,-0.27529632436625995
5593,-0.08632867484838079,-0.03748131342459694,-0.03557261555297107,-0.04884736142378385,-0.050756059295409724
560,0.4000268839483487,0.2233914071591765,0.39626672878797803,0.17663547678917219,0.0037601551603706485
5600,0.6332160118879251,0.3687658325700279,0.6354270909259704,0.2644501793178972,-0.002211079038045294
5611,0.37833050047420813,0.2768561406982504,0.425064044024503,0.10147435977595776,-0.046733543550294854
5614,0.46488451436632533,0.44706290328797615,0.6155357416627408,0.017821611078349175,-0.1506512272964155
5615,0.19116695986938226,0.4642454524465214,0.29691667271196487,-0.2730784925771391,-0.10574971284258261
5619,0.29322726669448185,0.21859785272010507,0.28014437804358855,0.07462941397437678,0.013082888650893298
5623,0.29808406714475627,0.25429486319583056,0.22925258650546615,0.043789203948925715,0.06883148063929012
5627,0.2320822112250901,0.22571621757514157,0.2971758255062255,0.006365993649948526,-0.06509361428113541
5635,0.4820606294970295,0.3913496010685073,0.43229389604859497,0.09071102842852219,0.04976673344843452
564,0.927569319935197,0.44657097614997887,0.9894285856362166,0.4809983437852181,-0.06185926570101963
5640,0.4279453540596359,0.28413558657484916,0.35231811341058455,0.14380976748478674,0.07562724064905135
5650,0.49074053325207173,0.34529277885851545,0.38039509724489806,0.14544775439355628,0.11034543600717367
5652,0.5072729994073174,0.305950654184189,0.622187213717136,0.20132234522312842,-0.11491421430981863
5658,0.3183498697614404,0.13623575929196452,0.1870863105615624,0.1821141104694759,0.131263559199878
5661,0.8072292027010769,0.5614106663567013,0.7984902292647283,0.24581853634437556,0.008738973436348552
5671,0.3346806913860407,0.12176457819503297,0.4093592903283506,0.2129161131910077,-0.07467859894230994
5678,0.47728351268968866,0.301745399728375,0.4655986205743319,0.17553811296131366,0.011684892115356782
5683,0.24571994673738892,0.051623423818189636,0.2281121603521904,0.1940965229191993,0.017607786385198526
5688,0.3805099803359833,0.30027748737432625,0.4332531144525515,0.08023249296165708,-0.05274313411656817
5691,0.4287913535017244,0.3032904006532399,0.342460628486795,0.1255009528484845,0.08633072501492944
5697,0.6584791111276431,0.2505068581576802,0.41736716417905284,0.4079722529699629,0.24111194694859028
5703,0.6364006229931828,0.4786076791173576,0.8008408335769104,0.1577929438758252,-0.1644402105837276
5707,0.4572569860094511,0.49996868017409885,0.602801474884737,-0.04271169416464776,-0.14554448887528593
5721,0.38034311105582663,0.1973659168217012,0.4418582261978702,0.18297719423412542,-0.06151511514204355
5722,0.6607015256242137,0.5790294408317634,0.7996734739068759,0.08167208479245025,-0.13897194828266224
5727,0.7088817777029024,0.41922960148769034,0.6347091648489429,0.28965217621521205,0.07417261285395949
5732,0.8051435592506373,0.5530080500373853,0.8752967317363946,0.252135509213252,-0.07015317248575725
5757,0.34026419501297145,0.21724462176344186,0.3108408724299603,0.12301957324952958,0.02942332258301117
5758,0.6527225394585693,0.29706836699209244,0.6745238929436272,0.35565417246647685,-0.02180135348505796
576,0.18471341110455286,0.16240542377776326,0.17580990694793266,0.022307987326789597,0.008903504156620196
5774,0.3032451554954767,0.1681229304824911,0.37195237348775545,0.1351222250129856,-0.06870721799227875
5797,1.014801159688491,0.7490017068274005,1.028975312228557,0.2657994528610904,-0.014174152540066043
5813,0.40298665932829647,0.6375845420643236,0.39636746296771747,-0.2345978827360271,0.006619196360579005
5820,0.18922024291680586,0.06051868153216632,0.20808187013858534,0.12870156138463953,-0.018861627221779476
5823,0.2639179352157734,0.18123214326690923,0.15585200235075367,0.08268579194886416,0.10806593286501973
5837,0.647476479405678,0.2960862976353456,0.6311177521775262,0.3513901817703324,0.016358727228151793
5840,0.4863861531469128,0.38994462059964435,0.5363212824975637,0.09644153254726845,-0.04993512935065092
585,0.8057078519347051,0.614174220955635,0.7215278396637121,0.19153363097907006,0.08418001227099292
5856,0.4443839424513484,0.2692333165655584,0.39242790964528046,0.17515062588579,0.05195603280606792
5871,0.535325123751873,0.1181574910930116,0.5341007057388869,0.4171676326588614,0.001224418012986117
588,0.4400355252510489,0.2602667534633951,0.38879799636312223,0.17976877178765377,0.05123752888792665
5886,0.45351755185575776,0.515580609491428,0.5834745527472814,-0.06206305763567027,-0.12995700089152368
5888,0.5038768949009996,0.3656670666841951,0.4816303243671166,0.13820982821680455,0.022246570533883014
59,0.39599483465303686,0.21867560382366455,0.31773748270437224,0.17731923082937232,0.07825735194866462
590,0.571123484636546,0.3597221352891966,0.7441348698621818,0.21140134934734944,-0.17301138522563575
5902,0.5305328012801629,0.42540866758540546,0.4876100945067788,0.10512413369475743,0.04292270677338411
5911,0.33440942997733575,0.31489058629262745,0.2676201462278492,0.019518843684708298,0.06678928374948656
5912,0.413261024579142,0.20225395656125444,0.3793095405650468,0.21100706801788754,0.0339514840140952
5917,1.0307369972784817,0.5024025841823296,0.8264232355588206,0.528334413096152,0.2043137617196611
5919,0.17023411029654387,0.18035533764238365,0.23650848524633242,-0.010121227345839784,-0.06627437494978855
5930,0.5089241197116597,0.4348842007641999,0.5148821504196643,0.07403991894745982,-0.0059580307080046024
5948,0.37607822628725884,0.23308765386682612,0.287823351399355,0.14299057242043273,0.08825487488790384
5952,0.638748431658414,0.6887768928590147,0.9599585676803307,-0.05002846120060067,-0.3212101360219167
5953,0.6486662737324997,0.3785848552563649,0.7304508763581684,0.2700814184761348,-0.08178460262566867
5955,0.7074208929744465,0.5076001287510306,0.8859187618357212,0.199820764223416,-0.1784978688612746
5958,0.5990922157525159,0.43093182044562484,0.7010942532135128,0.1681603953068911,-0.1020020374609969
5966,0.22938748828540628,0.19966742292430445,0.22920133126992503,0.029720065361101833,0.00018615701548124752
5970,0.3005873131861826,0.2930065436287102,0.33414792709962776,0.007580769557472389,-0.03356061391344517
5974,0.4272732895479201,0.37192575457832644,0.5328362985351317,0.05534753496959366,-0.1055630089872116
5985,0.4602323956349051,0.24822195230296024,0.470117736412201,0.21201044333194485,-0.009885340777295915
5988,0.6278541261973289,0.3582297718153516,0.5788784330651039,0.26962435438197735,0.04897569313222505
5996,0.6587165053143336,0.6465810575773174,0.6866041310571853,0.012135447737016136,-0.02788762574285175
5997,0.47202679933826197,0.37182976479749413,0.672508965326347,0.10019703454076784,-0.200482165988085
6013,0.4249030434946349,0.315044532149122,0.6145210497776251,0.10985851134551294,-0.1896180062829902
6014,0.6585279621590918,0.4103229828263314,0.6786643251955634,0.24820497933276042,-0.020136363036471594
6015,0.687614049053943,0.24073949642031223,0.7366930789047439,0.44687455263363074,-0.049079029850800926
6023,0.4456760294005481,0.436707186165256,0.4361237841717128,0.008968843235292123,0.009552245228835299
6024,1.0149736122393274,0.5956404927286653,0.9862892498274402,0.4193331195106621,0.02868436241188721
6025,0.6232715317822299,0.5818743700080936,0.5101297230166066,0.041397161774136326,0.1131418087656233
6027,0.46588495899297694,0.5516228276873278,0.48639843837385355,-0.0857378686943509,-0.02051347938087661
6034,1.553215776383568,0.7353796903750398,1.2693684908490894,0.8178360860085281,0.28384728553447847
6039,0.7748134989373803,0.5917714749673985,0.723549346153168,0.18304202396998182,0.05126415278421226
6041,0.18009889995124687,0.07577059114534444,0.3088867024531802,0.10432830880590242,-0.1287878025019333
6045,0.43047015498479546,0.2318122853864035,0.4104876950015743,0.19865786959839196,0.01998245998322118
6050,0.5715530532047595,0.48971356828743856,0.5200101742110413,0.0818394849173209,0.05154287899371812
6055,0.32143520769559175,0.23912401230062463,0.22803922338598656,0.08231119539496712,0.09339598430960519
6059,0.3663774226737991,0.2888849621664459,0.27635186234352493,0.0774924605073532,0.09002556033027415
6060,1.1148198777628087,0.46278111792263665,0.8544519202146961,0.652038759840172,0.2603679575481126
6061,1.3365204461270825,0.6821762745215879,0.9879909695832388,0.6543441716054946,0.3485294765438437
6064,0.8242855860065827,0.8044585785577605,0.8312715454140649,0.019827007448822265,-0.006985959407482145
6069,0.598727412989242,0.4186109640658965,0.558616653869546,0.18011644892334555,0.04011075911969608
6072,0.14635973120652193,0.08989269639498729,0.12227454207452403,0.056467034811534644,0.024085189131997906
6073,0.4519818892014924,0.40317209519811414,0.41994559862473346,0.04880979400337826,0.03203629057675894
6074,0.5740454798105462,0.34433675223856747,0.5143864600069712,0.22970872757197874,0.05965901980357502
6077,0.5284737312496103,0.44633593230556406,0.4423401251447291,0.08213779894404621,0.08613360610488119
608,0.282813258997898,0.19433786613547785,0.3805263415517125,0.08847539286242015,-0.0977130825538145
6083,0.46866756446570096,0.18991994916557578,0.3899827538512045,0.27874761530012515,0.07868481061449645
6093,0.750224636593626,0.5716422939980064,0.7486389827480432,0.17858234259561967,0.0015856538455828462
61,0.26590532532784683,0.16583264341491785,0.3176609418521542,0.10007268191292898,-0.05175561652430738
6101,0.1961134334513405,0.19773625341398157,0.2349947286512073,-0.0016228199626410755,-0.0388812951998668
6103,0.7073619639614833,0.4144050109065301,0.606763459904086,0.29295695305495323,0.10059850405739734
6109,0.08901906201282615,-0.05237051359370993,0.0036136151078186964,0.1413895756065361,0.08540544690500745
6112,0.5785792767040425,0.3690440645981737,0.514720347849492,0.20953521210586884,0.06385892885455047
6116,0.6192853647633264,0.3537046590437615,0.6789015744373325,0.2655807057195649,-0.05961620967400605
6118,0.3504993696829395,0.13660374973685183,0.3569412404421959,0.21389561994608766,-0.006441870759256396
612,0.3046436979189158,0.2317558590093002,0.3599255504947327,0.07288783890961562,-0.05528185257581686
6127,0.5217571061505661,0.3860037952782672,0.4643070058101929,0.13575331087229892,0.057450100340373234
6129,0.435867192259181,0.4787118633020092,0.39164506455227827,-0.042844671042828186,0.04422212770690276
6134,0.34927540375748867,0.1957760129436096,0.30998067524807454,0.15349939081387906,0.03929472850941412
614,0.3039540833111876,0.21221935251745547,0.3530179202282879,0.09173473079373215,-0.049063836917100256
6147,0.6279031785148524,0.9881206963169116,0.5956814319928285,-0.36021751780205913,0.03222174652202392
6151,0.7007575211827649,0.30594200369212976,0.7680683815694559,0.39481551749063515,-0.06731086038669098
6159,0.7050152213373461,0.6545820717764185,0.7605189486835703,0.05043314956092759,-0.05550372734622422
6162,0.4641209166237463,0.21627252285733684,0.44735593918112976,0.2478483937664095,0.01676497744261657
6166,0.5122477835958478,0.3383537911369364,0.4713200011986263,0.17389399245891135,0.040927782397221446
6172,0.5253052856611484,0.4283361083369546,0.671735840151199,0.0969691773241938,-0.1464305544900506
6174,0.47679663646697334,0.38329019392776587,0.4149388382293267,0.09350644253920748,0.061857798237646644
6177,0.6819428373828772,0.4113275641397849,0.6298855403131175,0.2706152732430923,0.0520572970697597
6178,1.0894886603971337,1.831171140284871,1.186005197172743,-0.7416824798877373,-0.09651653677560934
6181,1.4177472780824023,0.827602874200117,1.2067330347557352,0.5901444038822853,0.21101424332666707
6194,0.731067929881714,0.3276292952903537,0.7716598014868253,0.4034386345913603,-0.04059187160511135
6195,0.32169436973394144,0.28292675025041464,0.31927445007413546,0.038767619483526805,0.0024199196598059802
6201,0.6334730711573322,0.45880722419956993,0.7180804436334585,0.17466584695776227,-0.08460737247612626
6213,0.46268380866809616,0.22443753815662398,0.48965271976713987,0.23824627051147218,-0.026968911099043702
6214,0.8266582017885175,0.462043697818586,0.770349469244976,0.36461450396993145,0.05630873254354141
6220,0.6380006906036012,0.4733396116847213,0.8074274288576565,0.16466107891887993,-0.1694267382540553
6221,0.7674687750152088,0.5596887939864602,0.6618933072430693,0.20777998102874862,0.10557546777213955
6227,0.6318839530060701,0.38655686120034066,0.5418732327037128,0.24532709180572948,0.09001072030235735
6229,0.6265478701900912,0.3803583222807535,0.6026066529831519,0.24618954790933767,0.023941217206939314
6241,0.6498142808396721,0.35113171264352944,0.5672103280423569,0.29868256819614264,0.08260395279731514
6243,0.8677367223554374,0.5541688325495733,0.769315801708516,0.31356788980586414,0.09842092064692143
6248,0.6522547449820643,0.5657414793822781,0.5670421694673559,0.08651326559978612,0.0852125755147084
625,0.2593237678082561,0.18713523742587704,0.2603902990173629,0.07218853038237907,-0.0010665312091067691
6267,0.1262733827453397,0.17304150179453234,0.32389604948225376,-0.04676811904919265,-0.19762266673691406
6268,0.8301525574289271,0.692054990313388,0.8357323136755778,0.1380975671155391,-0.005579756246650636
6282,0.3151099870348397,0.49864504822604533,0.3640039387510068,-0.1835350611912056,-0.04889395171616706
6288,0.3248819542857459,0.3032713386706585,0.4124183354466501,0.021610615615087425,-0.08753638116090418
6289,0.8363497655119013,0.4032789361720753,0.7085266461530243,0.43307082933982605,0.12782311935887702
6290,0.6063810361356149,0.45206062785741796,0.5900656002724247,0.15432040827819693,0.016315435863190175
6293,0.7531713479851941,0.46239163035993,0.6919881540650613,0.29077971762526417,0.06118319392013283
6294,0.920613507518026,0.5670760391479438,1.1640114954699028,0.35353746837008215,-0.24339798795187684
6295,0.6208574130434961,0.5982036654394021,0.6980668482078028,0.022653747604094,-0.07720943516430678
63,0.3449581969288489,0.19183236582779728,0.3530521254555149,0.1531258311010516,-0.008093928526666017
6301,0.12329391252399649,0.14910029724354926,0.14402418897232472,-0.025806384719552766,-0.020730276448328228
6304,0.6422154344796648,0.46186275935912413,0.6814087934615145,0.18035267512054065,-0.039193358981849724
6305,0.3322890116501501,0.1353219889522976,0.19185434574374813,0.19696702269785252,0.140434665906402
631,0.2276833826033616,0.17178136776358544,0.28155919902488985,0.055902014839776165,-0.05387581642152825
6313,0.540157739443511,0.4498643305992328,0.7195337516536324,0.09029340884427817,-0.17937601221012145
6319,0.5616384784073453,0.29416686491278576,0.3521333600952141,0.2674716134945595,0.20950511831213114
6322,0.4726560380760644,0.25533560921230497,0.31941749364884103,0.2173204288637594,0.15323854442722334
6325,0.6549507162029647,0.5462864271398072,0.8057806889078981,0.1086642890631575,-0.15082997270493337
6331,0.9824368733698793,0.624532734419709,0.8587978132153175,0.35790413895017026,0.12363906015456183
6337,0.5786965901797891,0.30845931671595755,0.63954398585895,0.2702372734638316,-0.060847395679160865
635,0.648722736485738,0.30429623338366074,0.5193259772494719,0.34442650310207723,0.12939675923626603
6352,0.6604318202577277,0.5171526459803935,0.7956640973181357,0.14327917427733428,-0.13523227706040797
6353,0.7840756554360635,0.535279230539091,0.6674290320235438,0.2487964248969725,0.11664662341251975
6366,0.6072167869467692,0.44595384219235995,0.6102252205941749,0.16126294475440922,-0.0030084336474057727
6370,0.4930857887665075,0.32048699007555126,0.5429628119102715,0.17259879869095623,-0.04987702314376402
6371,0.33840844070011344,0.44873634346431723,0.46866703045879393,-0.11032790276420379,-0.1302585897586805
6372,0.1370764477169299,0.1062908127009154,0.11997971679218801,0.0307856350160145,0.017096730924741885
6376,0.7490916943867638,0.486931832740468,0.6660541595940846,0.26215986164629584,0.08303753479267917
6378,0.7086335430484519,0.6827382098290268,0.7264928421117829,0.025895333219425165,-0.017859299063330947
6382,0.7142930346417842,0.5391989037317231,0.6952786004563084,0.1750941309100611,0.01901443418547577
6385,0.6185693205168583,0.48779687917783493,0.4432499276251804,0.13077244133902338,0.17531939289167792
6388,0.5985221329283978,0.319337179530787,0.5678918473665171,0.27918495339761085,0.030630285561880743
6402,0.43611206151080933,0.394032904320988,0.34655463500224165,0.04207915718982136,0.08955742650856768
6403,0.6289600879296235,0.48453852506792516,0.8859114668886087,0.14442156286169838,-0.2569513789589851
6405,0.3693585235749892,0.33200129070385787,0.4267311417545012,0.03735723287113135,-0.057372618179512
6410,0.5563545454454629,0.5028822865933323,0.5253757105824282,0.05347225885213058,0.030978834863034765
6411,0.5843728649070584,0.42607743813701343,0.5889741813282255,0.158295426770045,-0.004601316421167123
6417,0.20708906954430875,0.25382784408435366,0.39917505003140363,-0.04673877454004491,-0.19208598048709488
6424,1.1810607497845205,0.7620221620384867,1.1769748809791616,0.41903858774603375,0.004085868805358883
6426,0.5961015978514211,0.5901193304110123,0.5434460376437645,0.005982267440408862,0.052655560207656604
6431,0.5511390392116859,0.4266871205208879,0.5170201572154431,0.12445191869079802,0.0341188819962428
6432,0.45519652594486965,0.2986588141148322,0.47509894456657853,0.15653771183003745,-0.019902418621708884
6433,0.23305400902739196,0.056498462230632845,0.1568246331755191,0.1765555467967591,0.07622937585187287
6434,0.6694736084321834,0.42367677240627605,0.8132545066861646,0.24579683602590735,-0.14378089825398122
6438,0.3395740075372849,0.21519903769835466,0.3608111345779492,0.12437496983893023,-0.021237127040664328
6439,0.5614694871778264,0.307384203252979,0.38051201726284234,0.2540852839248474,0.18095746991498407
6446,0.6746129688244816,0.3987337422763544,0.6853919773047475,0.27587922654812724,-0.010779008480265917
6448,0.07415104744655093,0.039985933665552975,0.05697475765251787,0.03416511378099796,0.017176289794033066
6457,0.6460770128519344,0.6867662699696043,0.7907073429501236,-0.04068925711766991,-0.14463033009818915
6469,0.29986064635206955,0.2939639693874372,0.4125346573216235,0.005896676964632364,-0.11267401096955393
6473,0.5190056000883408,0.25637680320361067,0.43091185589054337,0.2626287968847302,0.08809374419779747
6477,1.4546624968030506,0.8958166785792049,1.25032099047902,0.5588458182238457,0.2043415063240306
6485,0.21808212656061543,0.0845998328302132,0.1698803125921231,0.1334822937304022,0.048201813968492324
6489,0.7343792965163984,0.5735816044546684,0.6729369719879804,0.16079769206173,0.061442324528418024
6495,0.5232356870334557,0.29968571987233555,0.6552611931453046,0.22354996716112013,-0.13202550611184893
6496,0.6154759289797102,0.37586383955326974,0.597091817611055,0.2396120894264404,0.018384111368655143
6500,0.8341111816299203,0.6468112599485546,0.769157691055216,0.18729992168136567,0.06495349057470423
6503,0.12087309530659227,0.0919102767103111,0.1916223760126866,0.028962818596281165,-0.07074928070609435
6506,0.5450092361763683,0.26241486898530264,0.4096146047240641,0.2825943671910657,0.13539463145230424
651,0.6022652060260274,0.27998368017819797,0.48000597596357675,0.32228152584782943,0.12225923006245065
6515,0.5404332961393093,0.34573319110774176,0.6060442390482402,0.1947001050315676,-0.06561094290893088
6516,0.4623485858553749,0.3730047390633499,0.4791180312017914,0.089343846792025,-0.0167694453464165
6517,0.05422232708232438,0.05453093965244321,0.1467656295107052,-0.00030861257011883386,-0.09254330242838082
6533,0.6585336826878514,0.5835442665885533,0.7744294645331465,0.0749894160992981,-0.11589578184529514
6539,0.5971155740105132,0.3467616355426512,0.4186605407260485,0.25035393846786197,0.17845503328446466
6542,0.618339936377628,0.6034497315195972,0.7508421818208507,0.01489020485803072,-0.13250224544322275
6550,0.4737372886044592,0.2883644721604852,0.43392412374808687,0.18537281644397396,0.03981316485637232
6557,0.29749877190443025,0.2484804752263522,0.23416701289092237,0.049018296678078055,0.06333175901350788
6559,0.5554188482099607,0.6056843045147453,0.6051420511075107,-0.05026545630478463,-0.049723202897550056
6561,0.7006841405077726,0.6340568722802632,0.7713907384520762,0.06662726822750942,-0.07070659794430356
6562,0.631919732794198,0.5521950171973983,0.8058766530207709,0.07972471559679972,-0.17395692022657294
6568,0.22063719898943804,0.38410550493378287,0.2580253227202537,-0.16346830594434483,-0.03738812373081565
6572,0.8697349373643198,0.4080162982241692,0.8131581589781093,0.46171863914015066,0.05657677838621056
6575,0.5305069667916088,0.480803896377247,0.5112773079403212,0.04970307041436178,0.01922965885128758
6578,0.5875249314969901,0.42028820323190763,0.619338939656343,0.1672367282650825,-0.03181400815935287
6582,0.6928480049991693,0.4065668488376251,0.558158221319429,0.2862811561615442,0.13468978367974027
6593,0.07597608689370433,0.08832783456912058,0.030366343795558012,-0.012351747675416247,0.04560974309814632
6594,0.5555858923582987,0.38135371963421627,0.4501959823118039,0.17423217272408242,0.10538991004649478
6596,0.6403682734009646,0.5160296410950862,0.814282589740016,0.12433863230587838,-0.1739143163390514
660,0.42735943260082776,0.30525383887233243,0.45418271581169156,0.12210559372849533,-0.026823283210863802
6600,0.576764335690601,0.9331541101800579,0.9194795529316411,-0.35638977448945686,-0.34271521724104004
6615,0.7190221050175843,0.7441012536414927,0.7353643559506967,-0.025079148623908365,-0.016342250933112368
6616,0.43623999864574536,0.32568793378066274,0.3340405769118266,0.11055206486508262,0.10219942173391877
6617,0.6006946114722316,0.7555260942623824,0.6726146782658933,-0.1548314827901508,-0.0719200667936617
6618,0.5538786497886687,0.3697901328955638,0.6722469215486792,0.18408851689310496,-0.11836827176001041
6621,1.039445523368168,0.71219187760732,0.9058911947880093,0.32725364576084814,0.1335543285801588
6623,0.4370418022764145,0.3476390620937345,0.3631270030932117,0.08940274018267996,0.07391479918320276
6633,0.7430966116162456,0.5769622016134325,0.6886928835148678,0.16613441000281315,0.054403728101377835
6643,0.5876871434649382,0.28564536819328107,0.5327157978544551,0.30204177527165715,0.05497134561048311
6645,0.7722604183701636,0.4744833670901665,0.5783938154579542,0.2977770512799971,0.19386660291220936
6646,1.1119222506617554,0.5640007210450693,0.9096909877740017,0.5479215296166862,0.20223126288775373
665,0.2189733355802282,0.08206093139632965,0.18840560709443815,0.13691240418389855,0.030567728485790036
6650,0.46156663759154953,1.2604476238876603,0.669697147950552,-0.7988809862961108,-0.20813051035900249
6652,0.5227442413674731,0.3865315974604969,0.5522281670781063,0.13621264390697618,-0.029483925710633185
6663,0.449851856273158,0.42483965387095723,0.4815056830615206,0.025012202402200756,-0.03165382678836259
6670,0.6320075321831307,0.5575970823413295,0.6807590567503358,0.07441044984180112,-0.04875152456720511
6672,0.49793524923098165,0.4217458930153813,0.5002890118228628,0.07618935621560036,-0.0023537625918811367
668,0.15554036637267096,0.19949833959894964,0.29790814737505533,-0.043957973226278674,-0.14236778100238437
6682,0.5655019377404112,0.7570489253658562,0.6746261014216848,-0.19154698762544498,-0.10912416368127353
6683,0.6299834093274259,0.752890939350336,0.7988546863385877,-0.1229075300229101,-0.16887127701116178
6694,0.7291266463830969,0.44062486971893927,0.7299066258899725,0.2885017766641576,-0.0007799795068755833
6701,0.5626193702011704,0.6969677107509481,0.6961971781138603,-0.13434834054977773,-0.13357780791268992
6708,0.4892844741909044,0.5912914994032727,0.5297688637762454,-0.10200702521236837,-0.04048438958534106
6710,0.4887524470953489,0.5124922935087209,0.7677208953458671,-0.023739846413372068,-0.2789684482505182
6713,0.5482140268812254,0.3840706123255368,0.5588358182085321,0.16414341455568865,-0.010621791327306673
6720,0.5133721785649078,0.36351122748834097,0.480788186971671,0.14986095107656683,0.03258399159323677
6722,0.48327466099745964,0.3214381892924254,0.38650015975242374,0.16183647170503423,0.0967745012450359
6725,0.38466391945799394,0.25578529261447885,0.31599262909927045,0.1288786268435151,0.06867129035872349
6726,0.24856320605390292,0.12377200249896037,0.3128531779607607,0.12479120355494255,-0.06428997190685776
6729,0.3713135204088098,0.4628290252811171,0.3208451890703193,-0.09151550487230725,0.050468331338490546
6732,0.2135000386565015,0.21696244775020304,0.17797677392555225,-0.003462409093701546,0.035523264730949244
6737,0.4622804628740373,0.36612099517634117,0.689654761086261,0.09615946769769612,-0.2273742982122237
6744,0.41271531957842306,0.21096930335678563,0.4111742557176473,0.20174601622163743,0.0015410638607757376
6746,0.6280316611590187,0.44827102447151207,0.574942111078028,0.17976063668750658,0.0530895500809907
6747,0.6077746944685907,0.3733460346949639,0.5263881097773989,0.23442865977362676,0.08138658469119175
6755,0.11182448648828733,0.10686078098833862,0.040587952735112315,0.004963705499948706,0.07123653375317501
6761,0.47005504960429045,0.2913783767158609,0.36367638618572334,0.17867667288842953,0.10637866341856711
6764,0.6310889487111195,0.3968479782318923,0.5153359109461237,0.23424097047922726,0.11575303776499579
6774,0.3252737769146087,0.3581938183740441,0.282916880223847,-0.032920041459435445,0.0423568966907617
6785,0.31990974946402034,0.08209885003800468,0.20752995320257098,0.23781089942601566,0.11237979626144937
6789,0.24609174472232906,0.28353563431495915,0.2705351389556861,-0.03744388959263009,-0.024443394233357035
6798,0.507648482386408,0.2725499881079832,0.5025246326910003,0.23509849427842483,0.0051238496954076895
680,0.4153272500798384,0.16137592944745455,0.5170218234179886,0.25395132063238385,-0.10169457333815024
6801,0.3805189983701904,0.2427799904701851,0.3662428116863919,0.1377390079000053,0.014276186683798486
6806,0.3786946670674193,0.2317057323701964,0.29257659617112086,0.14698893469722288,0.08611807089629842
6815,0.7146758235807199,0.5568636758148348,0.7225350184317287,0.15781214776588515,-0.007859194851008833
6819,0.4578328669971637,0.36580300346580563,0.4878787419698239,0.09202986353135806,-0.030045874972660203
6836,0.48515374644839065,0.2998097877540344,0.3717891992092585,0.18534395869435627,0.11336454723913214
6850,0.46628572066372753,0.20538969246844332,0.44681917647319014,0.26089602819528424,0.019466544190537394
6856,0.3927665877983167,0.2246698448061325,0.39122382424845636,0.1680967429921842,0.0015427635498603265
686,0.34743744384069725,0.22404219349106552,0.36956977721365925,0.12339525034963172,-0.022132333372962
6860,0.6383450823614837,0.3098838712630192,0.4968050353430367,0.3284612110984645,0.14154004701844697
6865,0.36292058006750444,0.25053268920134447,0.3142614415786812,0.11238789086615997,0.04865913848882325
6878,0.4224319487943952,0.3170415424963959,0.41103998844763356,0.10539040629799934,0.011391960346761654
6891,0.43384948109138305,0.2632920113005855,0.42074193874589916,0.17055746979079756,0.013107542345483891
6892,0.34146508008438536,0.29558218368389627,0.37568004096741886,0.04588289640048909,-0.034214960883033496
6897,0.362157735525177,0.3973116224476999,0.40554019702678257,-0.035153886922522914,-0.043382461501605574
6901,0.4326683235012431,0.2162078013557264,0.38463482787623665,0.21646052214551673,0.04803349562500647
6902,0.6475953644504086,0.45307451641664154,0.5460587727661699,0.194520848033767,0.10153659168423868
6909,0.6414166693002834,0.5343939364603658,0.5269134610960878,0.10702273283991759,0.11450320820419557
6918,0.5793632246525643,0.29970481751493366,0.5345649379887362,0.2796584071376306,0.044798286663828124
6923,0.3898811717275128,0.33228908139622765,0.295281705415563,0.05759209033128515,0.09459946631194982
6926,0.3356369413691321,0.37526393848357525,0.35179909185983527,-0.039626997114443174,-0.016162150490703187
6928,0.10975269144622303,0.13025666730611274,0.2118761937463123,-0.02050397585988971,-0.10212350230008928
6936,0.3183561830729368,0.3171616497535679,0.35808774591721554,0.0011945333193688623,-0.039731562844278756
6937,0.7016620855741013,0.5620443244304947,0.5524799510732543,0.13961776114360658,0.14918213450084694
6946,0.32235957146084904,0.21000183643946807,0.3256441919555247,0.11235773502138097,-0.0032846204946756496
6958,0.5070331171054054,0.3155001602426154,0.4002356238737966,0.19153295686279004,0.10679749323160886
6959,0.14469227283444092,0.1244816038123346,0.13010386568663174,0.020210669022106317,0.01458840714780918
6962,0.40167331483350593,0.26629617006869427,0.3508238181211893,0.13537714476481166,0.050849496712316644
6964,0.2679677884117783,0.1699007790622797,0.2833633737684144,0.09806700934949861,-0.015395585356636099
6967,0.7835552947740547,0.6120513112525638,0.9057730689837954,0.17150398352149088,-0.12221777420974067
6968,0.2911051007776517,0.22166251016911778,0.3148805198816216,0.06944259060853394,-0.023775419103969853
6973,0.14705032340853777,0.09675915733885843,0.1991383966899626,0.050291166069679344,-0.05208807328142484
6974,0.3888958760864569,0.3009465736919688,0.37288529805797593,0.08794930239448812,0.016010578028480993
6980,0.5327566663325611,0.5185067431842167,0.4946364299990073,0.01424992314834439,0.038120236333553825
6992,0.17567408800370488,0.04468700947099119,0.17728652387372307,0.13098707853271369,-0.0016124358700181918
6994,0.5211519256154332,0.3608240151192206,0.5011651399011692,0.16032791049621264,0.019986785714264044
6997,0.29399670765044766,0.18208221699188615,0.2932864794778674,0.11191449065856152,0.0007102281725802628
7000,0.4525696241363455,0.27054592344750494,0.4852123991171018,0.18202370068884055,-0.032642774980756295
7004,0.37968917008667774,0.357595629079565,0.42588137408525845,0.02209354100711275,-0.046192203998580705
7013,0.6452670225145428,0.519003759349697,0.5449238936211941,0.12626326316484582,0.10034312889334873
7014,0.6429259154542052,0.36753923136449906,0.4865873840277624,0.2753866840897061,0.15633853142644277
702,0.5807596835872717,0.23795409929622824,0.4682744769233926,0.34280558429104346,0.11248520666387912
7025,0.6633689501078436,0.4090533554159833,0.47168869467601965,0.25431559469186027,0.19168025543182393
7026,0.39888941112226606,0.3575335928835768,0.3404387375411717,0.04135581823868928,0.05845067358109435
7039,0.5721323592765738,0.3807085253717463,0.5122475948573603,0.19142383390482748,0.05988476441921353
7044,0.4500109437185332,0.41288534303269836,0.4448291482946909,0.037125600685834814,0.005181795423842284
7046,0.5068891893886417,0.3078659283650615,0.44535984698892866,0.1990232610235802,0.06152934239971303
7055,0.5946785418316191,0.42557207718813783,0.5499288527997371,0.16910646464348122,0.04474968903188192
7057,0.4704161265591787,0.322130818985282,0.4787697186893219,0.14828530757389669,-0.008353592130143195
7061,0.4099234165309702,0.37266021579724457,0.40540332801969753,0.03726320073372563,0.0045200885112726685
7073,0.36944146505024045,0.2397486183074621,0.2148735126122683,0.12969284674277834,0.15456795243797214
7080,0.770284968607314,0.4034393928490205,0.7610955792850285,0.3668455757582935,0.009189389322285524
7087,0.19899367688979921,0.1704055964277517,0.12616371301250415,0.028588080462047527,0.07282996387729507
7098,0.3646164372779759,0.3301718568318675,0.35280879607069626,0.034444580446108375,0.011807641207279618
71,0.5723229907124611,0.319025192578477,0.455793531219127,0.25329779813398406,0.11652945949333404
7100,0.3955642233216382,0.4682325895865674,0.47809706284198705,-0.07266836626492917,-0.08253283952034884
7111,1.0137850581087342,0.7893515468771238,0.7224214639912601,0.22443351123161037,0.29136359411747415
7113,0.5866540379774253,0.3188828494641891,0.606914425682051,0.2677711885132362,-0.020260387704625682
7117,0.48861338176302793,0.2773192068049302,0.36211458010657155,0.2112941749580977,0.12649880165645638
712,0.7515326930045407,0.3839528459105498,0.7354767789977594,0.36757984709399094,0.016055914006781302
7120,0.45707779795108855,0.29101387904776144,0.38908536842415054,0.1660639189033271,0.06799242952693801
7122,0.8664840533857332,0.46825423694782853,0.7720748507008267,0.39822981643790467,0.09440920268490649
7140,0.5462153628135594,0.3821182433443064,0.45377410740139446,0.16409711946925304,0.09244125541216497
7141,0.6884425956422608,0.4386721008240194,0.6596887370946279,0.24977049481824143,0.028753858547632904
7151,0.551416471326809,0.40073327167412826,0.43959982214637333,0.1506831996526808,0.11181664918043571
7152,0.3776860456326047,0.3445608048259666,0.5249192608419457,0.03312524080663809,-0.14723321520934102
7161,0.6399154575179665,0.36384544890506504,0.5521514911766917,0.2760700086129015,0.08776396634127481
7168,0.42375903638137,0.3332081472877162,0.35337557354934895,0.09055088909365383,0.07038346283202107
7170,0.8645162461600552,0.46568110038149113,0.7605394230327118,0.39883514577856405,0.10397682312734335
7181,0.4316895211613262,0.3567789559248066,0.468585615319045,0.07491056523651962,-0.03689609415771883
7185,0.9416403473683147,0.7454199872897851,0.748856751983185,0.1962203600785296,0.19278359538512968
7189,0.4908412167273781,0.35566163653478816,0.5423729625552113,0.13517958019258997,-0.05153174582783315
7194,0.42570039494132406,0.3015243106661822,0.3913533197450301,0.12417608427514187,0.03434707519629393
7196,0.5294455545295095,0.3617380596100402,0.4146121646051597,0.1677074949194693,0.11483338992434977
7199,0.5437076170498416,0.5398664286353066,0.5426976154169144,0.0038411884145349573,0.0010100016329271932
7209,0.5422489110479227,0.37682550624518213,0.5067094233212381,0.1654234048027406,0.03553948772668458
7216,0.4542732283698464,0.3505958384400725,0.423517859849581,0.10367738992977388,0.03075536852026539
7219,0.14692900910019938,0.04500556315779435,0.1147468611724063,0.10192344594240502,0.03218214792779307
7224,0.4536283056061094,0.37078466417193995,0.44631602598511794,0.08284364143416945,0.0073122796209914576
7232,0.4310716563251831,0.28901483962379326,0.4755446380069911,0.1420568167013898,-0.04447298168180802
7257,0.7922350713017426,0.6543583732021045,0.5751933557145348,0.1378766980996381,0.21704171558720786
7258,0.5917548341943677,0.3968898744311864,0.4739698024020149,0.1948649597631813,0.11778503179235278
726,0.5200216250365128,0.2477678293473165,0.7241991972181151,0.27225379568919633,-0.20417757218160226
7262,0.2667651647354908,0.2920810712261026,0.28665450069413595,-0.025315906490611828,-0.01988933595864517
7266,0.21359789001239632,0.153711084336197,0.29760849321774563,0.059886805676199306,-0.08401060320534931
7278,0.41819925407544306,0.4321476678475261,0.5642834254097089,-0.013948413772083057,-0.14608417133426582
7287,0.617603083386739,0.5425740877863664,0.6954111752192497,0.07502899560037257,-0.0778080918325107
7289,0.009702400544529144,0.03777694216016887,0.0677306370323901,-0.028074541615639728,-0.05802823648786096
7291,0.2614645634614878,0.19128462052932518,0.2622939245627448,0.07017994293216259,-0.0008293611012570312
7292,0.38971248230798206,0.30915158304699925,0.35849290621939095,0.08056089926098281,0.031219576088591106
7293,0.6811709034096072,0.4374186747935195,0.715222760758473,0.2437522286160877,-0.034051857348865844
7294,0.4204989771951066,0.188673709725451,0.5031664651895558,0.2318252674696556,-0.08266748799444917
7295,0.2928583054074832,0.12167425186393561,0.32522062133997204,0.1711840535435476,-0.03236231593248884
730,0.27302825080327003,0.11195255784778535,0.2712286928315345,0.16107569295548468,0.0017995579717355326
7314,0.3906976690321218,0.15710889048410676,0.29993252596623593,0.23358877854801502,0.09076514306588584
7316,0.7683902516959623,0.46528710618114644,0.7649205453770541,0.3031031455148159,0.0034697063189081945
7319,0.5229009034775902,0.46903728096986347,0.40821855560902964,0.05386362250772675,0.11468234786856057
7353,0.4538561281986088,0.2815283362457209,0.4622464429057181,0.17232779195288794,-0.00839031470710927
7355,0.4528393200424402,0.4198584049014754,0.4365293842314684,0.032980915140964795,0.016309935810971787
738,0.6133312658595965,0.41433405071712115,0.561758371573423,0.19899721514247537,0.05157289428617351
7380,0.43393410135468224,0.3256002701464227,0.41328481451527604,0.10833383120825957,0.0206492868394062
7397,0.5997788479244252,0.542808610162046,0.4800879413683746,0.056970237762379194,0.11969090655605052
7449,0.4535345697217814,0.3244598179129621,0.4161704737187876,0.12907475180881933,0.037364096002993785
7450,0.7193090344830247,0.437900744531461,0.6746131846998579,0.28140828995156375,0.044695849783166874
7455,0.3879757071407498,0.18254509647710454,0.3682310668670405,0.20543061066364526,0.019744640273709313
7461,0.26287604804837983,0.21364236912373577,0.40033958773995987,0.04923367892464406,-0.13746353969158004
7463,0.4482178869364846,0.21237274458461075,0.31148806817375263,0.23584514235187387,0.136729818762732
7467,0.3061226818277894,0.12284559883375931,0.31266814428751116,0.1832770829940301,-0.0065454624597217625
7477,0.7767240670582638,0.8574542962790918,0.6666223920144934,-0.08073022922082795,0.11010167504377044
7496,0.523604245688765,0.32070846112794166,0.49237303942900446,0.2028957845608233,0.031231206259760502
7499,0.5031089612913182,0.26217866948122315,0.30909596522514365,0.24093029181009507,0.19401299606617456
7500,0.17017017404976106,0.023114785615640447,0.2106100629689939,0.1470553884341206,-0.040439888919232836
7502,0.35416986629507924,0.2752176914438699,0.3212208586594762,0.07895217485120931,0.032949007635603045
7503,0.44523567274030096,0.2769722880617531,0.422383726326722,0.16826338467854784,0.02285194641357896
751,0.5937826113546693,0.4836411204007677,0.49551613107520104,0.11014149095390158,0.09826648027946822
7520,0.7107649487086226,0.8448055764917615,0.6209009026306154,-0.13404062778313885,0.08986404607800724
7524,0.3756037962265569,0.20506289857995286,0.35425219279646986,0.17054089764660402,0.02135160343008702
7528,0.4138984572395776,0.2582813020539112,0.37795266798593746,0.15561715518566638,0.035945789253640115
7531,0.22354127584265143,0.19274269859161272,0.27333698711174415,0.03079857725103871,-0.04979571126909271
7539,0.38303245768073396,0.3621062628213081,0.4382970957860774,0.020926194859425873,-0.05526463810534343
7542,0.3655906600419747,0.13526964993669477,0.27682436255233445,0.23032101010527994,0.08876629748964027
7549,0.4272568157042966,0.38208040439314833,0.44221032568446716,0.045176411311148246,-0.014953509980170587
7556,0.3502937717466127,0.37358799221102207,0.35816123059397226,-0.023294220464409376,-0.007867458847359565
7557,0.19706960897608772,0.09631426683574454,0.17449934209052853,0.10075534214034318,0.022570266885559187
7559,0.3882195827063071,0.3534888609742628,0.3830874344347243,0.03473072173204428,0.005132148271582759
7563,0.4729118938656055,0.36645226108141493,0.4161814508107379,0.10645963278419057,0.05673044305486763
7565,0.4286482263779829,0.2004523453303671,0.5269723329844603,0.2281958810476158,-0.09832410660647745
7567,0.9779943694518625,0.606563162119215,0.8995607990253722,0.37143120733264745,0.07843357042649024
7569,0.019393213083570306,-0.00831321454799687,0.1053575606051591,0.027706427631567176,-0.0859643475215888
7570,0.47237273652307105,0.21802565125930493,0.4539484903776999,0.25434708526376615,0.018424246145371137
7583,0.42598549955702747,0.20888369091003106,0.32375334763888264,0.2171018086469964,0.10223215191814483
7596,0.3829068351910426,0.25869460497203933,0.4028440182705985,0.1242122302190033,-0.019937183079555887
7598,0.4255474197781022,0.22857466544976793,0.35121610303833317,0.19697275432833425,0.074331316739769
7606,0.27211118878465357,0.21213694438583278,0.2564815983072313,0.05997424439882079,0.015629590477422295
7609,0.18775618587047782,0.18687826702242047,0.20244368088403608,0.0008779188480573519,-0.01468749501355826
761,0.43762415788572656,0.23843173439957124,0.37819612035532446,0.19919242348615532,0.0594280375304021
7613,0.5069532913635977,0.23591406258590422,0.49253273535309233,0.2710392287776935,0.014420556010505348
7628,0.6305321135264758,0.4540583450612937,0.5797179737058401,0.17647376846518203,0.05081413982063565
764,0.7091830234252201,0.42388611035754914,0.8948507329074535,0.28529691306767097,-0.18566770948223343
765,0.682272728013996,0.2878516780953123,0.5958648363911132,0.39442104991868365,0.08640789162288276
7654,0.831272041968137,0.5294840538507304,0.7522255356771125,0.3017879881174066,0.0790465062910245
7655,0.6761305868075407,0.48945948848183474,0.7123093525824603,0.18667109832570594,-0.03617876577491963
7660,0.5872315396302802,0.4456500056918565,0.5168311933378189,0.1415815339384237,0.07040034629246128
7662,0.2617807977644725,0.10471107107922811,0.200543752819455,0.15706972668524438,0.0612370449450175
7664,0.05470113217759228,-0.08539602966433903,-0.03256831934172367,0.1400971618419313,0.08726945151931595
7666,0.4296609870757298,0.32665421779716447,0.4269042795752777,0.10300676927856534,0.0027567075004520936
767,0.5779266709553591,0.396854448507493,0.5986514203452377,0.18107222244786608,-0.02072474938987856
768,0.6096641359812841,0.34885346743887874,0.6256143264460694,0.26081066854240537,-0.015950190464785297
7680,0.6352847042606921,0.3261367927934074,0.6208232116188837,0.30914791146728465,0.014461492641808404
7686,0.2709425617749353,0.18192424282615335,0.3450232851871821,0.08901831894878195,-0.07408072341224681
7690,0.635673349189367,0.3485754403352095,0.5923903510802788,0.28709790885415754,0.0432829981090882
7693,0.29274761473189315,0.28607321968410987,0.4108908054829842,0.006674395047783277,-0.11814319075109103
7697,0.4284147271903661,0.2672336247780749,0.3436231335833659,0.16118110241229122,0.08479159360700023
7711,0.5353466224667914,0.3260051061197293,0.49613106214956093,0.2093415163470621,0.0392155603172305
7712,0.5026233809957188,0.2744627854891644,0.3971187957300021,0.22816059550655438,0.10550458526571671
7718,0.38732238808228264,0.27928741412823693,0.3347469615273022,0.10803497395404571,0.05257542655498043
7726,0.6228873837363139,0.30154335327247717,0.4783635512858234,0.32134403046383675,0.1445238324504905
7730,0.23018907857601997,0.11327208347936471,0.10730670503621251,0.11691699509665526,0.12288237353980747
7741,0.5105484592134736,0.28544004993874317,0.4159245932357739,0.22510840927473041,0.09462386597769967
7751,0.34460976933474935,0.1929287593536568,0.4507866692725966,0.15168100998109255,-0.10617689993784724
7762,0.3668018166859865,0.24910860691306566,0.40887751666442,0.11769320977292083,-0.04207569997843352
7767,0.5038396477631853,0.4074244541014119,0.43766113302841875,0.09641519366177342,0.0661785147347666
7768,0.4016998910496701,0.5470478125619388,0.4140393749498283,-0.14534792151226872,-0.01233948390015821
7774,-0.07205394041783954,-0.06387658585991679,-0.13690411003346528,-0.008177354557922747,0.06485016961562574
7777,0.5040726311708729,0.26850816731243043,0.4345916284741602,0.23556446385844243,0.06948100269671265
7778,0.5933932040682377,0.3634330077529691,0.48862699722417735,0.2299601963152686,0.10476620684406035
779,0.4993417004386814,0.3343300494980895,0.46459243810899165,0.16501165094059195,0.03474926232968978
7808,0.1394210743896206,0.16423986922181333,0.24174960254532968,-0.024818794832192737,-0.10232852815570909
781,0.22492326605307497,0.021316724918819564,0.07738592977189798,0.20360654113425541,0.147537336281177
7817,0.7368648708726487,0.5087101123527196,0.7967436381532275,0.22815475851992917,-0.059878767280578726
782,0.2251143643284985,0.12548595895224968,0.3392786344379156,0.09962840537624881,-0.11416427010941713
7820,0.03974861659870311,0.01616571768002368,0.07086712372514502,0.02358289891867943,-0.03111850712644191
783,0.14116198178292996,0.14922811351753798,0.0999351683886685,-0.008066131734608017,0.04122681339426146
7836,0.7023622485642279,0.4327677569014651,0.5934886517418613,0.26959449166276284,0.10887359682236664
7843,0.36636991344437936,0.23377488716372608,0.3002810605442599,0.13259502628065328,0.06608885290011945
7844,0.2035626985467052,0.09357745556240082,0.22775976173224674,0.10998524298430437,-0.024197063185541545
7847,0.030515731440020503,0.050713961748514745,0.12465975149176639,-0.02019823030849424,-0.09414402005174588
7851,0.38168060869258486,0.3193918686716208,0.3772721944464539,0.06228874002096407,0.004408414246130976
7863,0.5618384575412922,0.45637848165983413,0.44770821561373303,0.10545997588145811,0.11413024192755922
7870,0.24048684062285997,0.09039493639252116,0.25122504954142316,0.1500919042303388,-0.010738208918563197
7876,0.6863543232981817,0.517803853144225,0.5389454958109033,0.16855047015395674,0.14740882748727835
7878,0.5950594184712278,0.2539648364138758,0.35910303666477905,0.341094582057352,0.23595638180644873
7879,0.3132000532333373,0.2446815227660341,0.2535272629993476,0.06851853046730322,0.05967279023398975
7889,0.9210493197323839,0.6426737819100489,0.7109270288175743,0.27837553782233504,0.2101222909148096
7890,0.3227785307175467,0.3007356206219255,0.3758249672958863,0.022042910095621204,-0.05304643657833963
7891,0.22789055777712283,0.25645950009032004,0.24075581016475636,-0.028568942313197204,-0.01286525238763353
7892,0.3306620953351582,0.15249962410888757,0.25936736979612596,0.17816247122627066,0.07129472553903227
7894,0.5502384579994515,0.49062235365754125,0.6268065211165612,0.059616104341910225,-0.07656806311710973
790,0.8909007186409066,0.4917867149091638,0.8095432245885614,0.3991140037317428,0.08135749405234516
7902,0.4582882901802019,0.5174509929652241,0.39737096561405594,-0.059162702785022225,0.06091732456614596
7908,0.5730956504024367,0.322518421524983,0.4887116561899057,0.2505772288774537,0.08438399421253101
7912,0.5681443053266014,0.5951683769885766,0.49627752519208196,-0.02702407166197518,0.07186678013451947
7916,0.3927461470792914,0.4038428929263308,0.3666722530868021,-0.011096745847039402,0.026073893992489272
7918,0.2086683131495714,0.17314772819580465,0.14120308101946033,0.035520584953766754,0.06746523213011107
7919,0.6052658134749722,0.312441785657624,0.5402660151260893,0.29282402781734823,0.06499979834888292
7922,0.47618443716510306,0.3770320397702356,0.3967375409221526,0.09915239739486748,0.07944689624295048
7927,0.579196590503961,0.34952548539234773,0.5425495870379793,0.22967110511161326,0.03664700346598171
7946,0.4007282566599436,0.34810171937273227,0.34594588673149823,0.05262653728721134,0.054782369928445374
7953,0.3587528135546907,0.2940084192098059,0.4417400403922818,0.06474439434488477,-0.08298722683759113
7955,0.6559989553636344,0.43609281243766407,0.5123848530695087,0.21990614292597033,0.14361410229412575
7956,0.9047188635137846,0.42148304995887037,0.8084283227011883,0.48323581355491424,0.09629054081259636
796,0.4738053792533402,0.2834327551267028,0.3697475125542664,0.1903726241266374,0.1040578666990738
7966,0.44672585479866345,0.35213183196043035,0.486083765478112,0.0945940228382331,-0.03935791067944855
7970,0.7488171427718646,0.6048798175712954,0.6041377666441952,0.14393732520056923,0.14467937612766946
7971,0.5688233202739074,0.44084402884658264,0.4922459712416403,0.12797929142732473,0.07657734903226704
7975,0.21305277646577103,0.16642826060907334,0.3200930110947361,0.04662451585669769,-0.10704023462896506
7978,0.3160747610596448,0.23891647685824544,0.3174406473262652,0.07715828420139939,-0.0013658862666203753
7980,0.5562952872880528,0.30642511072486517,0.5205689150340677,0.2498701765631876,0.03572637225398512
7981,0.45234814359979564,0.42486434535682766,0.4086049939299618,0.027483798242967983,0.043743149669833836
7993,0.6063040490438256,0.29141593707830754,0.6535404200896592,0.3148881119655181,-0.04723637104583356
8,0.5336888821463784,0.8006957357594546,0.7997303590793795,-0.2670068536130762,-0.26604147693300106
80,0.7513681699898213,0.4529415007007205,0.7206521327674271,0.2984266692891008,0.030716037222394132
8001,0.1448303023476603,0.27403706579795245,0.278324534557689,-0.12920676345029214,-0.1334942322100287
8004,0.5354312169875923,0.3440333807416166,0.45471373147331784,0.19139783624597573,0.08071748551427449
8005,0.4614365401858543,0.3551855521444693,0.4239989806965519,0.106250988041385,0.037437559489302386
8013,0.44000687734563093,0.26563920024902055,0.3582376444269469,0.17436767709661039,0.08176923291868404
8029,0.20367827108289271,0.16760154442634279,0.22755629327698568,0.03607672665654993,-0.023878022194092963
8033,0.6021387365433458,0.40624734764985443,0.5765286477270997,0.1958913888934914,0.025610088816246157
8035,0.7426533812460363,0.5754588485388696,0.7878742245516324,0.16719453270716667,-0.04522084330559606
8037,0.7372391873224976,0.5113910082623481,0.6059983647410282,0.22584817906014953,0.1312408225814694
804,0.2975535809883059,0.295688179522536,0.1719645536025461,0.0018654014657699114,0.12558902738575983
8042,0.5874659511698815,0.4607598581386473,0.5143336440634737,0.12670609303123426,0.07313230710640783
8043,0.41198157579683153,0.24704967259341695,0.4668449078577922,0.16493190320341458,-0.05486333206096067
8044,0.447921666688837,0.23169349922024898,0.3420330249007836,0.216228167468588,0.1058886417880534
8055,0.5434144866905996,0.5676341897221372,0.5065112970068532,-0.024219703031537643,0.036903189683746396
8056,0.5079533397886169,0.42773030655116506,0.521638957800067,0.08022303323745184,-0.013685618011450074
8058,0.652088567812359,0.5240507413356005,0.6178832193614209,0.12803782647675854,0.034205348450938144
8073,0.5661704957792844,0.4558712672909555,0.5224728861626894,0.11029922848832885,0.04369760961659497
8079,0.28027028723219105,0.23420540159982578,0.32166567770240867,0.04606488563236527,-0.04139539047021762
8084,0.5492573043147736,0.3376438298142959,0.48949934950584284,0.21161347450047768,0.05975795480893076
8085,0.5966270829056046,0.30253194975967423,0.44997187378610715,0.2940951331459304,0.14665520911949748
8100,0.37158275940099594,0.26903790464919797,0.40531334854806006,0.10254485475179798,-0.033730589147064116
8107,0.6300683733533936,0.3778160024512445,0.5636974823306293,0.2522523709021491,0.06637089102276428
8110,0.3351115284543898,0.1290060643854944,0.17212471730975848,0.2061054640688954,0.16298681114463132
8116,0.48420405337494626,0.6163094569915419,0.4893495511893758,-0.13210540361659567,-0.005145497814429523
8119,0.6706584012434712,0.4316746630654467,0.5767906936936192,0.23898373817802449,0.09386770754985196
8125,0.4999119972073754,0.33954693474232617,0.27767836817363734,0.16036506246504922,0.22223362903373806
8126,0.7476010779736576,0.3220273958146633,0.5736810925026374,0.4255736821589943,0.17391998547102017
8129,0.3761058974123193,0.2080152864879472,0.41862436767379474,0.1680906109243721,-0.04251847026147543
8140,0.23514574908274347,0.12173057877221659,0.1933246074288984,0.11341517031052688,0.04182114165384507
8148,0.7960364374435429,0.5877173352940239,0.7898031432034385,0.208319102149519,0.006233294240104437
8150,0.9077973259962979,0.4144937360234437,0.8709119747190918,0.49330358997285423,0.03688535127720616
8165,0.6227534087840948,0.4042298708262728,0.5213546175971684,0.21852353795782198,0.1013987911869264
8182,1.1145448017682327,1.3097139906575637,1.2956566904989537,-0.195169188889331,-0.18111188873072104
8188,0.3221910944938913,0.18881022247005308,0.42289082840980385,0.1333808720238382,-0.10069973391591258
8204,0.5840636157110365,0.29472181888208665,0.5441156447925181,0.28934179682894984,0.03994797091851843
8206,0.7738031459437836,0.6036950186251918,0.5833836834431033,0.17010812731859182,0.19041946250068031
8230,0.42658435881467893,0.38784001076905966,0.3743188828233873,0.03874434804561927,0.05226547599129161
8241,1.0446918929122302,0.4394626438094986,0.7186521062040327,0.6052292491027316,0.32603978670819744
8245,-0.018288300710715712,0.011528231661893274,-0.021102900046147097,-0.029816532372608985,0.002814599335431385
8248,0.3082094373422145,0.2474926631127598,0.2631182890019473,0.060716774229454706,0.04509114834026723
8251,0.2483346095409277,0.1805688529226473,0.18308040698266156,0.06776575661828041,0.06525420255826614
826,0.9636716847174918,0.8028224127066639,1.1138820620633108,0.16084927201082788,-0.150210377345819
8260,0.6279541293586894,0.5393633138474853,0.6297163538541715,0.08859081551120418,-0.0017622244954820232
8261,0.3858883800917871,0.4119683864768152,0.37885334083403527,-0.02608000638502811,0.007035039257751841
8269,0.5142434212437453,0.562117995992746,0.40491256648819296,-0.0478745747490007,0.10933085475555238
827,0.4295423608448443,0.13430094950740742,0.2706421917143619,0.29524141133743687,0.15890016913048244
8276,0.2239911099361291,0.15662377273299471,0.15902738935788738,0.0673673372031344,0.06496372057824173
8280,0.7691561973521266,0.5955638712732089,0.5968009311563557,0.17359232607891772,0.1723552661957709
8284,0.8061373167289857,0.3606700053453199,0.5247971966995201,0.4454673113836658,0.2813401200294656
8289,0.47841760225420393,0.3906436173111468,0.5542621523276883,0.08777398494305716,-0.07584455007348434
8290,0.44433110605670506,0.4155032144583527,0.3918115214923867,0.028827891598352362,0.05251958456431838
8294,0.8835488132238938,0.4944087276007116,0.6212477526814796,0.3891400856231822,0.2623010605424142
8300,0.5824896472800365,0.31421389412823525,0.36872198387822913,0.26827575315180124,0.21376766340180736
8302,0.41117236612802605,0.3066290897998032,0.4676723982344924,0.10454327632822286,-0.05650003210646637
8308,0.538319518374515,0.38791040084138606,0.38864016885847763,0.1504091175331289,0.14967934951603734
832,0.5593174535463871,0.23965981583891297,0.5176000466746243,0.31965763770747413,0.04171740687176273
8320,0.6578293772633831,0.5055689836153413,0.4910985589145354,0.15226039364804178,0.16673081834884768
8322,0.5270302223787519,0.5024903252090884,0.41100770529062597,0.024539897169663427,0.11602251708812589
8336,0.3963175332319562,0.46005624708273624,0.25345921060505394,-0.06373871385078006,0.14285832262690223
8343,0.4463102403798292,0.14635199407477845,0.3905806580487114,0.29995824630505075,0.0557295823311178
8345,0.39610385994297065,0.20261701671275625,0.3975527312803534,0.1934868432302144,-0.001448871337382751
8347,0.6730088309496534,0.6425376679648186,0.60280415392493,0.030471162984834765,0.07020467702472333
8358,0.5205742517513272,0.3523597619737988,0.5256598680714201,0.1682144897775284,-0.005085616320092856
8366,0.45178213925116206,0.33077305127453416,0.47753330289699697,0.1210090879766279,-0.025751163645834907
837,0.6283673855417963,0.5477715334965199,0.7234373817445351,0.08059585204527642,-0.09506999620273882
8387,0.3037462748847111,0.24905235357021813,0.32449660693795696,0.054693921314492994,-0.020750332053245835
8388,0.5514145988539125,0.4368441567196385,0.469620093182481,0.11457044213427403,0.08179450567143154
8390,0.543687229693222,0.29450308601283265,0.4740753857980022,0.24918414368038938,0.06961184389521985
8394,0.5656611404837557,0.45533935645038226,0.5784607796559427,0.11032178403337345,-0.01279963917218696
8402,0.6157838977657142,0.4102981184385498,0.621973057164649,0.2054857793271644,-0.006189159398934829
8404,0.6529916059597932,0.500297679509572,0.6572951771768097,0.15269392645022117,-0.004303571217016522
8409,0.30658960703481497,0.25827858509066226,0.3556552359860708,0.04831102194415271,-0.049065628951255824
8410,0.420820465911113,0.25352001903742666,0.3593248584668247,0.16730044687368634,0.06149560744428828
8413,0.27683372712919346,0.1413094687180828,0.28567514724849646,0.13552425841111065,-0.008841420119303
8414,0.4621332741311009,0.5381444771004474,0.4706579872321301,-0.07601120296934655,-0.008524713101029202
8415,0.41442817198530785,0.43814545049614206,0.40460446679670664,-0.023717278510834217,0.009823705188601206
8426,0.28581158984378074,0.1363595718664204,0.16554374289253027,0.14945201797736035,0.12026784695125048
843,1.001262539775946,2.430618202405789,0.9087588554372982,-1.429355662629843,0.09250368433864786
8430,0.8197219788111332,0.5483603539125106,0.9426466585534592,0.2713616248986226,-0.12292467974232602
8431,0.5759451344598162,0.3391018955595047,0.5746918920810249,0.2368432389003115,0.0012532423787913194
8436,0.3944824051666263,0.25552146254681335,0.37931775653055066,0.13896094261981295,0.01516464863607564
8442,0.5543865648367443,0.1902859286449543,0.411860100049532,0.36410063619179,0.14252646478721231
8449,0.7368069279423736,0.39700176196873094,0.6595430120685402,0.33980516597364263,0.07726391587383341
8453,0.7026777759441825,0.3262584941998955,0.5068008321388511,0.37641928174428696,0.19587694380533138
8460,0.28009626036279844,0.06734216876679103,0.24470382585618375,0.21275409159600742,0.035392434506614695
8461,0.6396933589335596,0.6818364051829415,0.614169178595135,-0.04214304624938192,0.02552418033842463
8466,0.37122905395319256,0.36833963227746286,0.420167837746668,0.0028894216757296975,-0.04893878379347544
8469,0.6276389564860432,0.2722933869025984,0.42735865185233846,0.35534556958344476,0.20028030463370472
8474,0.30567730254260933,0.24404807498438366,0.37462118666014194,0.06162922755822567,-0.0689438841175326
8494,0.3618651877647276,0.1844683686308144,0.4395132198976521,0.1773968191339132,-0.07764803213292448
8496,0.2811350879111642,0.15264461743913132,0.2135463185299117,0.12849047047203288,0.0675887693812525
8498,0.6511682261927553,0.46024129930303653,0.7115951839960573,0.19092692688971874,-0.060426957803301984
85,0.7169350909034238,0.27480144399296585,0.5153994363536885,0.4421336469104579,0.20153565454973532
8516,0.5571872284389294,0.3116126158760365,0.5455149675159947,0.24557461256289292,0.011672260922934719
8520,0.10901893583045563,0.04887085551235963,0.12585443370734078,0.060148080318096,-0.016835497876885153
8525,0.4043912606533856,0.37176965141288454,0.37484538152077507,0.03262160924050106,0.02954587913261053
8535,0.866409212622875,0.8837193439706612,0.8626626150082148,-0.01731013134778625,0.0037465976146601188
8539,0.4724192897461021,0.29467868743985953,0.4819681764361279,0.17774060230624256,-0.009548886690025793
8541,0.47769135071285385,0.2787230060079703,0.40098000953009594,0.19896834470488356,0.07671134118275791
8553,0.4557731541219816,0.2992245679316483,0.35487174672701655,0.1565485861903333,0.10090140739496506
8559,0.5264825393492814,0.3258980164852512,0.4537970316117085,0.20058452286403017,0.07268550773757287
8562,0.23123958014601653,0.24619351574888043,0.27272491389959125,-0.0149539356028639,-0.041485333753574716
8568,0.4490630686686726,0.3963610661956753,0.3969813456246818,0.052702002472997334,0.052081723043990835
8570,0.13822259596676126,0.09290377856684873,0.09050498571985346,0.04531881739991253,0.04771761024690779
8579,0.5089624608719459,0.32521006591421237,0.45871296551232366,0.1837523949577335,0.0502494953596222
8585,0.9029058955116788,0.5935453581926895,0.8632480572296345,0.30936053731898927,0.03965783828204428
8598,0.44740769540669656,0.4369667253417426,0.4036384166618673,0.01044097006495398,0.043769278744829276
86,0.579012397318498,0.25110283554260465,0.461635558118168,0.3279095617758933,0.11737683920032999
861,0.34007130472752445,0.2771292705113582,0.34369587616092023,0.06294203421616623,-0.0036245714333957846
8618,0.7905676349418685,0.5811140460351901,0.730026151858322,0.20945358890667842,0.060541483083546566
862,0.4437094809569715,0.2930852665127983,0.5230950319631236,0.15062421444417318,-0.07938555100615208
8631,0.20240035536736314,0.13430270044156783,0.16420552352860507,0.06809765492579531,0.038194831838758075
8635,0.15688114739534745,0.2239824813182929,0.19977921315593783,-0.06710133392294546,-0.04289806576059038
864,1.2727862172247493,0.6452695015029678,0.827394138780089,0.6275167157217815,0.4453920784446602
8640,0.0871425402749007,0.14604597129133495,0.13056092190119373,-0.05890343101643425,-0.04341838162629302
8642,0.5340056803934865,0.4155761263233616,0.49141380536352075,0.1184295540701249,0.04259187502996575
8651,0.34760021585672,0.16523104359305302,0.3358596297797713,0.182369172263667,0.011740586076948722
8653,0.2541249186634695,0.17505448886634162,0.2762688000045165,0.07907042979712786,-0.022143881341047
8666,0.746005053901345,0.3704453756551633,0.6595270390772718,0.3755596782461817,0.08647801482407314
8667,0.521604337209363,0.45820024041580176,0.41135674307695713,0.06340409679356118,0.11024759413240581
8670,0.5818216315590511,0.23575667506844725,0.650077248004853,0.34606495649060387,-0.06825561644580191
8672,0.2197245582745209,0.1324791593869027,0.23158202665937552,0.0872453988876182,-0.01185746838485463
8674,0.4527125533733472,0.26220164638296206,0.37619070375382513,0.19051090699038514,0.07652184961952208
8679,0.7351389587435571,0.2597754326536331,0.6095516818978124,0.47536352608992394,0.12558727684574467
8681,0.7000746805523429,0.354368912449101,0.8680424611454521,0.3457057681032419,-0.16796778059310924
8694,0.2723864763716188,0.08429968080679762,0.3492415727818679,0.18808679556482116,-0.07685509641024912
870,0.654391974015022,0.7640829792029981,0.8036678055249434,-0.10969100518797603,-0.1492758315099214
8730,0.3186225251242857,0.341273263992282,0.30294883137441986,-0.022650738867996345,0.015673693749865825
8731,0.41138609600143505,0.29690173565574923,0.3363879089581617,0.11448436034568582,0.07499818704327338
8732,0.7872959330702766,0.4951192731504803,0.6461463861067304,0.29217665991979624,0.1411495469635462
8741,0.4097682898958172,0.5483083587385338,0.3934197761642994,-0.13854006884271658,0.0163485137315178
8762,0.3301917443635681,0.17844963583643142,0.23336057761840054,0.15174210852713665,0.09683116674516754
8765,0.2758821273200524,0.18144520827186247,0.30867231523024274,0.09443691904818993,-0.03279018791019034
8766,0.53096464689851,0.5343908203436157,0.5878206682522674,-0.0034261734451057624,-0.05685602135375745
8767,0.2932223436055855,0.2027688313767412,0.26610404982154334,0.09045351222884432,0.02711829378404218
8769,0.5345528027179518,0.3391469039633877,0.5721109998931403,0.1954058987545641,-0.03755819717518849
8771,0.29257965622057047,0.3687033305423067,0.43501392864559213,-0.07612367432173622,-0.14243427242502166
8774,0.4518916318207988,0.33886935867980816,0.4670916770536511,0.11302227314099061,-0.015200045232852344
8781,0.3761070457516889,0.3284986959862327,0.3170491684260092,0.04760834976545619,0.059057877325679686
8782,0.3908780484118351,0.2983013387030285,0.36814338720415796,0.0925767097088066,0.022734661207677143
8791,0.085311202188894,0.018226124719610538,0.08671424488931835,0.06708507746928347,-0.0014030427004243506
8795,0.052686273488386594,0.03333132528996096,0.10594027012117088,0.019354948198425634,-0.05325399663278429
8822,0.43750601465742284,0.29987065319775524,0.38369312350974827,0.1376353614596676,0.05381289114767457
8824,0.37858588198768095,0.33651576291311647,0.3916011098302537,0.04207011907456448,-0.013015227842572752
8825,0.2744667666581543,0.1962319468851169,0.2543355502473323,0.0782348197730374,0.020131216410821995
8828,0.5148730395252576,0.29859404950879437,0.42468939331399697,0.21627899001646328,0.09018364621126068
884,0.28871719448770305,0.1603926495016559,0.256617527034082,0.12832454498604715,0.03209966745362103
8846,0.6558833837589305,0.5711135106417298,0.5041316080656734,0.08476987311720074,0.15175177569325715
8853,0.3168398512631717,0.2825526302184859,0.3541317214876377,0.03428722104468579,-0.037291870224466006
8856,0.7913310846509181,0.3749940863645826,0.750056401683694,0.41633699828633547,0.04127468296722403
8857,0.4675444880890228,0.36142757474327725,0.34840097759331135,0.10611691334574558,0.11914351049571148
8867,0.8547960286660206,0.47328896991817543,0.8612867816520821,0.38150705874784513,-0.006490752986061499
8868,0.4718137742542174,0.3404741779416238,0.41733331916172917,0.13133959631259357,0.05448045509248822
8880,0.25624445534715923,0.1266795678614725,0.23176457407874226,0.12956488748568673,0.024479881268416964
8882,0.28564587115951684,0.15133829585126096,0.3407715089037676,0.13430757530825588,-0.05512563774425078
8888,0.44633174455855396,0.3671655473412554,0.5648435141901195,0.07916619721729856,-0.11851176963156551
89,0.5059965755684169,0.4053597804934867,0.516771231286822,0.10063679507493023,-0.01077465571840508
8900,0.39396037219868607,0.45176383669816467,0.4026952160324214,-0.057803464499478596,-0.00873484383373535
8904,0.647722377214525,0.4602715656652273,0.5228837383170416,0.18745081154929766,0.12483863889748337
8906,0.4227686601287908,0.2720689133038821,0.34885820478026025,0.15069974682490866,0.07391045534853052
8907,0.2944715796092216,0.32947013530394853,0.15625034553880252,-0.03499855569472693,0.13822123407041909
891,0.41322701426865,0.27541578041303677,0.3583740029735204,0.13781123385561322,0.054853011295129595
8912,0.43752800125076563,0.30865554082310453,0.36274997082537386,0.1288724604276611,0.07477803042539177
8914,0.6918563780231117,0.48764762910481385,0.4697897963186563,0.20420874891829788,0.22206658170445542
8916,0.20328948016756387,0.10669263207957347,0.1173435806665619,0.0965968480879904,0.08594589950100197
8925,0.5019499269413056,0.33990454299567274,0.6279526624403111,0.16204538394563284,-0.12600273549900554
8939,0.39341030647399655,0.3538793640761512,0.4855702648495448,0.039530942397845326,-0.09215995837554825
8948,0.4319054769861422,0.2888494476740715,0.48604392755553183,0.14305602931207068,-0.05413845056938965
8949,0.6475896621444085,0.3649099677351043,0.5357792006384989,0.2826796944093042,0.11181046150590956
8958,0.47385706448505205,0.31693643207674305,0.4114119455564082,0.156920632408309,0.06244511892864385
8960,0.2274110118502745,0.04305821241666218,0.126488214100784,0.18435279943361232,0.1009227977494905
8967,0.7845426657204319,0.5587248128207861,0.7786532626498363,0.22581785289964573,0.0058894030705956
8968,0.5170638453571057,0.3249578682928755,0.5494414886444122,0.19210597706423022,-0.03237764328730652
897,0.5535899907688551,0.5015796112136218,0.5244084620024277,0.052010379555233244,0.029181528766427323
8975,0.5062625688741088,0.27144321381556796,0.4635453166295724,0.23481935505854085,0.04271725224453643
8977,0.4581698357573256,0.3574240114792101,0.5544399504654984,0.10074582427811551,-0.09627011470817282
8978,0.6129934233896546,0.3395604617125099,0.4999393247188262,0.27343296167714465,0.11305409867082838
8985,0.6283745658267562,0.3553005241762711,0.5389489050447991,0.2730740416504851,0.08942566078195713
8990,0.3318500058457535,0.2239798521057125,0.30631438585359577,0.10787015374004102,0.025535619992157754
8992,0.2983342954357666,0.11488544850306961,0.28798200952166725,0.183448846932697,0.010352285914099368
9009,0.6341773744311419,0.3672660444893018,0.5504476234218922,0.2669113299418401,0.08372975100924962
9011,0.5444670186218503,0.4274582916447132,0.5992203808906689,0.1170087269771371,-0.05475336226881855
9014,0.43243021162618633,0.28800417452358434,0.3417737438633078,0.144426037102602,0.09065646776287856
9015,0.9336289715823697,0.42326878302175686,0.6877052099449757,0.5103601885606128,0.24592376163739393
9019,0.470691805776683,0.3484195235968324,0.47073709516599316,0.12227228217985059,-4.528938931014359e-05
9030,0.7576807559998794,0.5417908491445071,0.6888050274447671,0.21588990685537224,0.06887572855511226
9035,0.2520325699846534,0.4875328954663503,0.3047988154747186,-0.23550032548169691,-0.0527662454900652
9043,0.41763067159847356,0.33555718171240956,0.32878816715354686,0.082073489886064,0.0888425044449267
9053,0.3490500422442588,0.2756118067281773,0.3474871035090073,0.07343823551608147,0.0015629387352514845
9054,0.2156029575033451,0.26836266030646444,0.2205932862999428,-0.05275970280311934,-0.004990328796597693
9059,0.2854840159994423,0.20079811007520798,0.2682860245697725,0.0846859059242343,0.017197991429669768
9061,0.4298557996395078,0.43603889418229985,0.5106953104113836,-0.006183094542792034,-0.08083951077187579
9062,0.7471826353930843,0.4222109014166376,0.6063872190480333,0.3249717339764467,0.140795416345051
9074,0.27569181129455916,0.13350592876587902,0.1942067247053024,0.14218588252868014,0.08148508658925677
9088,0.8170805615954394,0.4052941281500283,0.6270091607897232,0.4117864334454111,0.19007140080571616
9095,0.31631099041728317,0.311080971952369,0.26906812075386033,0.005230018464914166,0.04724286966342284
9103,0.19236979854682335,0.11017770880328709,0.17893887044236664,0.08219208974353626,0.013430928104456702
9107,0.34284817922581334,0.3940003700772319,0.3578885007015064,-0.05115219085141853,-0.015040321475693064
9110,0.6179497562416298,0.37705454037857633,0.556179872712593,0.2408952158630535,0.061769883529036895
9112,0.28032711949732103,0.20751100582154253,0.2754588951339938,0.0728161136757785,0.004868224363327234
9114,0.538233943498199,0.37449247913621264,0.47336569595630623,0.16374146436198633,0.06486824754189274
9116,0.5452068591235616,0.3450464914775491,0.5712588042635333,0.20016036764601247,-0.026051945139971666
9121,0.36657762213461187,0.41486000986747057,0.37217045139065297,-0.0482823877328587,-0.005592829256041099
9124,0.4674670048142271,0.31027531364912847,0.647786186492274,0.15719169116509862,-0.18031918167804695
9137,0.6324066377698434,0.36210321401434603,0.4460667286801307,0.2703034237554974,0.1863399090897127
9138,0.8740761473053434,0.748657395039165,0.6317356506889457,0.1254187522661785,0.24234049661639778
914,0.30223151372488993,0.1740581929200415,0.2955737526461712,0.12817332080484845,0.006657761078718738
9149,0.7226822183427773,0.48576633455873464,0.6053297783468361,0.2369158837840427,0.11735243999594125
9153,0.3455266211223637,0.36795088329333964,0.3255278483465439,-0.022424262170975928,0.019998772775819795
9155,0.7187607571079488,0.8806714591394795,0.7330248919397435,-0.16191070203153068,-0.014264134831794673
9156,0.35943123352535417,0.4121394455256104,0.4779418145042124,-0.052708212000256216,-0.11851058097885825
9175,0.6478082407885403,0.4064288896463674,0.45675368880544365,0.24137935114217285,0.19105455198309662
9182,0.4633003581837488,0.38236726099507945,0.4497318336007747,0.08093309718866937,0.01356852458297414
9187,0.48603872632449135,0.2827335684219302,0.4723703781063717,0.20330515790256115,0.01366834821811963
9193,0.4459912511814817,0.3605243801289592,0.32130152014228475,0.08546687105252249,0.12468973103919695
9194,0.20353697138482446,0.12966009449287744,0.1307424792848984,0.07387687689194702,0.07279449209992606
9197,0.5711604894567357,0.3476951386856816,0.5906269551445175,0.22346535077105412,-0.019466465687781764
9198,0.1568752041530772,0.05860165830321447,0.05429451025867872,0.09827354584986274,0.10258069389439849
920,0.4140509978732862,0.2083113980821447,0.41392090229449396,0.2057395997911415,0.0001300955787922331
9202,0.37742485352242483,0.24573581870551264,0.4866970636948344,0.1316890348169122,-0.10927221017240957
9204,0.3827856455308328,0.29808868188034854,0.6082682985574617,0.08469696365048424,-0.2254826530266289
9212,0.5427546597500241,0.5305489021941092,0.8034470844339435,0.012205757555914909,-0.2606924246839194
9216,0.23895600026295247,0.14339581169885032,0.1880269828147945,0.09556018856410214,0.050929017448157976
9225,0.3698842228462455,0.35868124970449955,0.643395389910576,0.011202973141745953,-0.2735111670643305
9233,0.5796650465891034,0.4770085274954966,0.48402596569886214,0.10265651909360685,0.09563908089024131
9236,0.2521354195630789,0.2095525708696408,0.2586822561697606,0.04258284869343809,-0.006546836606681705
9237,0.6265068829859423,0.4504894397257111,0.8581552622636079,0.17601744326023117,-0.23164837927766568
9250,0.6481562379383755,0.4292666720417957,0.742774357463417,0.21888956589657982,-0.09461811952504151
9254,0.488270044355646,0.2949049290172426,0.5299991860037427,0.19336511533840345,-0.04172914164809671
9263,0.5252761604047591,0.38447505780194025,0.6455844972533765,0.14080110260281886,-0.12030833684861741
9269,0.1991915684549386,0.12693870059218304,0.3143655015749644,0.07225286786275556,-0.1151739331200258
9270,0.07978272280287373,-0.023157687880828545,0.03467613196049033,0.10294041068370227,0.045106590842383394
9275,0.3173365944786981,0.19346987267281077,0.43180618147891736,0.12386672180588734,-0.11446958700021925
9284,0.0903423535794744,0.09684491047878283,0.11426535768408702,-0.006502556899308426,-0.023923004104612622
9291,0.2874220804355045,0.20116861469245367,0.24817836769986304,0.08625346574305082,0.03924371273564145
9301,0.04695647129092541,-0.0010567038952965018,0.13532164982022565,0.04801317518622191,-0.08836517852930025
9303,0.2020707175453466,0.14692376209528982,0.24315683849853778,0.055146955450056795,-0.04108612095319117
9305,0.10554761887192711,-0.02697708567734481,0.0931381837968715,0.13252470454927193,0.012409435075055611
931,0.6384308126886098,0.5007245519338741,0.546266910481377,0.1377062607547357,0.0921639022072328
9316,0.2826003886995588,0.1794960335232866,0.37472962793696907,0.10310435517627217,-0.09212923923741029
9317,0.6715749899907322,0.49326622845686424,0.9011625984611791,0.17830876153386793,-0.2295876084704469
9321,0.6441169760567963,0.5111244993750155,0.8826749055793199,0.13299247668178082,-0.23855792952252364
9323,0.49231781770904315,0.6706492286977624,0.5511930141821733,-0.1783314109887193,-0.05887519647313011
9326,0.40736012251674597,0.42201116360447183,0.6363786320700034,-0.014651041087725858,-0.22901850955325748
9327,0.12288501457167067,0.19696874347948176,0.24855924694269538,-0.07408372890781109,-0.1256742323710247
9330,0.17602347645369243,0.10039610225906617,0.11186739656010065,0.07562737419462626,0.06415607989359177
9341,0.7279865272676225,1.4380796997378034,1.182066536804287,-0.7100931724701809,-0.4540800095366646
9352,0.36259863653810276,0.31470478830086057,0.5318814231393866,0.04789384823724219,-0.16928278660128382
9353,0.3984028353812977,0.3299472348888794,0.5557590445286069,0.06845560049241833,-0.1573562091473092
9358,0.5361114345873004,0.34084072489493955,0.5257390512843323,0.19527070969236082,0.01037238330296808
936,0.5885814556777665,0.2875054938686424,0.3940366836986649,0.30107596180912416,0.19454477197910164
9361,0.62505195805442,0.6025180144130263,0.702064899060145,0.022533943641393717,-0.07701294100572498
9362,0.7369035382194994,0.6373160517482692,0.9937835668542564,0.09958748647123017,-0.256880028634757
9363,0.46166033899911535,0.5921340554758519,0.5287179537790581,-0.1304737164767365,-0.06705761477994271
9364,0.515227590989754,0.12826655880426133,0.34466571126275924,0.3869610321854927,0.17056187972699477
9380,0.13015833235254723,-0.011136337551659553,0.09143133573717377,0.14129466990420678,0.03872699661537346
9384,0.214881093101436,0.27069522991658906,0.4057816869439667,-0.05581413681515307,-0.19090059384253072
939,0.33241474696010875,0.17546560934410296,0.32916580989987676,0.1569491376160058,0.0032489370602319934
9394,0.17615472633685147,0.2179379768070258,0.30767360144170325,-0.04178325047017434,-0.13151887510485177
940,0.4442299866435276,0.3146189700992498,0.4526708644220242,0.1296110165442778,-0.008440877778496614
9402,0.7930565184596823,0.6374187824369462,0.9325684759995336,0.15563773602273612,-0.13951195753985135
9406,0.02280875875668386,0.23144559506948595,0.06336990296005224,-0.20863683631280208,-0.04056114420336838
9408,0.3236252134542214,0.37763017130251897,0.5776038188053702,-0.05400495784829756,-0.25397860535114875
9426,-0.003796945576051851,0.04913358442999011,0.09284341894989342,-0.052930530006041955,-0.09664036452594528
9438,0.6513507970163677,0.38488687097740837,0.4104581956978414,0.2664639260389593,0.24089260131852624
944,0.5465176731605612,0.46092305911888337,0.6703767248335947,0.08559461404167784,-0.12385905167303346
9457,0.25821376601005297,0.10178697561776344,0.20566393024979704,0.15642679039228952,0.05254983576025593
9460,0.5081654287363294,0.9609109678056099,0.5846415124059611,-0.4527455390692805,-0.07647608366963166
9471,0.23174588564480472,0.18902098317595048,0.28166800456869284,0.04272490246885424,-0.04992211892388812
9494,0.4516359439189175,0.32059709405506337,0.49094656628512534,0.1310388498638541,-0.03931062236620786
9506,0.29356212519816816,0.23842509308219406,0.46741295746507605,0.055137032115974094,-0.1738508322669079
9507,0.5206014967888805,0.39138537901135256,0.7025140178066731,0.1292161177775279,-0.18191252101779265
951,0.6211433528429553,0.38290235407039863,0.7183711500366442,0.23824099877255667,-0.0972277971936889
9519,0.1564628150777234,0.17132172740882973,0.29221834526891877,-0.014858912331106339,-0.13575553019119538
9520,0.1539894855492301,0.1151945470636463,0.330002612124547,0.03879493848558378,-0.17601312657531692
9524,0.32089782752180773,0.23546756916063086,0.3627298033934872,0.08543025836117688,-0.04183197587167947
9528,0.4349710453894805,0.21911675614898765,0.48593301613426987,0.21585428924049285,-0.050961970744789364
9541,0.38854349927011783,0.39950575510691694,0.35778675835908064,-0.010962255836799106,0.030756740911037195
9542,0.4219053578961135,0.38249640476949187,0.5404323811418231,0.039408953126621626,-0.11852702324570963
9545,0.01973092649212405,0.05472419965305909,0.09956563910472334,-0.034993273160935034,-0.07983471261259929
9554,0.46339378030467826,0.2644109658897219,0.49460602100929185,0.19898281441495635,-0.031212240704613592
9561,0.38332799523134103,0.23662080465625576,0.5090241291151042,0.14670719057508527,-0.12569613388376316
9562,0.3088803504746409,0.2047288746073385,0.32723408974273877,0.10415147586730242,-0.018353739268097857
9565,0.1922650928832835,0.07456252795301403,0.21200996863400473,0.11770256493026947,-0.01974487575072123
9568,0.5022361544759689,0.4443795502348255,0.46823632111259844,0.05785660424114342,0.03399983336337048
9569,0.45154924583323164,0.32484924539392834,0.48554282528272497,0.1267000004393033,-0.03399357944949333
9577,0.6044461416964166,0.32139004873289617,0.702769180609512,0.28305609296352047,-0.09832303891309535
9591,0.08011838007715945,0.009323466443252859,0.15422199211650925,0.0707949136339066,-0.0741036120393498
9592,0.45194599413950604,0.32681378806507994,0.37847889444845734,0.1251322060744261,0.0734670996910487
9594,0.7279633914571254,0.3372829043558062,0.7001784521757513,0.3906804871013192,0.027784939281374155
9601,0.43699513985281146,0.48500864141127936,0.6493157129797247,-0.0480135015584679,-0.21232057312691321
9617,0.43017353772909106,0.2816398801529162,0.45034236785430837,0.14853365757617487,-0.020168830125217307
9619,0.7946622123856442,0.6413674975127756,0.9295178251714473,0.1532947148728686,-0.13485561278580316
962,0.8541344319695805,0.36766955640372223,0.7323101835223182,0.48646487556585827,0.12182424844726225
9620,0.4591585999661374,0.28386985158592914,0.5479012680563248,0.17528874838020825,-0.08874266809018738
9629,0.5077923760783194,0.20890318307920056,0.4409654755600506,0.29888919299911887,0.06682690051826878
9630,-0.00013122426002686974,0.006324635851392673,0.04264117918142798,-0.006455860111419543,-0.042772403441454845
9632,0.5527377593920865,0.475913847721993,0.9638323210103007,0.07682391167009345,-0.4110945616182142
9637,0.04812526862930811,0.10045973454263586,0.10141511123310677,-0.05233446591332775,-0.05328984260379866
964,0.5403367320694287,0.23333015864261078,0.42800506342489003,0.3070065734268179,0.11233166864453864
9640,0.6134671787098906,0.44361905049255196,0.4942342791256733,0.1698481282173387,0.11923289958421734
9651,0.14737935931598575,0.1272864758156851,0.16971285890495522,0.02009288350030064,-0.022333499588969463
9656,0.47467665645118173,0.2698331609948798,0.402169639107992,0.20484349545630193,0.0725070173431897
9669,0.30805242256027815,0.1750812554654347,0.38515833652012205,0.13297116709484344,-0.0771059139598439
967,0.2543471267345889,0.1355972354695707,0.2805061437110589,0.11874989126501823,-0.026159016976469995
9674,0.41443403725523636,0.30857091948848214,0.4332176236303483,0.10586311776675422,-0.01878358637511196
9676,0.43139638659043633,0.30584428709399564,0.5572788761380307,0.1255520994964407,-0.1258824895475944
9678,0.0692548979358995,0.09801818404650293,0.048081669303851986,-0.028763286110603428,0.02117322863204752
9680,0.36480444228550685,0.33108567678715073,0.47313459752838105,0.03371876549835612,-0.1083301552428742
9689,0.48939541755596605,0.529417570706892,0.5644232073877892,-0.04002215315092594,-0.07502778983182312
969,0.5952164352867622,0.5392943407119213,0.7201397304662972,0.055922094574840875,-0.12492329517953504
9691,0.7379995148347105,0.49509649867695815,0.7250782157940654,0.24290301615775234,0.012921299040645096
9694,0.22168257753174342,0.2437494779128574,0.2822987949677999,-0.022066900381113974,-0.060616217436056496
9700,0.16705057482229563,0.14017548258089993,0.19873103260044883,0.0268750922413957,-0.031680457778153204
9706,0.17505835500000144,0.14468932435863366,0.16866203983356837,0.030369030641367784,0.006396315166433075
9707,0.2643180696451214,0.1487930947494343,0.3195093237084266,0.11552497489568708,-0.05519125406330522
9718,0.10724014917887657,0.03455044627644062,0.16485843216723203,0.07268970290243595,-0.05761828298835546
9720,0.6298446551073779,0.8696246460209064,0.9035581727597641,-0.23977999091352853,-0.2737135176523863
9726,0.7470812357373169,0.6169420367437717,0.7578107773143291,0.1301391989935452,-0.010729541577012225
9732,0.5874280436292062,0.4447970373032095,0.7296534382662871,0.14263100632599668,-0.14222539463708095
9738,0.5094310655965342,1.9884119374165752,0.376382199309388,-1.478980871820041,0.13304886628714618
974,0.5334758019682377,0.3389833170659051,0.6206229761791592,0.19449248490233262,-0.08714717421092144
9746,0.20377135347110426,0.1715346823765693,0.39958011560083684,0.03223667109453496,-0.19580876212973258
9754,0.27655128042913396,0.2522089947668154,0.36359128452555506,0.024342285662318552,-0.0870400040964211
9760,0.1823572995482761,0.12479077593568659,0.1672583010706049,0.0575665236125895,0.015098998477671183
9761,0.39989289537465617,0.29963340329129334,0.471595496978289,0.10025949208336282,-0.07170260160363284
9767,0.28330180542228656,0.3155739307966235,0.44036544843743247,-0.032272125374336935,-0.15706364301514592
9768,0.7731597636737724,0.6887543085360566,0.7776465372048053,0.0844054551377158,-0.004486773531032884
9772,0.6485981417141239,0.4959794976078368,0.7178692964401114,0.15261864410628712,-0.06927115472598755
9793,0.2953725506564696,0.48790744354760973,0.3709822431118838,-0.19253489289114012,-0.07560969245541421
9795,0.18431364052894195,0.13934526047710985,0.19764209393102877,0.044968380051832096,-0.013328453402086826
9812,0.48357422949845125,0.34166614274617374,0.5149796667369454,0.1419080867522775,-0.03140543723849415
9815,0.23383237675700982,0.3202260015005809,0.2985629254294232,-0.08639362474357107,-0.06473054867241337
9827,0.38112313125693803,0.16313055343380672,0.351938182612538,0.2179925778231313,0.02918494864440002
9844,0.7508573733278204,0.5023728276769043,0.6837651567114323,0.24848454565091616,0.06709221661638809
9851,0.4166378683864957,0.2050553926896893,0.42596332778006957,0.21158247569680638,-0.009325459393573876
9853,0.6246303459654258,0.2908568655072947,0.48651559026477115,0.33377348045813104,0.13811475570065462
9855,0.3656224327889558,0.29439678690089194,0.40388240532683595,0.07122564588806385,-0.03825997253788016
9856,0.16720517873922347,0.13289472008314202,0.23365890345820023,0.034310458656081455,-0.06645372471897676
9857,0.40762074848719343,0.39982806536079835,0.4647330249934372,0.0077926831263950835,-0.057112276506243786
9871,0.6324585172519106,0.6377780666751343,0.6021547767694566,-0.005319549423223657,0.03030374048245399
9875,0.4404422473683332,0.34261946525534864,0.43598246171692384,0.09782278211298456,0.004459785651409365
9878,0.29342139126258604,0.2769733631778222,0.4403895951651728,0.016448028084763866,-0.14696820390258675
9881,0.4281462667030681,0.2832207360240605,0.3853308985188701,0.1449255306790076,0.04281536818419801
9885,0.4940624716514428,0.2874051820080146,0.43840643353941994,0.20665728964342817,0.055656038112022854
9895,0.23900623101495852,0.22506128891042215,0.3275852228269303,0.013944942104536368,-0.08857899181197179
9896,0.41336005467709563,0.38122973697757806,0.4568899744362118,0.032130317699517574,-0.04352991975911619
9897,0.16671640563848814,0.14976673415977745,0.23081867043263365,0.01694967147871068,-0.06410226479414552
9902,0.5690137403152218,0.37903809733324106,0.5128197899694742,0.18997564298198072,0.05619395034574759
9909,0.11697415374611861,0.0105616063381893,0.19477779027598136,0.10641254740792931,-0.07780363652986275
9912,0.7342970773115043,0.45702085030845674,0.5525353867965813,0.27727622700304755,0.18176169051492297
9918,0.2148950415894677,0.18960114646854745,0.24367521310026702,0.025293895120920257,-0.028780171510799313
9923,0.7835884836487669,0.6164533084914965,0.6115547026798999,0.1671351751572704,0.172033780968867
9924,0.7007060934208622,0.4178564951176162,0.5210213684482602,0.282849598303246,0.17968472497260202
9930,0.6792749505789589,0.5794191938251921,0.5465670702062437,0.09985575675376679,0.1327078803727152
9931,0.9126516605488529,0.5889533512262866,0.8248407477287615,0.3236983093225664,0.08781091282009146
9940,0.375779876821832,0.3439742266117047,0.4976329668465948,0.03180565021012732,-0.1218530900247628
9941,0.8438040523611638,0.6096205124492241,0.8248708388473627,0.23418353991193974,0.018933213513801173
9942,0.34728558707513946,0.21425959603071398,0.4614892498098203,0.13302599104442547,-0.11420366273468086
9943,0.49717026856846475,0.5256019899155204,0.5518413971386311,-0.028431721347055683,-0.05467112857016637
9952,0.6142186326422977,0.3542813446302834,0.4775910929985808,0.2599372880120143,0.13662753964371688
9955,0.548011444416829,0.3864517892590719,0.5292503833367037,0.1615596551577571,0.01876106108012532
9956,0.4855183272357865,0.34985190532930643,0.4576702335235729,0.13566642190648004,0.027848093712213584
9961,0.9163439255882286,0.6935021933560835,0.9013706176073585,0.2228417322321451,0.014973307980870154
9962,0.4782225001584614,0.3039161738165383,0.6876226185893652,0.1743063263419231,-0.20940011843090384
9964,0.6501932667810676,0.40794182416338415,0.5302423396056397,0.24225144261768344,0.11995092717542788
9966,0.4784859677930264,0.3458552059125369,0.6988131380043835,0.1326307618804895,-0.22032717021135712
9969,0.5862476591609618,0.4788517124399807,0.644879027309368,0.10739594672098107,-0.05863136814840619
997,0.764134937583425,0.4978947173714151,0.6495366595088613,0.2662402202120099,0.11459827807456369
9971,0.747719528226529,0.5161695714327552,0.7809683334612836,0.23154995679377377,-0.0332488052347546
9976,0.27805276482609037,0.12329051701139464,0.31268111308728214,0.15476224781469572,-0.034628348261191766
9977,0.8010094463360665,0.4865743534231433,0.7432972112361197,0.3144350929129232,0.05771223509994683
9979,0.4311913239613957,0.24308644144586428,0.46092578485809227,0.18810488251553142,-0.02973446089669657
9980,0.7136555795735054,0.4406159629189741,0.4048956955767922,0.27303961665453136,0.3087598839967132
9986,0.25863092695101547,0.2677633207612923,0.3526149007082262,-0.009132393810276807,-0.09398397375721074
999,0.1549239049743991,-0.010633244401330516,0.22192336348305147,0.1655571493757296,-0.06699945850865238
9994,0.4116932652008532,0.2309777451779535,0.45068885003712306,0.1807155200228997,-0.03899558483626986
