id,condition,source_locale,target_locale,source_text,source_intent,donor_text,donor_intent,generation,target_language_success,delta_over_H,source_intent_preserved,donor_intent_leakage
1744,alpha_0,ar-SA,zh-CN,وش رايك,43,关闭八点的闹钟,52,"م عن هذا الموضوع؟

[User 0001]

السلام عليكم ورحمة الله وبركاته

انا من المبتدئ",False,1.1803795099258423,False,False
1744,alpha_075,ar-SA,zh-CN,وش رايك,43,关闭八点的闹钟,52,"م؟

[User 0001]

<b>السلام عليكم ورحمة الله وبركاته</b>

<b>
أولاً:</b>",False,1.1803795099258423,False,False
1744,random_zs,ar-SA,zh-CN,وش رايك,43,关闭八点的闹钟,52,", 1999, 2000, 2001, 2002, 2003, ",False,1.1803795099258423,False,False
4130,alpha_0,zh-CN,ar-SA,我有定舞蹈课的闹钟提醒吗,23,قلل قوة اللمبه,31,"？

是的，你可以设置一个闹钟提醒，提醒你什么时候去上课。

我可以在哪里找到我的定舞蹈课的闹钟提醒？

",False,0.6291049718856812,True,False
4130,alpha_075,zh-CN,ar-SA,我有定舞蹈课的闹钟提醒吗,23,قلل قوة اللمبه,31,"؟

我需要一个闹钟提醒我什么时候去跳舞。

我需要一个闹钟提醒我什么时候去跳舞。

我需要一个闹钟提醒",False,0.6291049718856812,True,False
4130,random_zs,zh-CN,ar-SA,我有定舞蹈课的闹钟提醒吗,23,قلل قوة اللمبه,31,"?

I have a dance class reminder?

I have a dance class reminder?

I have a dance class reminder?

I have a dance class reminder",False,0.6291049718856812,False,False
6902,alpha_0,ar-SA,zh-CN,حط تذكير الشهر الجاي عشان أغير الزيت,50,六除以二等于多少,39," في السيارة

[User 0001]

<blockquote><b>حط تذكير الشهر الجاي عشان أغير الزيت في السيارة</b>

",False,0.7379577159881592,False,False
6902,alpha_075,ar-SA,zh-CN,حط تذكير الشهر الجاي عشان أغير الزيت,50,六除以二等于多少,39,"

[User 0001]

<blockquote><b>حط تذكير الشهر الجاي عشان أغير الزيت</b>

<b>
السلام عليكم",False,0.7379577159881592,False,False
6902,random_zs,ar-SA,zh-CN,حط تذكير الشهر الجاي عشان أغير الزيت,50,六除以二等于多少,39,".

I'm not sure if this is a good idea or not.

I'm not sure if this is a good idea or not.

",False,0.7379577159881592,False,False
1741,alpha_0,zh-CN,ar-SA,请告诉我現在正在播放的这首歌的名称,57,ما هو الطقس اليوم,13,"。

请告诉我現在正在播放的這首歌的名称。

请告诉我現在正在播放的这首歌的名称。

请告诉我現在正在播放的",False,0.6668630838394165,True,False
1741,alpha_075,zh-CN,ar-SA,请告诉我現在正在播放的这首歌的名称,57,ما هو الطقس اليوم,13,"
English: Please tell me the name of the song that is playing now",False,0.6668630838394165,True,False
1741,random_zs,zh-CN,ar-SA,请告诉我現在正在播放的这首歌的名称,57,ما هو الطقس اليوم,13,".

<h2>Answer</h2>

The song is called ""The Sound of Silence"" by Simon and Garfunkel.

<h2>Answer</h2>

The song is called",False,0.6668630838394165,True,False
16563,alpha_0,ar-SA,zh-CN,تأكد من الايميل حقي,44,你们有送餐上门吗,3," الخاص بك.
English: Verify your email address.",False,1.2233763933181763,True,False
16563,alpha_075,ar-SA,zh-CN,تأكد من الايميل حقي,44,你们有送餐上门吗,3,قتا، حيث ان الكثير من الناس يبحثون عن هذه المعلومات، حيث ان الكثير من الناس يبحثون عن هذه المعلومات، حيث ان الكثير من الناس,False,1.2233763933181763,False,False
16563,random_zs,ar-SA,zh-CN,تأكد من الايميل حقي,44,你们有送餐上门吗,3," الخاص بك.
English: Check your email for your special offer.",False,1.2233763933181763,True,False
4313,alpha_0,zh-CN,ar-SA,广州明天下雨吗,13,راديو channels,36,"？

广州明天下雨吗？

广州明天下雨吗？

广州明天下雨吗？

广州明天下雨吗？

广州明",False,0.7152566909790039,True,False
4313,alpha_075,zh-CN,ar-SA,广州明天下雨吗,13,راديو channels,36,"

广州明天下雨吗

广州明天下雨吗

广州明天下雨吗

广州明天下雨吗

广州明天下雨吗

广州",False,0.7152566909790039,True,False
4313,random_zs,zh-CN,ar-SA,广州明天下雨吗,13,راديو channels,36,".

广州明天下雨吗.

广州明天下雨吗.

广州明天下雨吗.

广州明天下雨吗.

广州明",False,0.7152566909790039,True,False
13411,alpha_0,ar-SA,zh-CN,أرني إجابة هذه المسألة مائتان وستة وأربعون زائد ستمائة وأربعة وخمسون,39,我下次李医生的预约是什么时候,32,".

أرني إجابة هذه المسألة مائتان وستة وأربعون زائد ستمائة وأربعة وخمسون.

أ",False,0.9652129411697388,True,False
13411,alpha_075,ar-SA,zh-CN,أرني إجابة هذه المسألة مائتان وستة وأربعون زائد ستمائة وأربعة وخمسون,39,我下次李医生的预约是什么时候,32,"

أرني إجابة هذه المسألة مائتان وستة وأربعون زائد ستمائة وأربعة وخمسون

أرني",False,0.9652129411697388,True,False
13411,random_zs,ar-SA,zh-CN,أرني إجابة هذه المسألة مائتان وستة وأربعون زائد ستمائة وأربعة وخمسون,39,我下次李医生的预约是什么时候,32, زائد ستمائة وأربعة وخمسون زائد ستمائة وأربعة وخمسون زائد ستمائة وأربعة وخمسون زائد,False,0.9652129411697388,True,False
11536,alpha_0,zh-CN,ar-SA,将播客收藏夹添加到播放列表并开始播放,58,نكتة تضحك,25,"。

播客收藏夹是播客播放列表的最佳替代品。

播客收藏夹允许您将播客添加到播放列表，并从",False,0.6429346799850464,True,False
11536,alpha_075,zh-CN,ar-SA,将播客收藏夹添加到播放列表并开始播放,58,نكتة تضحك,25,"播客。

播客收藏夹是一个播客播放器，它可以帮助您管理您的播客收藏夹。

播客收藏夹可以帮助",False,0.6429346799850464,True,False
11536,random_zs,zh-CN,ar-SA,将播客收藏夹添加到播放列表并开始播放,58,نكتة تضحك,25,".

The app is designed to help you find the best podcasts to listen to.

The app is designed to help you find the best podcasts to listen to",False,0.6429346799850464,False,False
10177,alpha_0,ar-SA,zh-CN,كيف تطبخ المكبوس,9,请删除我的最爱的专辑列表,53," في المنزل؟

[User 0001]

كيف تطبخ المكبوس في المنزل؟

[User 0002]

",False,0.9657896757125854,True,False
10177,alpha_075,ar-SA,zh-CN,كيف تطبخ المكبوس,9,请删除我的最爱的专辑列表,53," في المنزل؟

[User 0001]

<b>كيف تطبخ المكبوس في المنزل؟</b>

<b>كيف تطبخ المكبوس",False,0.9657896757125854,True,False
10177,random_zs,ar-SA,zh-CN,كيف تطبخ المكبوس,9,请删除我的最爱的专辑列表,53,"?

[User 0001]

I'm trying to learn how to cook in Spanish and I'm having trouble with the verb """,False,0.9657896757125854,False,False
14304,alpha_0,zh-CN,ar-SA,比索和日元的汇率是多少,10,ماذا كان عيد ميلاد elvis presley's,49,"？

比索和日元之间的汇率是多少？

比索和日元之间的汇率是多少？

比索和日元之间的汇率",False,0.6992287039756775,True,False
14304,alpha_075,zh-CN,ar-SA,比索和日元的汇率是多少,10,ماذا كان عيد ميلاد elvis presley's,49,"؟

[User 0001]

<blockquote><b>
<b>
<b>
<b>
<b>
<b>
<b>
<b>
<b>
<b>
",True,0.6992287039756775,False,False
14304,random_zs,zh-CN,ar-SA,比索和日元的汇率是多少,10,ماذا كان عيد ميلاد elvis presley's,49,"?

[User 0001]

I'm trying to figure out how much a US dollar is worth in the Philippines. I've",False,0.6992287039756775,False,False
8674,alpha_0,ar-SA,zh-CN,وين بيكون الإجتماع حقي الساعة تسعة الصبح,32,静音十五分钟,46, في مقر الاتحاد العام للعمال في مدينة دمشق، وبدأ الاجتماع بـ 1000 عضو، وبدأ الاجتماع بـ,False,0.9175202250480652,False,False
8674,alpha_075,ar-SA,zh-CN,وين بيكون الإجتماع حقي الساعة تسعة الصبح,32,静音十五分钟,46,，我到场，我发现，我发现，我发现，我发现，我发现，我发现，我发现，我发现，我发现，,True,0.9175202250480652,False,False
8674,random_zs,ar-SA,zh-CN,وين بيكون الإجتماع حقي الساعة تسعة الصبح,32,静音十五分钟,46,"؟

[User 0001]

السلام عليكم ورحمة الله وبركاته

هل يمكن أن يكون الإجتماع في الساعة",False,0.9175202250480652,False,False
10080,alpha_0,zh-CN,ar-SA,一起煮肉丸吧,9,أريد أسمع المستبدة,45,"！

肉丸是家常菜，也是小朋友的最爱。

肉丸的制作方法有很多种，今天就给大家分享一种简单又好吃的肉",False,0.7516229748725891,True,False
10080,alpha_075,zh-CN,ar-SA,一起煮肉丸吧,9,أريد أسمع المستبدة,45,"

<strong>一、材料</strong>

<strong>二、做法</strong>

1、将猪肉切成小块，加入适量盐、胡椒粉、生",False,0.7516229748725891,True,False
10080,random_zs,zh-CN,ar-SA,一起煮肉丸吧,9,أريد أسمع المستبدة,45,"

<strong>1.</strong>

<strong>2.</strong>

<strong>3.</strong>

<strong>4.</strong>

<strong>5.</strong>

<strong>6.</strong>

<strong>",False,0.7516229748725891,False,False
8679,alpha_0,ar-SA,zh-CN,اليوم عيد الأضحى,32,给我订一张去上海的火车票,2, المبارك، وبالرغم من أننا في ظل جائحة كورونا، إلا أننا نستمر في الاحتفال بهذه المناسبة، و,False,0.9310240149497986,False,False
8679,alpha_075,ar-SA,zh-CN,اليوم عيد الأضحى,32,给我订一张去上海的火车票,2, 1439 هـ الموافق 15 يونيو 2018 م، وبالنسبة لمعظم المسلمين في العالم، فإن,False,0.9310240149497986,False,False
8679,random_zs,ar-SA,zh-CN,اليوم عيد الأضحى,32,给我订一张去上海的火车票,2,"

[User 0001]

<blockquote><b>
<b>
<b>
<b>
<b>
<b>
<b>
<b>
<b>
<b>
<b>",False,0.9310240149497986,False,False
7919,alpha_0,zh-CN,ar-SA,新的会议增加了李雷和韩梅梅作为与会者,50,هل سأحتاج إلى مظلة اليوم,13,"。

李雷是李雷的父亲，韩梅梅是李雷的母亲。

李雷和韩梅梅是李雷的父母。",False,0.6417856812477112,False,False
7919,alpha_075,zh-CN,ar-SA,新的会议增加了李雷和韩梅梅作为与会者,50,هل سأحتاج إلى مظلة اليوم,13,"

2019年12月10日，中国国家主席习近平在北京会见了美国总统特朗普。

据新华社报道，习近平",False,0.6417856812477112,False,False
7919,random_zs,zh-CN,ar-SA,新的会议增加了李雷和韩梅梅作为与会者,50,هل سأحتاج إلى مظلة اليوم,13,"

<strong>2019年12月12日，北京</strong> - 今天，中国移动通信集团有限公司（中国移动）宣布，在",False,0.6417856812477112,False,False
7767,alpha_0,ar-SA,zh-CN,الرابع من فبراير برج خليفة الثانية مساء,50,多莉帕顿的生日是几月几号,49, 2023، يعتبر هذا اليوم من الأيام التي تنتظرها الكثير من الأشخاص، حيث أنه يعتبر من الأيام التي تخص,False,0.7722393870353699,False,False
7767,alpha_075,ar-SA,zh-CN,الرابع من فبراير برج خليفة الثانية مساء,50,多莉帕顿的生日是几月几号,49,"

[User 0001]

السلام عليكم ورحمة الله وبركاته

أرجو منكم المساعدة في حل هذا المس",False,0.7722393870353699,False,False
7767,random_zs,ar-SA,zh-CN,الرابع من فبراير برج خليفة الثانية مساء,50,多莉帕顿的生日是几月几号,49," 2019

[User 0001]

<blockquote><b>الرابع من فبراير برج خليفة الثانية مساء 201",False,0.7722393870353699,True,False
16089,alpha_0,zh-CN,ar-SA,我过去的十分钟收到新邮件了吗,44,وش الجديد في الأخبار,22,"？

我过去十分钟收到新邮件了吗？

我过去十分钟收到新邮件了吗？

我过去十分钟收到新邮件了吗？

我过去十分钟",False,0.676651120185852,True,False
16089,alpha_075,zh-CN,ar-SA,我过去的十分钟收到新邮件了吗,44,وش الجديد في الأخبار,22,"؟

[User 0001]

I'm trying to learn how to use the past tense in French. I'm not sure if",True,0.676651120185852,False,False
16089,random_zs,zh-CN,ar-SA,我过去的十分钟收到新邮件了吗,44,وش الجديد في الأخبار,22,"?

[User 0001]

I'm trying to translate this sentence into English. I'm not sure how to translate ""my",False,0.676651120185852,False,False
1803,alpha_0,ar-SA,zh-CN,الفرق التي تلعب اليوم في الدوري السعودي,22,今天奥利我见了我的一个老同学,12, لكرة القدم بين فريق الهلال والزمالك، يعتبر من أهم المباريات التي ستقام في تاريخ كرة القدم في السعودية، حيث أن الهلال يعتبر,False,0.935032069683075,False,False
1803,alpha_075,ar-SA,zh-CN,الفرق التي تلعب اليوم في الدوري السعودي,22,今天奥利我见了我的一个老同学,12,，تعتبر من فرق الدوري السعودي المميزة، حيث أنها من فرق الدوري السعودي التي تملك فريقين في الدوري السعودي، حيث أنها من,False,0.935032069683075,False,False
1803,random_zs,ar-SA,zh-CN,الفرق التي تلعب اليوم في الدوري السعودي,22,今天奥利我见了我的一个老同学,12," 1999/2000

[User 0001]

<blockquote><b>الفرق التي تلعب اليوم في الدوري السعود",False,0.935032069683075,True,False
10699,alpha_0,zh-CN,ar-SA,提醒我清单上有什么项目,59,امسح الكل,53,没有完成，提醒我清单上有什么项目没有完成，提醒我清单上有什么项目没有完成，提醒我清单上有什么项目没有完成，提醒我,False,0.6558013558387756,False,False
10699,alpha_075,zh-CN,ar-SA,提醒我清单上有什么项目,59,امسح الكل,53," है।

<h2>1. <code>git</code></h2>

<code>git</code> 是一个开源的版本控制系统，它可以帮助你管理代码库。

",False,0.6558013558387756,False,False
10699,random_zs,zh-CN,ar-SA,提醒我清单上有什么项目,59,امسح الكل,53,"?

[User 0001]

Hi,

I'm trying to translate the following sentence:

""Remind me of what I have",False,0.6558013558387756,False,False
2271,alpha_0,ar-SA,zh-CN,لو سمحت شغل الأغاني الي شريتها وحطيتها في المفضلة,45,你能煮杯咖啡吗,56, اليها واخذتها من المفضلة اليها واخذتها من المفضلة اليها واخذتها من المفضلة اليها,False,0.9259412288665771,False,False
2271,alpha_075,ar-SA,zh-CN,لو سمحت شغل الأغاني الي شريتها وحطيتها في المفضلة,45,你能煮杯咖啡吗,56,"

لو سمحت شغل الأغاني الي شريتها وحطيتها في المفضلة

لو سمحت شغل الأغاني الي شري",False,0.9259412288665771,True,False
2271,random_zs,ar-SA,zh-CN,لو سمحت شغل الأغاني الي شريتها وحطيتها في المفضلة,45,你能煮杯咖啡吗,56,"

[User 0001]

<blockquote>
<b>
</b>
<b>
</b>
<b>
</b>
<b>
</b>
<b>
</b>
",False,0.9259412288665771,False,False
9317,alpha_0,zh-CN,ar-SA,现在打开收音机,36,ابي أعرف اذا وصلني أي email جديد من هتان,44,，你就会听到很多关于“大数据”的报道。大数据，是2012年被美国《福布斯》杂志评为,False,0.7786800265312195,False,False
9317,alpha_075,zh-CN,ar-SA,现在打开收音机,36,ابي أعرف اذا وصلني أي email جديد من هتان,44,"

听听这首歌

这首歌叫《我爱你》

这首歌是1983年

由张学友演唱

这首歌是",False,0.7786800265312195,False,False
9317,random_zs,zh-CN,ar-SA,现在打开收音机,36,ابي أعرف اذا وصلني أي email جديد من هتان,44,", 听听收音机, 听听收音机, 听听收音机, 听听收音机, 听听",False,0.7786800265312195,True,False
2594,alpha_0,ar-SA,zh-CN,خبرني آخر الأخبار حق البيئة,22,下午十二点三十你在十分钟内会有一个会议,32," في لبنان:

أعلنت وزارة البيئة والتنمية الزراعية، اليوم الأربعاء، عن إطلاق مشروع ""إدارة الموارد المائية",False,1.1867905855178833,True,False
2594,alpha_075,ar-SA,zh-CN,خبرني آخر الأخبار حق البيئة,22,下午十二点三十你在十分钟内会有一个会议,32, 2019-09-11 11:00:00 2019-09-11 ,False,1.1867905855178833,False,False
2594,random_zs,ar-SA,zh-CN,خبرني آخر الأخبار حق البيئة,22,下午十二点三十你在十分钟内会有一个会议,32, 2019-09-11 11:00:00 2019-09-11 ,False,1.1867905855178833,False,False
3020,alpha_0,zh-CN,ar-SA,三千浦有外卖吗,3,أنا غير راض عن محمد الرجاء مساعدتي,47,"？

有，但是不是我们熟悉的外卖，而是外卖的升级版，叫做“外卖+”。

外卖+就是外卖的",False,0.7552229166030884,False,False
3020,alpha_075,zh-CN,ar-SA,三千浦有外卖吗,3,أنا غير راض عن محمد الرجاء مساعدتي,47,"؟

[User 0001]

<blockquote>我係用外賣app叫左，但係佢話無，我問佢點解",False,0.7552229166030884,False,True
3020,random_zs,zh-CN,ar-SA,三千浦有外卖吗,3,أنا غير راض عن محمد الرجاء مساعدتي,47,"؟

[User 0001]

I'm looking for a place to eat in the area of 3000 Punggol",True,0.7552229166030884,False,False
7111,alpha_0,ar-SA,zh-CN,في أي وقت موعد الطبيب يوم الحادي والثلاثين من مارس,32,显示给我过去的一小时收到的任何电子邮件,44," 2023؟

<h2>ما هو موعد الطبيب يوم الحادي والثلاثين من مارس 2023؟</h2>

يوم",False,0.7879723906517029,True,False
7111,alpha_075,ar-SA,zh-CN,في أي وقت موعد الطبيب يوم الحادي والثلاثين من مارس,32,显示给我过去的一小时收到的任何电子邮件,44," 2023؟

<h2>في أي وقت موعد الطبيب يوم الحادي والثلاثين من مارس 2023؟</h2>

في",False,0.7879723906517029,True,False
7111,random_zs,ar-SA,zh-CN,في أي وقت موعد الطبيب يوم الحادي والثلاثين من مارس,32,显示给我过去的一小时收到的任何电子邮件,44," 2022, 10:00 am

<h2><strong>The 10th of March 2022</strong></h2>

<strong>",False,0.7879723906517029,False,False
2673,alpha_0,zh-CN,ar-SA,我记得为下一次的医生预约设置提醒闹钟吗,23,الموقع,26,"？

我记得为下一次的医生预约设置提醒闹钟吗？

我记得为下一次的医生预约设置提醒闹钟吗？

",False,0.6897302865982056,False,False
2673,alpha_075,zh-CN,ar-SA,我记得为下一次的医生预约设置提醒闹钟吗,23,الموقع,26,"؟

我记得为下一次的医生预约设置提醒闹钟吗？

我记得为下一次的医生预约设置提醒闹钟吗？

",False,0.6897302865982056,False,False
2673,random_zs,zh-CN,ar-SA,我记得为下一次的医生预约设置提醒闹钟吗,23,الموقع,26,"?

I remember setting a reminder for the next doctor's appointment.

我记得我曾经在你的房间里看到过你。

I remember I",False,0.6897302865982056,False,False
4492,alpha_0,ar-SA,zh-CN,ما هي أحدث إحصائيات معدلات الجرائم بالنسبة لمنطقتي,22,把这段音乐中的歌曲剪掉,28," كراسنودار و ساراتوف؟

[User 0001]

ما هي أحدث إحصائيات معدلات الجرائ",False,0.9970544576644897,False,False
4492,alpha_075,ar-SA,zh-CN,ما هي أحدث إحصائيات معدلات الجرائم بالنسبة لمنطقتي,22,把这段音乐中的歌曲剪掉,28,"؟

ما هي أحدث إحصائيات معدلات الجرائم بالنسبة لمنطقتي؟

ما هي أحدث إحصائيات معدلات",False,0.9970544576644897,True,False
4492,random_zs,ar-SA,zh-CN,ما هي أحدث إحصائيات معدلات الجرائم بالنسبة لمنطقتي,22,把这段音乐中的歌曲剪掉,28,"؟

ما هي أحدث إحصائيات معدلات الجرائم بالنسبة لمنطقتي؟

ما هي أحدث إحصائيات معدلات",False,0.9970544576644897,True,False
1774,alpha_0,zh-CN,ar-SA,关掉闹钟,52,احذف الفعالية اللي بعدها,30,"，我躺在床上，看着天花板，想着今天晚上要怎么跟妈妈说。

我妈是个很爱我的妈妈，她知道我有多爱",False,0.8133447766304016,False,False
1774,alpha_075,zh-CN,ar-SA,关掉闹钟,52,احذف الفعالية اللي بعدها,30,"

关掉闹钟

关掉闹钟

关掉闹钟

关掉闹钟

关掉闹钟

关掉闹钟

关",False,0.8133447766304016,True,False
1774,random_zs,zh-CN,ar-SA,关掉闹钟,52,احذف الفعالية اللي بعدها,30,".jpg

<strong>1.</strong>

<strong>2.</strong>

<strong>3.</strong>

<strong>4.</strong>

<strong>5.</strong>

<strong>6.</strong>",False,0.8133447766304016,False,False
8494,alpha_0,ar-SA,zh-CN,كيف بيكون جدولي اليوم,32,我查询了哪些清单,59,"؟

[User 0001]

كيف بيكون جدولي اليوم؟

 

 

 

 

 

 

 ",False,1.0572189092636108,False,False
8494,alpha_075,ar-SA,zh-CN,كيف بيكون جدولي اليوم,32,我查询了哪些清单,59,"，

أنتي و أنا و كل الناس في العالم

أنتي و أنا و كل الناس في العالم

أنتي و أنا و كل الناس",False,1.0572189092636108,False,False
8494,random_zs,ar-SA,zh-CN,كيف بيكون جدولي اليوم,32,我查询了哪些清单,59,", 100% real, 100% real, 100% real, 100% real, 10",False,1.0572189092636108,False,False
355,alpha_0,zh-CN,ar-SA,四月一日是星期几,0,شغلي أي أغنية لنبيل سيف,45,"？

1. 2019年4月1日星期几？

2. 2019年4月1日星期几",False,0.7517761588096619,False,False
355,alpha_075,zh-CN,ar-SA,四月一日是星期几,0,شغلي أي أغنية لنبيل سيف,45,"
English: April 1 is what day? April 1 is what day? April 1 is what day? April 1 is what day?",False,0.7517761588096619,False,False
355,random_zs,zh-CN,ar-SA,四月一日是星期几,0,شغلي أي أغنية لنبيل سيف,45, के दिन के लिए एक दिन के लिए एक दिन के लिए एक दिन के लिए एक दिन के लिए एक दिन के लिए एक दिन के लिए एक दिन के लिए,False,0.7517761588096619,False,False
7660,alpha_0,ar-SA,zh-CN,cancel كل مواعيدي بعد الساعة ثلاثة العصر اليوم وقل لي بالتفاصيل,30,今天多冷啊,13,"
English: cancel all my appointments after 3pm today and tell me the details",False,0.6979411244392395,True,False
7660,alpha_075,ar-SA,zh-CN,cancel كل مواعيدي بعد الساعة ثلاثة العصر اليوم وقل لي بالتفاصيل,30,今天多冷啊,13,"

[User 0001]

I have a meeting at 3pm today and I need to cancel all my meetings after that. Please tell",False,0.6979411244392395,False,False
7660,random_zs,ar-SA,zh-CN,cancel كل مواعيدي بعد الساعة ثلاثة العصر اليوم وقل لي بالتفاصيل,30,今天多冷啊,13,"

[User 0001]

I'm trying to translate the following sentence:

""cancel all my appointments after 3pm today""",False,0.6979411244392395,False,False
2960,alpha_0,zh-CN,ar-SA,启动扫地机器人,34,gilmore guys,58,"时，如果发现有障碍物，扫地机器人会自动绕过障碍物，并发出声音提示。

1、扫地机器人启动后，",False,0.9012005925178528,True,False
2960,alpha_075,zh-CN,ar-SA,启动扫地机器人,34,gilmore guys,58,"，扫地机器人会自动进入清洁模式，开始扫地。

扫地机器人会自动进入清洁模式，开始扫地。

扫地机器人",False,0.9012005925178528,True,False
2960,random_zs,zh-CN,ar-SA,启动扫地机器人,34,gilmore guys,58,"

[User 0001]

Hi,

I'm trying to get the robot to start when I press the button on the remote control",False,0.9012005925178528,False,False
12581,alpha_0,ar-SA,zh-CN,قطار اليوم,42,请在我的日历上设置三月二十五号会面我的提醒,50, هو قطار من نوع 10000000000000000000000000,False,0.9764230251312256,False,False
12581,alpha_075,ar-SA,zh-CN,قطار اليوم,42,请在我的日历上设置三月二十五号会面我的提醒,50, 100% 100% 100% 100% 100% 100% 1,False,0.9764230251312256,False,False
12581,random_zs,ar-SA,zh-CN,قطار اليوم,42,请在我的日历上设置三月二十五号会面我的提醒,50,".

[User 0001]

<b>
<b><b><b><b><b><b><b><b><b><b><b><b><b><b><b><b><b><b><b>",False,0.9764230251312256,False,False
13774,alpha_0,zh-CN,ar-SA,加利福尼亚离乔治亚州有多远,49,حقي عادي شغل,11,"？

加利福尼亚州离乔治亚州有多远？

加利福尼亚州离乔治亚州有多远？

加利",False,0.6932491064071655,True,False
13774,alpha_075,zh-CN,ar-SA,加利福尼亚离乔治亚州有多远,49,حقي عادي شغل,11,"؟

加利福尼亚州离乔治亚州有多远？

加利福尼亚州离乔治亚州有多远？

加利",False,0.6932491064071655,True,False
13774,random_zs,zh-CN,ar-SA,加利福尼亚离乔治亚州有多远,49,حقي عادي شغل,11,"؟

加利福尼亚州与乔治亚州之间有多远？

加利福尼亚州与乔治亚州之间有多远？

",False,0.6932491064071655,True,False
5006,alpha_0,ar-SA,zh-CN,ما هي الأوقات التي تم فيها ضبط المنبهات حقي,23,播放披头士,45,"بة السفر؟

[Answer 1]

منبهات الحقيبة السفر هي منبهات الحقيبة التي يتم ضبطها في الم",False,0.9821779131889343,False,False
5006,alpha_075,ar-SA,zh-CN,ما هي الأوقات التي تم فيها ضبط المنبهات حقي,23,播放披头士,45,"بة السفر؟

[User 0001]

السلام عليكم ورحمة الله وبركاته

هل يمكنني معرفة الأوقات",False,0.9821779131889343,False,False
5006,random_zs,ar-SA,zh-CN,ما هي الأوقات التي تم فيها ضبط المنبهات حقي,23,播放披头士,45,ðððððððððððððððððððððððððððððððð,False,0.9821779131889343,False,False
5134,alpha_0,zh-CN,ar-SA,从我的大乐队歌单找歌曲,45,ايش تعتقد حول المستقبل,12,"，然后在搜索栏输入歌曲名，然后点击搜索。

在搜索栏输入歌曲名，然后点击搜索。

在搜索栏输入歌曲名",False,0.6865600347518921,False,False
5134,alpha_075,zh-CN,ar-SA,从我的大乐队歌单找歌曲,45,ايش تعتقد حول المستقبل,12,"

* 1. <b>The Beatles</b> - <i>A Day in the Life</i>
  2. <b>The Beatles</b> - <i>I",False,0.6865600347518921,True,False
5134,random_zs,zh-CN,ar-SA,从我的大乐队歌单找歌曲,45,ايش تعتقد حول المستقبل,12," 2020-09-11 10:11:11

<h2>From My Heart</h2>

From My Heart is a",False,0.6865600347518921,False,False
14822,alpha_0,ar-SA,zh-CN,للمقارنة بين الناس,49,到市中心上班而不堵车最快的方法是什么,42, في جميع أنحاء العالم، فإنهم يختلفون في العديد من الأشياء، بما في ذلك الطريقة التي يرتدون بها الملابس.,False,1.0742807388305664,False,False
14822,alpha_075,ar-SA,zh-CN,للمقارنة بين الناس,49,到市中心上班而不堵车最快的方法是什么,42,"，我用一个词来形容：

<strong>“</strong><strong><strong><strong><strong><strong><strong><strong><strong><strong><strong><strong><strong><strong><strong><strong><strong><strong><strong><strong><strong>",True,1.0742807388305664,False,False
14822,random_zs,ar-SA,zh-CN,للمقارنة بين الناس,49,到市中心上班而不堵车最快的方法是什么,42,".

The <strong><em><u>first</u></em></strong> thing that I noticed was that the <strong><em><u>first</u></em></strong> thing that I noticed was that",False,1.0742807388305664,False,False
12800,alpha_0,zh-CN,ar-SA,公共图书馆在哪里,42,هل عندي اجتماع مبيعات اليوم,32,"可以找到这些信息？

公共图书馆在哪里可以找到这些信息？

公共图书馆在哪里可以找到这些信息？

公共图书馆在哪里可以找到这些信息？",False,0.8393396139144897,False,False
12800,alpha_075,zh-CN,ar-SA,公共图书馆在哪里,42,هل عندي اجتماع مبيعات اليوم,32," يقع في وسط مدينة طهران، يقع في منطقة سياحية، ويعتبر من أشهر الأماكن السياحية في طهران.

<h2><strong>",True,0.8393396139144897,False,False
12800,random_zs,zh-CN,ar-SA,公共图书馆在哪里,42,هل عندي اجتماع مبيعات اليوم,32,"
English: The 2019-2020 Annual Report of the National Health Commission of the People's Republic of China",False,0.8393396139144897,False,False
15857,alpha_0,ar-SA,zh-CN,تكفى أرسل لعنوان الإيميل الجديد اللي سجلته,33,播放电子音乐,45, في حسابك على الفيس بوك، وسيقوم الفيس بوك بإرسال رسالة إيميل إلى هذا الإيميل الجديد، وسيق,False,0.6804280281066895,False,False
15857,alpha_075,ar-SA,zh-CN,تكفى أرسل لعنوان الإيميل الجديد اللي سجلته,33,播放电子音乐,45," في حسابك على الفيس بوك.

تسجيل الدخول إلى حسابك على الفيس بوك

1. انقر على ""تسجيل الدخول""",False,0.6804280281066895,False,False
15857,random_zs,ar-SA,zh-CN,تكفى أرسل لعنوان الإيميل الجديد اللي سجلته,33,播放电子音乐,45,".
English: How to change your email address? How to change your email address? How to change your email address? How to change your email address",False,0.6804280281066895,False,False
15651,alpha_0,zh-CN,ar-SA,向客服发送报告,47,وهي أعلى قمة في العالم,49,"，客服会根据您的反馈，对产品进行改进。

1、点击“我的订单”

2、点击“售后服务”

3、点击",False,0.7537251114845276,True,False
15651,alpha_075,zh-CN,ar-SA,向客服发送报告,47,وهي أعلى قمة في العالم,49,"

1. 1. 1. 1. 1. 1. 1. 1. 1. 1. 1",False,0.7537251114845276,False,False
15651,random_zs,zh-CN,ar-SA,向客服发送报告,47,وهي أعلى قمة في العالم,49,"
        if (this.is_login) {
            this.get_user_info();
        } else {
            this.get_",False,0.7537251114845276,False,False
6623,alpha_0,ar-SA,zh-CN,مين طورك,12,把房间的灯在下午六点变成琥珀色,1," يا جماعة
اللي بيقول انها ماعندها شي
اللي بيقول انها ماعندها شي
اللي بيقول",False,1.1053491830825806,True,False
6623,alpha_075,ar-SA,zh-CN,مين طورك,12,把房间的灯在下午六点变成琥珀色,1," في 2019

I love this song

I love this song

I love this song

I love this song

I love this song

",False,1.1053491830825806,False,False
6623,random_zs,ar-SA,zh-CN,مين طورك,12,把房间的灯在下午六点变成琥珀色,1," понты,
من يطلع على حكاية
من يطلع على حكاية
من يطلع على حكاية
",False,1.1053491830825806,True,False
17147,alpha_0,zh-CN,ar-SA,用以下内容回复邮件你好,33,امسح من التقويم حقي اجتماع الساعة تسعة الصبح,30,，我叫张三，我来自中国，我正在寻找一个工作，我正在寻找一个工作，我正在寻找一个工作，我正在寻找一个,False,0.6639010310173035,False,False
17147,alpha_075,zh-CN,ar-SA,用以下内容回复邮件你好,33,امسح من التقويم حقي اجتماع الساعة تسعة الصبح,30,"
English: Reply to email with the following content Hi, I am a student at the University of California, Berkeley. I am currently working on a project",False,0.6639010310173035,False,False
17147,random_zs,zh-CN,ar-SA,用以下内容回复邮件你好,33,امسح من التقويم حقي اجتماع الساعة تسعة الصبح,30,",
1. 100% 100% 100% 100% 100% 10",False,0.6639010310173035,False,False
3819,alpha_0,ar-SA,zh-CN,بليز قيّم الاغنية خمس نجوم,43,我现在没有足够的钱购买任天堂游戏机你能把它从我的亚马逊愿望清单中删除吗,53,"
بليز قيّم الاغنية خمس نجوم
بليز قيّم الاغنية خمس نجوم
بليز قيّم الاغ",False,0.8972543478012085,True,False
3819,alpha_075,ar-SA,zh-CN,بليز قيّم الاغنية خمس نجوم,43,我现在没有足够的钱购买任天堂游戏机你能把它从我的亚马逊愿望清单中删除吗,53,"，因为这首歌是他的第一首作品，所以他很骄傲。

他认为这首歌是他的第一首作品，所以他很骄傲。

",True,0.8972543478012085,True,False
3819,random_zs,ar-SA,zh-CN,بليز قيّم الاغنية خمس نجوم,43,我现在没有足够的钱购买任天堂游戏机你能把它从我的亚马逊愿望清单中删除吗,53,".

The song is about a man who is in love with a woman who is not interested in him. He is trying to get her attention, but she",False,0.8972543478012085,False,False
6713,alpha_0,zh-CN,ar-SA,取消周三的商务会议,30,ضع العاطي,20,"，我决定去海边散散步。

我从酒店出发，沿着海边走，一路欣赏着海景。

海边有很多小",False,0.6771188974380493,False,False
6713,alpha_075,zh-CN,ar-SA,取消周三的商务会议,30,ضع العاطي,20," في 10:00 صباحًا.

<h2><strong>1.</strong> <strong>تغيير</strong> <strong>الوقت</strong> <strong>الوقت</strong> ",True,0.6771188974380493,False,False
6713,random_zs,zh-CN,ar-SA,取消周三的商务会议,30,ضع العاطي,20,"

[User 0001]

<blockquote><b>取消周三的商务会议</b>

<b>取消周三的商务会议</b>

<b>取消周",False,0.6771188974380493,False,False
329,alpha_0,ar-SA,zh-CN,المسافر راح,45,设个上午六点三十分的闹钟,48, يذهب إلى مكان ما، ويرى فيه ما لم يراه من قبل، ويرى فيه ما لم يراه من قبل، ويرى فيه,False,1.1877297163009644,False,False
329,alpha_075,ar-SA,zh-CN,المسافر راح,45,设个上午六点三十分的闹钟,48,มา 100000000000000000000000000000,False,1.1877297163009644,False,False
329,random_zs,ar-SA,zh-CN,المسافر راح,45,设个上午六点三十分的闹钟,48, 100% 100% 100% 100% 100% 100% 1,False,1.1877297163009644,False,False
486,alpha_0,zh-CN,ar-SA,纽约市现在几点,0,olly ابي شوية اضاءة خافتة,31,钟？纽约市现在几点钟？纽约市现在几点钟？纽约市现在几点钟？纽约市现在几点钟？纽约市现在几点钟？,False,0.7381629943847656,False,False
486,alpha_075,zh-CN,ar-SA,纽约市现在几点,0,olly ابي شوية اضاءة خافتة,31,"钟

纽约市现在几点钟

纽约市现在几点钟

纽约市现在几点钟

纽约市现在几点钟

纽约市现在几点钟

",False,0.7381629943847656,False,False
486,random_zs,zh-CN,ar-SA,纽约市现在几点,0,olly ابي شوية اضاءة خافتة,31," (1)

1. 纽约市现在几点？

2. 纽约市现在几点？

3. 纽约市现在几点？

4",False,0.7381629943847656,False,False
7120,alpha_0,ar-SA,zh-CN,اعرضلي جدول مواعيدي اليوم,32,请启动咖啡机,56, من خلال تطبيق مواعيد اليوم، حيث يعتبر تطبيق مواعيد اليوم من أهم التطبيقات التي تتيح لك معرفة مواعيد اليوم,False,0.8682467937469482,False,False
7120,alpha_075,ar-SA,zh-CN,اعرضلي جدول مواعيدي اليوم,32,请启动咖啡机,56,"

[User 0001]

السلام عليكم ورحمة الله وبركاته

هل يمكنني أن أكتب ""اعرضلي جدول",False,0.8682467937469482,False,False
7120,random_zs,ar-SA,zh-CN,اعرضلي جدول مواعيدي اليوم,32,请启动咖啡机,56," 10/01/2023

<h2><strong>اعرضلي جدول مواعيدي اليوم</strong></h2>

<strong>اعرضلي جدول مواع",False,0.8682467937469482,False,False
1982,alpha_0,zh-CN,ar-SA,设个上午六点三十分的闹钟,48,ما هو القفطان,26,"响了，我从床上爬起来，洗漱完毕，吃过早饭，收拾好东西，准备出门。

我穿好衣服，打开",False,0.6786991357803345,False,False
1982,alpha_075,zh-CN,ar-SA,设个上午六点三十分的闹钟,48,ما هو القفطان,26,"

我睡不着

我睡不着

我睡不着

我睡不着

我睡不着

我睡不着

我睡不着

我睡不着",False,0.6786991357803345,False,False
1982,random_zs,zh-CN,ar-SA,设个上午六点三十分的闹钟,48,ما هو القفطان,26, di 100000000000000000000000000000,False,0.6786991357803345,False,False
13348,alpha_0,ar-SA,zh-CN,أريد أن أسألك عن عدد الملائكة الذين يمكنهم الرقص على رأس الدبوس,12,太阳有多远,49,".

أريد أن أسألك عن عدد الملائكة الذين يمكنهم الرقص على رأس الدبوس.

أريد أن أسألك عن عدد",False,0.6603325605392456,True,False
13348,alpha_075,ar-SA,zh-CN,أريد أن أسألك عن عدد الملائكة الذين يمكنهم الرقص على رأس الدبوس,12,太阳有多远,49,"。

<h2><strong>عدد الملائكة الذين يمكنهم الرقص على رأس الدبوس</strong></h2>

<strong>عدد الملائكة الذين يمكنهم الرقص على رأس",False,0.6603325605392456,True,False
13348,random_zs,ar-SA,zh-CN,أريد أن أسألك عن عدد الملائكة الذين يمكنهم الرقص على رأس الدبوس,12,太阳有多远,49,".

<h2>ما هو عدد الملائكة؟</h2>

العدد الملائكي هو عدد الملائكة الذين يمكنهم الرقص على رأس الدبوس.",False,0.6603325605392456,False,False
3886,alpha_0,zh-CN,ar-SA,当前罗列的任何闹钟,23,علم اليوم كبداية الرجيم حقي,50,"都无法在iPhone上运行。

我正在使用Apple Watch和iPhone 11 Pro Max。

我尝试了以下所有设置：

* ",False,0.679953932762146,False,False
3886,alpha_075,zh-CN,ar-SA,当前罗列的任何闹钟,23,علم اليوم كبداية الرجيم حقي,50," لا يمكن أن يظهر في القائمة.

<h2>问题</h2>

* <strong>Android</strong>: 4.4.2
* <strong>Android Studio",True,0.679953932762146,False,False
3886,random_zs,zh-CN,ar-SA,当前罗列的任何闹钟,23,علم اليوم كبداية الرجيم حقي,50," are the best way to get the most out of your phone.

The app is a great way to get the most out of your phone.

The app",False,0.679953932762146,False,False
12856,alpha_0,ar-SA,zh-CN,الاتجاهات من فضلك,42,这附近有什么商店,19,"م

[User 0001]

السلام عليكم ورحمة الله وبركاته

هل يمكنني استخدام هذه الكلمات في عبارة",False,1.3029463291168213,False,False
12856,alpha_075,ar-SA,zh-CN,الاتجاهات من فضلك,42,这附近有什么商店,19,"

[User 0001]

السلام عليكم ورحمة الله وبركاته

هل يمكن أن أقول ""الاتجاهات من فض",False,1.3029463291168213,False,False
12856,random_zs,ar-SA,zh-CN,الاتجاهات من فضلك,42,这附近有什么商店,19,"

[User 0001]

I'm trying to translate the following sentence:

""I'm trying to find a way to get",False,1.3029463291168213,False,False
6034,alpha_0,zh-CN,ar-SA,咖啡,56,أظهر لي آخر إشعارات,27,馆的老板，在咖啡馆里，每天都忙着做生意，忙着招待客人，忙着招待客人，忙着招待客人，忙,False,0.8657804131507874,False,False
6034,alpha_075,zh-CN,ar-SA,咖啡,56,أظهر لي آخر إشعارات,27," لذيذ

[User 0001]

Hi,

I'm trying to translate the following sentence:

""I'm going",True,0.8657804131507874,False,False
6034,random_zs,zh-CN,ar-SA,咖啡,56,أظهر لي آخر إشعارات,27," 100% Arabica

<strong><em><u>Aromatics:</u></em></strong>

<strong><em><u>Sweet, fruity, floral, and nutty.</u>",False,0.8657804131507874,True,False
15987,alpha_0,ar-SA,zh-CN,ظيف هذا email الجديد مع جهات الإتصال,15,关闭吸顶灯,40," الخاصة بك.
English: This email address is already registered.",False,0.7480769753456116,True,False
15987,alpha_075,ar-SA,zh-CN,ظيف هذا email الجديد مع جهات الإتصال,15,关闭吸顶灯,40,"

[User 0001]

Hi,

I'm trying to translate this sentence:

""ظيف هذا email الجديد مع جهات",False,0.7480769753456116,False,False
15987,random_zs,ar-SA,zh-CN,ظيف هذا email الجديد مع جهات الإتصال,15,关闭吸顶灯,40,".

[User 0001]

Hi,

I'm trying to translate this sentence:

""This email is sent to you as",False,0.7480769753456116,False,False
17011,alpha_0,zh-CN,ar-SA,你可以发电子邮件给,33,المدينة,11,"他们，他们会给你一个电话号码，然后你可以打电话给他们。

你可以打电话给他们，他们会给你一个电话号码，然后你可以打电话给他们。",False,0.7269260883331299,False,False
17011,alpha_075,zh-CN,ar-SA,你可以发电子邮件给,33,المدينة,11, <strong><em><u><strong><em><u><strong><em><u><strong><em><u><strong><em><u><strong><em><u><strong><em><u><strong><em><u><strong><em><u><strong><em><u><strong>,False,0.7269260883331299,False,False
17011,random_zs,zh-CN,ar-SA,你可以发电子邮件给,33,المدينة,11,"

[User 0001]

Hi,

I'm trying to translate the following sentence:

""You can send an email to the",False,0.7269260883331299,False,False
9156,alpha_0,ar-SA,zh-CN,ذكر,50,这歌手是誰,57," موقع ""الجزيرة"" أن ""الجزيرة"" أعلنت عن إطلاق خدمة ""الجزيرة"" للبريد الإلكتروني، وذلك من",False,0.9805635809898376,False,False
9156,alpha_075,ar-SA,zh-CN,ذكر,50,这歌手是誰,57,ى شهادت امام حسن عسکری (ع) در روزهای اخیر با برگزاری مراسم‌های مختلف در سراسر کشور و با حضور مردم و مسئولان برگزار شد,False,0.9805635809898376,False,False
9156,random_zs,ar-SA,zh-CN,ذكر,50,这歌手是誰,57, is a word that is used in the Quran to describe the state of being in a state of being in a state of being in a state of being in a,False,0.9805635809898376,False,False
11904,alpha_0,zh-CN,ar-SA,这周末这里发生了什么,6,شغل اغاني من قائمة أغاني رومانسية,45,"？

1. <strong>2019年11月23日</strong>

  * <strong>2019年11月2",False,0.6898343563079834,False,False
11904,alpha_075,zh-CN,ar-SA,这周末这里发生了什么,6,شغل اغاني من قائمة أغاني رومانسية,45,"؟

<strong>1.</strong> <strong>2019年10月12日，</strong><strong>中国</strong><strong>国家主席习近平</strong><strong>在</strong>",False,0.6898343563079834,False,False
11904,random_zs,zh-CN,ar-SA,这周末这里发生了什么,6,شغل اغاني من قائمة أغاني رومانسية,45,"?

The weekend is coming!

What are you going to do?

我打算去海边。

I'm going to the beach.

",False,0.6898343563079834,False,False
12469,alpha_0,ar-SA,zh-CN,الرياض بالقطار,2,请于二月四号下午两点在青城公园增加练习,50,"

[User 0001]

<b>الرياض بالقطار</b>

<b>الرياض بالقطار</b>

<b>الرياض بالقطار",False,1.0532333850860596,False,False
12469,alpha_075,ar-SA,zh-CN,الرياض بالقطار,2,请于二月四号下午两点在青城公园增加练习,50,"
English: The Kingdom of Saudi Arabia is a country in Western Asia, located in the southwestern corner of the Arabian Peninsula. It shares borders with Jordan to",False,1.0532333850860596,False,False
12469,random_zs,ar-SA,zh-CN,الرياض بالقطار,2,请于二月四号下午两点在青城公园增加练习,50,"
English: The 10 Best Things to Do in Riyadh, Saudi Arabia The 10 Best Things to Do in Riyadh, Saudi Arabia Riyadh is",False,1.0532333850860596,False,False
3542,alpha_0,zh-CN,ar-SA,把客厅灯光改成绿色和红色,1,هل يمكن أن تخبرني عن مملكة الحيوانات في الصحراء العربية,12,"，效果如何？

客厅是家中的重要空间，也是人们休息、娱乐、社交的场所，因此客厅的装修设计非常重要。客厅的",False,0.6435060501098633,False,True
3542,alpha_075,zh-CN,ar-SA,把客厅灯光改成绿色和红色,1,هل يمكن أن تخبرني عن مملكة الحيوانات في الصحراء العربية,12,"

客厅灯光改成绿色和红色，可以营造出一种温馨舒适的氛围，同时也能给人带来一种放松和舒适的感觉。绿色和红色是",False,0.6435060501098633,True,False
3542,random_zs,zh-CN,ar-SA,把客厅灯光改成绿色和红色,1,هل يمكن أن تخبرني عن مملكة الحيوانات في الصحراء العربية,12,"

　　<strong>1、客厅灯光</strong>

　　客厅是整个家居的中心，也是人们聚会、娱乐、休息的地方，所以客厅的灯光设计",False,0.6435060501098633,False,False
12098,alpha_0,ar-SA,zh-CN,وريني الفعاليات الغنائية القريبة,6,谁是只要有你的歌手,57, من المهرجان، وخاصة في الفترة الأخيرة، التي شهدت إقبالا كبيرا من قبل الجمهور، حيث أطلقت الفنانة,False,1.0877535343170166,True,False
12098,alpha_075,ar-SA,zh-CN,وريني الفعاليات الغنائية القريبة,6,谁是只要有你的歌手,57, 的时间表 2019-09-11 10:00:00 来源: 2019-,True,1.0877535343170166,False,False
12098,random_zs,ar-SA,zh-CN,وريني الفعاليات الغنائية القريبة,6,谁是只要有你的歌手,57, <strong>“</strong><strong>مهرجان</strong> <strong>ال</strong><strong>غناء</strong> <strong>ال</strong><strong>غنائي</strong> <strong>ال</strong><strong>ال,False,1.0877535343170166,False,False
3481,alpha_0,zh-CN,ar-SA,播放林俊杰最热门的歌曲,45,ضيف فعالية اليوم الوطني في التقويم حقك,50,"《爱到深处》

林俊杰《爱到深处》歌词

爱到深处

林俊杰

爱到深处

爱到深处

",False,0.7316315770149231,False,False
3481,alpha_075,zh-CN,ar-SA,播放林俊杰最热门的歌曲,45,ضيف فعالية اليوم الوطني في التقويم حقك,50,"

林俊杰最热门的歌曲

林俊杰最热门的歌曲

林俊杰最热门的歌曲

林俊杰最热门的歌曲",False,0.7316315770149231,True,False
3481,random_zs,zh-CN,ar-SA,播放林俊杰最热门的歌曲,45,ضيف فعالية اليوم الوطني في التقويم حقك,50,"

林俊杰最热门的歌曲

林俊杰最热门的歌曲

林俊杰最热门的歌曲

林俊杰最热门的歌曲",False,0.7316315770149231,True,False
6295,alpha_0,ar-SA,zh-CN,أنا أكره كم من وقت طويل تحصل الاختناقات المرورية,12,沃尔玛股票的价格是涨是跌,4, في مصر، وخاصة في القاهرة، وخاصة في ساعات الذروة، وخاصة في الشوارع الرئيسية، وخاصة في الش,False,0.9004096388816833,False,False
6295,alpha_075,ar-SA,zh-CN,أنا أكره كم من وقت طويل تحصل الاختناقات المرورية,12,沃尔玛股票的价格是涨是跌,4,，因为我不能开车，所以我不能开车，所以我不能开车，所以我不能开车，所以我不能开车，所以我不能开车，所以,True,0.9004096388816833,True,False
6295,random_zs,ar-SA,zh-CN,أنا أكره كم من وقت طويل تحصل الاختناقات المرورية,12,沃尔玛股票的价格是涨是跌,4,", nhưng tôi không thể ngừng.

Tôi không thể ngừng.

Tôi không thể ngừng.

Tôi không thể ngừng.

Tôi không thể ngừng.

",False,0.9004096388816833,True,False
768,alpha_0,zh-CN,ar-SA,告诉我最近的时政新闻,22,أليكسا يرجى إرسال البريد الإلكتروني إلى ماما,33,，我最近的时政新闻是，美国总统特朗普在推特上说，美国将对中国进行贸易战，美国将对中国进行贸易战,False,0.7003806829452515,False,False
768,alpha_075,zh-CN,ar-SA,告诉我最近的时政新闻,22,أليكسا يرجى إرسال البريد الإلكتروني إلى ماما,33,"

我最近的时政新闻是关于中国和美国之间的贸易战。中国政府最近宣布将对美国进口商品征收高达50%的",False,0.7003806829452515,True,False
768,random_zs,zh-CN,ar-SA,告诉我最近的时政新闻,22,أليكسا يرجى إرسال البريد الإلكتروني إلى ماما,33,", 100% 100% 100% 100% 100% 100% ",False,0.7003806829452515,False,False
10940,alpha_0,ar-SA,zh-CN,ابدأ قائمة تسوق جديدة,21,播放最后的自由主义者播客,58," من خلال النقر على زر ""ابدأ"" في أعلى اليسار.

قم بتحديد المنتج الذي تريد شرائه من القائمة.

قم بت",False,0.8620104193687439,False,False
10940,alpha_075,ar-SA,zh-CN,ابدأ قائمة تسوق جديدة,21,播放最后的自由主义者播客,58,"

<h2><strong>الوصف</strong></h2>

<strong>الوصف:</strong>

<strong>محتويات:</strong>

<strong>الوصف:</strong>

<strong>محتويات:",False,0.8620104193687439,False,False
10940,random_zs,ar-SA,zh-CN,ابدأ قائمة تسوق جديدة,21,播放最后的自由主义者播客,58,"

<h2><strong>1.</strong> <strong>تطبيق</strong> <strong>WhatsApp</strong></h2>

تطبيق WhatsApp هو تطبيق رسائل نصية يوفر لك القدرة على",False,0.8620104193687439,False,False
11417,alpha_0,zh-CN,ar-SA,开始下一集,58,شغل من اللسته حقتي أغاني,45,"

“你……你……你……”

“你……你……你……”

“你……你……你……”

“你……你……”

“",False,0.7467488050460815,False,False
11417,alpha_075,zh-CN,ar-SA,开始下一集,58,شغل من اللسته حقتي أغاني,45,"
English: Start next episode",False,0.7467488050460815,False,False
11417,random_zs,zh-CN,ar-SA,开始下一集,58,شغل من اللسته حقتي أغاني,45,"
English: Start Next Episode",False,0.7467488050460815,False,False
15560,alpha_0,ar-SA,zh-CN,انشر على فيسبوك انا جائع,47,问一下今天晚上的天气,13, وانا جائع وانا جائع وانا جائع وانا جائع وانا جائع وانا جائع وانا جائع وانا جائع,False,0.9880032539367676,False,False
15560,alpha_075,ar-SA,zh-CN,انشر على فيسبوك انا جائع,47,问一下今天晚上的天气,13,"

* 

  Share

* 

  Tweet

* 

  Share

* 

  Share

* 

  Share

*",False,0.9880032539367676,True,False
15560,random_zs,ar-SA,zh-CN,انشر على فيسبوك انا جائع,47,问一下今天晚上的天气,13," e-mail: info@sante-nature.com

<h2><strong>Sante Nature</strong></h2>

<strong>Sante Nature</strong> est une entreprise spécialisée dans la",False,0.9880032539367676,True,False
14530,alpha_0,zh-CN,ar-SA,通知我当英镑兑美元的汇率到我预期的数值,10,هل ستكون ليلة لزجة,13,"。

我将使用以下公式：

<code>$1 = 1.25 * $1.25
</code>

我将使用以下公式",False,0.5826506018638611,False,False
14530,alpha_075,zh-CN,ar-SA,通知我当英镑兑美元的汇率到我预期的数值,10,هل ستكون ليلة لزجة,13,".

I want to know the exchange rate of pound to dollar at my expected value.

我需要知道美元兑英镑的汇率.

I",False,0.5826506018638611,True,False
14530,random_zs,zh-CN,ar-SA,通知我当英镑兑美元的汇率到我预期的数值,10,هل ستكون ليلة لزجة,13,".

I want to know the exchange rate of GBP to USD.

我需要知道英镑兑美元的汇率.

I need to know the",False,0.5826506018638611,True,False
8461,alpha_0,ar-SA,zh-CN,وش هي مشاريعي لشهر مايو,32,提高音量,14,"؟

[User 0001]

السلام عليكم ورحمة الله وبركاته

أريد أن أكتب مشروعين لشهر مايو",False,0.9579707384109497,False,False
8461,alpha_075,ar-SA,zh-CN,وش هي مشاريعي لشهر مايو,32,提高音量,14," 2019

[User 0001]

السلام عليكم ورحمة الله وبركاته

أريد أن أكتب مشروع",False,0.9579707384109497,False,False
8461,random_zs,ar-SA,zh-CN,وش هي مشاريعي لشهر مايو,32,提高音量,14," 2019.

<h2>1.</h2>

* <strong>K-pop</strong>

K-pop is a genre of popular music that originated in",False,0.9579707384109497,False,False
17157,alpha_0,zh-CN,ar-SA,我有任何来自韩梅梅的新的电子邮件吗,44,شنو جيولوجيا هذا المكان,12,"？

我有一个新的电子邮件地址，我将使用它来发送电子邮件。

我有一个新的电子邮件地址，我将使用它来发送电子邮件。

",False,0.769199550151825,True,False
17157,alpha_075,zh-CN,ar-SA,我有任何来自韩梅梅的新的电子邮件吗,44,شنو جيولوجيا هذا المكان,12,"?

[User 0001]

I have any new email from Han Mei Mei?

[User 0002]

I",False,0.769199550151825,True,False
17157,random_zs,zh-CN,ar-SA,我有任何来自韩梅梅的新的电子邮件吗,44,شنو جيولوجيا هذا المكان,12,"؟

[User 0001]

I have any new email from Han Mei Mei?

[User 0002]

I",True,0.769199550151825,True,False
764,alpha_0,ar-SA,zh-CN,ما هي توقعات الطقس هذا الاسبوع,13,这是几号,32," في الكويت؟

توقعات الطقس هذا الاسبوع في الكويت

توقعات الطقس هذا الاسبوع في الكويت

توقعات الط",False,0.967629611492157,True,False
764,alpha_075,ar-SA,zh-CN,ما هي توقعات الطقس هذا الاسبوع,13,这是几号,32,"؟

[User 0001]

<b>ما هي توقعات الطقس هذا الاسبوع؟</b>

<b>ما هي توقعات الطق",False,0.967629611492157,True,False
764,random_zs,ar-SA,zh-CN,ما هي توقعات الطقس هذا الاسبوع,13,这是几号,32,".

<h2>ما هي توقعات الطقس هذا الاسبوع</h2>

توقعات الطقس هذا الاسبوع.

توقعات الطقس",False,0.967629611492157,True,False
7185,alpha_0,zh-CN,ar-SA,我下次李医生的预约是什么时候,32,ضع تذكير متكرر حق كل أحد,50,"？

我下次李医生的预约是什么时候？

我下次李医生的预约是什么时候？

我下次李医生的预约是什么时候？

",False,0.6322913765907288,False,True
7185,alpha_075,zh-CN,ar-SA,我下次李医生的预约是什么时候,32,ضع تذكير متكرر حق كل أحد,50,"؟

我下次李医生的预约是什么时候？

我下次李医生的预约是什么时候？

我下次李医生的预约是什么时候？

",False,0.6322913765907288,False,True
7185,random_zs,zh-CN,ar-SA,我下次李医生的预约是什么时候,32,ضع تذكير متكرر حق كل أحد,50,"?

I'm not sure.

我下次李医生的预约是什么时候?

I'm not sure.

我下次李医生的预约",False,0.6322913765907288,True,False
5118,alpha_0,ar-SA,zh-CN,يشبهك قلبي,45,播放最后的自由主义者播客,58,"
English: Your heart is like mine",False,1.1300652027130127,False,False
5118,alpha_075,ar-SA,zh-CN,يشبهك قلبي,45,播放最后的自由主义者播客,58,"

[User 0001]

السلام عليكم ورحمة الله وبركاته

هل يمكن أن أقول ""يشبهك قلبي",False,1.1300652027130127,False,False
5118,random_zs,ar-SA,zh-CN,يشبهك قلبي,45,播放最后的自由主义者播客,58,"

[User 0001]

I'm not sure if this is the right forum to post this in, but I'm not sure",False,1.1300652027130127,False,False
10786,alpha_0,zh-CN,ar-SA,清除我今天的活动清单,53,ما هو اسم القطعة التي تشغلها,57,"，我发现我今天没有做任何事情。

我今天没有做任何事情。

我今天没有做任何事情。

我今天没有做任何",False,0.6663556098937988,False,False
10786,alpha_075,zh-CN,ar-SA,清除我今天的活动清单,53,ما هو اسم القطعة التي تشغلها,57,".

<h2><strong>1.</strong> <strong>我的活动清单</strong></h2>

<strong>我的活动清单</strong>是<strong>我的活动清单</strong>的<strong>我的活动清单</strong>",False,0.6663556098937988,False,False
10786,random_zs,zh-CN,ar-SA,清除我今天的活动清单,53,ما هو اسم القطعة التي تشغلها,57,"

[User 0001]

Hi,

I'm trying to translate the following sentence:

""I'm trying to clear my",False,0.6663556098937988,False,False
9857,alpha_0,ar-SA,zh-CN,اختار تشغيل التسجيل من البداية,20,把购物加到我的明天的日程表上,50,".

<h2>الاستماع</h2>

* <b>الاستماع</b> (بالإنجليزية: Listening)‏ هو القدرة على فهم ما يقوله الآخرون.

",False,1.079890489578247,True,False
9857,alpha_075,ar-SA,zh-CN,اختار تشغيل التسجيل من البداية,20,把购物加到我的明天的日程表上,50,"，因为我不想让它在播放时自动停止。

我尝试了以下代码，但它没有起作用。

<code>    private void playButton",True,1.079890489578247,False,False
9857,random_zs,ar-SA,zh-CN,اختار تشغيل التسجيل من البداية,20,把购物加到我的明天的日程表上,50," til 1990.

<h2>1.</h2>

* 1990: <i>The Last of the Mohicans</i>
* ",False,1.079890489578247,False,False
4930,alpha_0,zh-CN,ar-SA,打开今天下午三点半的闹钟,48,خل ارتاح لمحمد عبده جاهزة عشان تشغلها بعد هذي,45,，打开手机，打开电脑，打开电视，打开手机，打开电脑，打开电视，打开手机，打开电脑，打开电视，打开手机，打开,False,0.674716591835022,False,False
4930,alpha_075,zh-CN,ar-SA,打开今天下午三点半的闹钟,48,خل ارتاح لمحمد عبده جاهزة عشان تشغلها بعد هذي,45,"
打开今天下午三点半的闹钟
打开今天下午三点半的闹钟
打开今天下午三点半的闹钟
打开",False,0.674716591835022,True,False
4930,random_zs,zh-CN,ar-SA,打开今天下午三点半的闹钟,48,خل ارتاح لمحمد عبده جاهزة عشان تشغلها بعد هذي,45,"
打开今天下午三点半的闹钟
打开今天下午三点半的闹钟
打开今天下午三点半的闹钟
打开",False,0.674716591835022,True,False
3444,alpha_0,ar-SA,zh-CN,هل هيا عشرة,0,增加灯光,18,؟ هل هيا عشرة؟ هل هيا عشرة؟ هل هيا عشرة؟ هل هيا عشرة؟ هل هيا عشرة؟ هل هيا عشرة؟ هل,False,1.1675012111663818,False,False
3444,alpha_075,ar-SA,zh-CN,هل هيا عشرة,0,增加灯光,18,"

[User 0001]

هل هيا عشرة
 

[User 0002]

<b>هل هيا عشرة</b>",False,1.1675012111663818,False,False
3444,random_zs,ar-SA,zh-CN,هل هيا عشرة,0,增加灯光,18,".

[User 0001]

I'm not sure if this is the right place to post this, but I'm looking for",False,1.1675012111663818,False,False
15946,alpha_0,zh-CN,ar-SA,在联系人中找到李雷,17,alexa لو سمحتي وطي الإضاءات في البيت,31,"，然后和李雷谈谈。

李雷：

李雷：

李雷：

李雷：

李雷：

李雷：",False,0.6616318225860596,False,False
15946,alpha_075,zh-CN,ar-SA,在联系人中找到李雷,17,alexa لو سمحتي وطي الإضاءات في البيت,31,"

在联系人中找到李雷

在联系人中找到李雷

在联系人中找到李雷

在联系人中找到李雷

在联系人中",False,0.6616318225860596,False,False
15946,random_zs,zh-CN,ar-SA,在联系人中找到李雷,17,alexa لو سمحتي وطي الإضاءات في البيت,31,"
English: Contact Us",False,0.6616318225860596,False,False
2545,alpha_0,ar-SA,zh-CN,كيف الجو,13,设置灯光亮度更高,18," في مصر في شهر فبراير؟

[User 0001]

كيف الجو في مصر في شهر فبراير؟
 

[User 0",False,1.126096248626709,True,False
2545,alpha_075,ar-SA,zh-CN,كيف الجو,13,设置灯光亮度更高,18," الجيد؟

[User 0001]

السلام عليكم ورحمة الله وبركاته

كيف الجيد؟

[User ",False,1.126096248626709,False,False
2545,random_zs,ar-SA,zh-CN,كيف الجو,13,设置灯光亮度更高,18,"

[User 0001]

<blockquote><b>
<b>
<b>
<b>
<b>
<b>
<b>
<b>
<b>
<b>
<b>",False,1.126096248626709,False,False
16535,alpha_0,zh-CN,ar-SA,你可以写一封电子邮件给梅梅吗,33,اطلب اوبر مقهى إكليل الجبل,54,"？

梅梅是你的朋友吗？

梅梅是你的朋友吗？

梅梅是你的朋友吗？

梅梅是你的朋友吗",False,0.6600469946861267,False,False
16535,alpha_075,zh-CN,ar-SA,你可以写一封电子邮件给梅梅吗,33,اطلب اوبر مقهى إكليل الجبل,54,"؟

[User 0001]

Hi,

I'm writing a letter to my friend, and I want to write a sentence like",True,0.6600469946861267,True,False
16535,random_zs,zh-CN,ar-SA,你可以写一封电子邮件给梅梅吗,33,اطلب اوبر مقهى إكليل الجبل,54,"؟

[User 0001]

Hi,

I'm trying to write a letter to my friend who is in the hospital. I",True,0.6600469946861267,False,False
9760,alpha_0,ar-SA,zh-CN,طف التشغيل,20,我偶尔注意一下,13,: 100000000000000000000000000000,False,1.2142287492752075,False,False
9760,alpha_075,ar-SA,zh-CN,طف التشغيل,20,我偶尔注意一下,13,": 100% جديد
Material: PVC
Tamaño: 100*100*100mm
Color: como se",False,1.2142287492752075,False,False
9760,random_zs,ar-SA,zh-CN,طف التشغيل,20,我偶尔注意一下,13,"

[User 0001]

I'm trying to translate the word ""n'importe quoi"" into English. I'm not sure",False,1.2142287492752075,False,False
15708,alpha_0,zh-CN,ar-SA,发一个投诉关于,47,هل هناك أي مناسبات وسط البلد آخر الأسبوع,32,我公司在2019年12月15日购买的商品，商品名称：2019年12月15日,False,0.8396316766738892,True,False
15708,alpha_075,zh-CN,ar-SA,发一个投诉关于,47,هل هناك أي مناسبات وسط البلد آخر الأسبوع,32, <strong>“</strong><strong>我</strong><strong>”</strong><strong>的</strong><strong>“</strong><strong>我</strong><strong>”</strong><strong>的</strong><strong>“</strong><strong>我</strong><strong>,False,0.8396316766738892,False,False
15708,random_zs,zh-CN,ar-SA,发一个投诉关于,47,هل هناك أي مناسبات وسط البلد آخر الأسبوع,32," 100% of the time, I get a message that says ""The server is not responding. Please try again later."" I have tried this on",False,0.8396316766738892,True,False
6593,alpha_0,ar-SA,zh-CN,ابدأ ثرثرة,12,我需要将我的服务的问题发送一封电子邮件给淘宝,33," في عالم الموضة مع هذا الملحق المميز من أزياء ألبا.

يحتوي هذا الملحق على 100",False,1.333591103553772,False,False
6593,alpha_075,ar-SA,zh-CN,ابدأ ثرثرة,12,我需要将我的服务的问题发送一封电子邮件给淘宝,33," في Instagram مع هذه المجموعة من 1000+ إعلانات Instagram مجانية.

تقدم هذه المجموعة من إعلانات Instagram المج",False,1.333591103553772,False,False
6593,random_zs,ar-SA,zh-CN,ابدأ ثرثرة,12,我需要将我的服务的问题发送一封电子邮件给淘宝,33,".

<h2><strong>الوصف</strong></h2>

<strong>الوصف:</strong>

<strong>الوصف:</strong>

<strong>الوصف:</strong>

<strong>الوصف:</strong>",False,1.333591103553772,True,False
1252,alpha_0,zh-CN,ar-SA,告诉我现在时间,0,كم قائمة عندي في جهات الإتصال,59,"是12点，我应该去哪里？

我应该去哪里？

我应该去哪里？

我应该去哪里？

我应该去",False,0.7687501907348633,False,False
1252,alpha_075,zh-CN,ar-SA,告诉我现在时间,0,كم قائمة عندي في جهات الإتصال,59, 100% 100% 100% 100% 100% 100% 1,False,0.7687501907348633,False,False
1252,random_zs,zh-CN,ar-SA,告诉我现在时间,0,كم قائمة عندي في جهات الإتصال,59,"

我不想再做梦

我不想再做梦

我不想再做梦

我不想再做梦

我不想再做梦

我",False,0.7687501907348633,False,False
16924,alpha_0,ar-SA,zh-CN,الله يسعدك شوف اذا حسابي في gmail فيه ايميلات جديدة,44,韩梅梅回复了吗,44,"
الله يسعدك
الله يسعدك
الله يسعدك
الله يسعدك
الله يسعدك
الله يسعدك
الله",False,0.7067360877990723,False,False
16924,alpha_075,ar-SA,zh-CN,الله يسعدك شوف اذا حسابي في gmail فيه ايميلات جديدة,44,韩梅梅回复了吗,44, 100% 100% 100% 100% 100% 100% 1,False,0.7067360877990723,False,False
16924,random_zs,ar-SA,zh-CN,الله يسعدك شوف اذا حسابي في gmail فيه ايميلات جديدة,44,韩梅梅回复了吗,44,".

[User 0001]

<b>الله يسعدك شوف اذا حسابي في gmail فيه ايميلات جديدة</b>

<b>الله",False,0.7067360877990723,True,True
3034,alpha_0,zh-CN,ar-SA,告诉我气温,13,next episode of the podcast,58,，告诉我温度，告诉我温度，告诉我温度，告诉我温度，告诉我温度，告诉我温度，告诉我温度，告诉我温度，告诉我温度，告诉我温度，告诉我,False,0.9639657139778137,False,False
3034,alpha_075,zh-CN,ar-SA,告诉我气温,13,next episode of the podcast,58,",我给你推荐一个适合你去的城市,
我给你推荐一个适合你去的城市,
我给你推荐一个适合你去的城市,
我",False,0.9639657139778137,False,False
3034,random_zs,zh-CN,ar-SA,告诉我气温,13,next episode of the podcast,58,", 100000000000000000000000000000",False,0.9639657139778137,False,False
2850,alpha_0,ar-SA,zh-CN,فيه سفري عند مطاعم طازة,3,设置一个午餐会议前一个小时提醒我的提醒,50," في جدة، ولهذا السبب، أصبحت هذه المطاعم من أكثر المطاعم شهرة في جدة.

<h2><strong>سفري عند مط",False,1.0542032718658447,False,False
2850,alpha_075,ar-SA,zh-CN,فيه سفري عند مطاعم طازة,3,设置一个午餐会议前一个小时提醒我的提醒,50,"

اللي عندي هو 1000000000000000000000000",False,1.0542032718658447,False,False
2850,random_zs,ar-SA,zh-CN,فيه سفري عند مطاعم طازة,3,设置一个午餐会议前一个小时提醒我的提醒,50,"

ممكن يكون عندك مشكلة في الجهاز

ممكن يكون عندك مشكلة في الجهاز

ممكن يكون عندك مشكلة في الجهاز

م",False,1.0542032718658447,False,False
13694,alpha_0,zh-CN,ar-SA,人物传记,12,علمني عن أحوال جو الرياض في الأسابيع الجاية,44,"

　　1911年，在北京出生。1928年，考入中央美术学院，师从王蒙、王蒙、",False,0.8840224742889404,False,False
13694,alpha_075,zh-CN,ar-SA,人物传记,12,علمني عن أحوال جو الرياض في الأسابيع الجاية,44,"

<strong>1.</strong>

<strong>2.</strong>

<strong>3.</strong>

<strong>4.</strong>

<strong>5.</strong>

<strong>6.</strong>

<strong>",False,0.8840224742889404,True,False
13694,random_zs,zh-CN,ar-SA,人物传记,12,علمني عن أحوال جو الرياض في الأسابيع الجاية,44,". 2019. 10. 10.

[1] 2019年10月10日，",False,0.8840224742889404,False,False
9301,alpha_0,ar-SA,zh-CN,an f m,36,启动咖啡机,56," a l e

a n d

a n

a n

a n

a n

a n

a n

a n

a n

",False,1.1236070394515991,False,False
9301,alpha_075,ar-SA,zh-CN,an f m,36,启动咖啡机,56, 1000000000000000000000000000000,False,1.1236070394515991,False,False
9301,random_zs,ar-SA,zh-CN,an f m,36,启动咖啡机,56,. 1990. 1991. 1992. 1993. 1994. ,False,1.1236070394515991,False,False
1581,alpha_0,zh-CN,ar-SA,今天的年月日是什么,0,شغل بودكاست قصة,58,"？

今天是2022年12月22日，星期四。

今天是2022年12月22",False,0.7367212772369385,True,False
1581,alpha_075,zh-CN,ar-SA,今天的年月日是什么,0,شغل بودكاست قصة,58,"؟

1999-01-01

1999-01-01

1999-01-",True,0.7367212772369385,False,False
1581,random_zs,zh-CN,ar-SA,今天的年月日是什么,0,شغل بودكاست قصة,58, <strong>100000000000000000000000000000,False,0.7367212772369385,False,False
10260,alpha_0,ar-SA,zh-CN,العبي شطرنج وياي,51,我可以在北京做什么,6,"لا

[User 0001]

السلام عليكم ورحمة الله وبركاته

هل يمكن ان يكون العبي شطرنج و",False,1.3316631317138672,False,False
10260,alpha_075,ar-SA,zh-CN,العبي شطرنج وياي,51,我可以在北京做什么,6,"

[User 0001]

السلام عليكم ورحمة الله وبركاته

انا من المبتدئين في اللعب بال",False,1.3316631317138672,False,False
10260,random_zs,ar-SA,zh-CN,العبي شطرنج وياي,51,我可以在北京做什么,6,"

[User 0001]

<b>عربى</b>

<b>عربى</b>

<b>عربى</b>

<b>عربى",False,1.3316631317138672,False,False
17115,alpha_0,zh-CN,ar-SA,朗读新的电子邮件列表,44,ما الفيلم الجديد الذي تعمل عليه سلاف فواخرجي,49,"，并将其添加到您的列表。

朗读新电子邮件列表，并将其添加到您的列表。

朗读新电子邮件列表，并将其添加到您的列表",False,0.6730281114578247,False,False
17115,alpha_075,zh-CN,ar-SA,朗读新的电子邮件列表,44,ما الفيلم الجديد الذي تعمل عليه سلاف فواخرجي,49," من Google Drive

Google Drive是一个云存储服务，允许用户存储和共享文件。它还允许用户创建和管理电子邮件列表。

Google Drive是一个",False,0.6730281114578247,False,False
17115,random_zs,zh-CN,ar-SA,朗读新的电子邮件列表,44,ما الفيلم الجديد الذي تعمل عليه سلاف فواخرجي,49,".

<h2><strong>1.</strong> <strong>What is the difference between a list and a list?</strong></h2>

A list is a list of items that are",False,0.6730281114578247,False,False
2258,alpha_0,ar-SA,zh-CN,هل أحتاج إلى سترة اليوم,13,输入波斯猫,43,"؟

[User 0001]

هل أحتاج إلى سترة اليوم؟

[User 0002]

لا

",False,0.9460073709487915,True,False
2258,alpha_075,ar-SA,zh-CN,هل أحتاج إلى سترة اليوم,13,输入波斯猫,43,"؟

[User 0001]

هل أحتاج إلى سترة اليوم؟

[User 0002]

I think",False,0.9460073709487915,False,False
2258,random_zs,ar-SA,zh-CN,هل أحتاج إلى سترة اليوم,13,输入波斯猫,43,"?

[User 0001]

I'm not sure if I need to wear a shirt today.
 

[User 0",False,0.9460073709487915,False,False
1904,alpha_0,zh-CN,ar-SA,给我找些赛事集锦,22,كم الساعة في الرياض,0,"，我看看。

我找了找，没有。

我找了找，没有。

我找了找，没有。

我找了",False,0.7707998752593994,False,False
1904,alpha_075,zh-CN,ar-SA,给我找些赛事集锦,22,كم الساعة في الرياض,0,"

[User 0001]

我需要一些关于足球比赛的视频，我需要一些关于足球比赛的视频，我需要一些关于",False,0.7707998752593994,False,False
1904,random_zs,zh-CN,ar-SA,给我找些赛事集锦,22,كم الساعة في الرياض,0, yang yang yang yang yang yang yang yang yang yang yang yang yang yang yang yang yang yang yang yang yang yang yang yang yang yang yang yang yang yang yang yang,False,0.7707998752593994,True,False
12839,alpha_0,ar-SA,zh-CN,أبحر الشمالية,42,告诉我特朗普外交政策的新闻,22, في البحر الأحمر، وكنت أرى من بعيد، على شاطئ البحر الأحمر، شاطئ البحر الأحمر، شاطئ البحر الأحمر،,False,1.2524330615997314,False,False
12839,alpha_075,ar-SA,zh-CN,أبحر الشمالية,42,告诉我特朗普外交政策的新闻,22,"

أبحر الشمالية

أبحر الشمالية

أبحر الشمالية

أبحر الشمالية

أبحر الشمالية

أ",False,1.2524330615997314,False,False
12839,random_zs,ar-SA,zh-CN,أبحر الشمالية,42,告诉我特朗普外交政策的新闻,22," 2019

[User 0001]

<blockquote><b>أبوظبي:</b>

<b>أبوظبي:</b>

",False,1.2524330615997314,False,True
14891,alpha_0,zh-CN,ar-SA,那个人擅长哪个领域,49,كيف حال الطقس في مكاني,13,"？

    “我擅长什么？”

    “你擅长什么？”

    “我擅长什么？”

    “你擅长什么？”

    “",False,0.7559223771095276,False,False
14891,alpha_075,zh-CN,ar-SA,那个人擅长哪个领域,49,كيف حال الطقس في مكاني,13,"？

　　他擅长什么？

　　他擅长什么？

　　他擅长什么？

　　他擅长什么？

　　他擅长什么？

",False,0.7559223771095276,False,False
14891,random_zs,zh-CN,ar-SA,那个人擅长哪个领域,49,كيف حال الطقس في مكاني,13,"?

[User 0001]

I'm trying to translate this sentence:

""He is a man who is good at everything.""",False,0.7559223771095276,False,False
11259,alpha_0,ar-SA,zh-CN,انتقل إلى المدونة الصوتية التالية,58,如果有表演活动请删除它,53,":

* <strong>المدونة الصوتية 1</strong>
* <strong>المدونة الصوتية 2</strong>
* <strong>المدونة",False,1.1323800086975098,True,False
11259,alpha_075,ar-SA,zh-CN,انتقل إلى المدونة الصوتية التالية,58,如果有表演活动请删除它,53,"

<h2><strong>المدونة الصوتية</strong></h2>

<strong>المدونة الصوتية</strong> هي مدونة صوتية أو مدونة صوتية هي مدونة صوت",False,1.1323800086975098,True,False
11259,random_zs,ar-SA,zh-CN,انتقل إلى المدونة الصوتية التالية,58,如果有表演活动请删除它,53,":

* <strong>1.</strong> <strong>الاستماع إلى الموسيقى</strong>
* <strong>2.</strong> <strong>الاستماع إلى الموس",False,1.1323800086975098,False,False
5614,alpha_0,zh-CN,ar-SA,现在收音机里在播什么,57,ما هو القفطان,26,"？

收音机里播什么？

收音机里播什么？

收音机里播什么？

收音机里播什么",False,0.7180729508399963,False,False
5614,alpha_075,zh-CN,ar-SA,现在收音机里在播什么,57,ما هو القفطان,26,"؟

[User 0001]

<blockquote><b>现在收音机里在播什么？</b>

<b>
</b>
<b>
</b>
",False,0.7180729508399963,False,False
5614,random_zs,zh-CN,ar-SA,现在收音机里在播什么,57,ما هو القفطان,26,"

[User 0001]

I'm looking for a song that I heard on the radio a few weeks ago. It was a song",False,0.7180729508399963,True,False
1308,alpha_0,ar-SA,zh-CN,الحصول على توقعات المناخ اليوم هنا,13,你快乐吗,12, في موقعنا، حيث نقدم لكم كل ما يتعلق بالطقس في جميع أنحاء العالم، حيث نقدم لكم توقعات الطقس اليوم,False,1.083770990371704,False,False
1308,alpha_075,ar-SA,zh-CN,الحصول على توقعات المناخ اليوم هنا,13,你快乐吗,12,"

<h2><strong>الطقس اليوم في مدينة نيس</strong></h2>

تتوقع هيئة الطقس أن تكون <strong>الطقس اليوم في مدينة",False,1.083770990371704,True,False
1308,random_zs,ar-SA,zh-CN,الحصول على توقعات المناخ اليوم هنا,13,你快乐吗,12,"

<h2><strong>Теория</strong></h2>

<strong>Теория</strong>

<strong>Теория</strong>

<strong>Теория</strong>

<strong>Теория</strong>",False,1.083770990371704,False,False
11490,alpha_0,zh-CN,ar-SA,播放播客的下一个节目,58,ذكرني أسوي حاجة بعدين,50,"，或者在播放器中播放下一首歌曲。

播放器是播放器，可以播放音乐，播客，视频，音频文件，播客",False,0.7380909323692322,False,False
11490,alpha_075,zh-CN,ar-SA,播放播客的下一个节目,58,ذكرني أسوي حاجة بعدين,50," هو برنامج ""The Big Picture"" من ""The New Yorker"" ، الذي يقدم موضوعات مختلفة من خلال قصص قصيرة.

The Big Picture is",True,0.7380909323692322,True,False
11490,random_zs,zh-CN,ar-SA,播放播客的下一个节目,58,ذكرني أسوي حاجة بعدين,50,", 100% free, no registration required.
English: Play the next episode, 100% free, no registration required.",False,0.7380909323692322,True,False
16354,alpha_0,ar-SA,zh-CN,شوف اذا فيه ايميلات من مديري,44,开启智能插头,24," المنتدى
انا ايميل من مديري المنتدى
انا ايميل من مديري المنتدى
انا ايميل من مديري المنتدى",False,0.9213059544563293,False,False
16354,alpha_075,ar-SA,zh-CN,شوف اذا فيه ايميلات من مديري,44,开启智能插头,24,，就不要用，用自己的邮箱，用自己的名字，用自己的地址，用自己的电话，用自己的身份证，用自己的户口本，用,True,0.9213059544563293,False,False
16354,random_zs,ar-SA,zh-CN,شوف اذا فيه ايميلات من مديري,44,开启智能插头,24,".

<h2><strong>1.</strong> <strong>الاستماع</strong></h2>

الاستماع هو أحد أهم المهارات التي يجب أن تتعلمها الطالب",False,0.9213059544563293,False,False
4780,alpha_0,zh-CN,ar-SA,今年我的生日六月二十七日是星期几,0,شلون طالع اليوم,12,"？

星期六

今年我的生日六月二十七日是星期几？

星期六

今年我的生日六月二十七日是星期几？

",False,0.8445944786071777,False,False
4780,alpha_075,zh-CN,ar-SA,今年我的生日六月二十七日是星期几,0,شلون طالع اليوم,12,"؟

今年我的生日六月二十七日是星期几？

今年我的生日六月二十七日是星期几？

今年我的生日六月二十七",False,0.8445944786071777,False,False
4780,random_zs,zh-CN,ar-SA,今年我的生日六月二十七日是星期几,0,شلون طالع اليوم,12,"
English: What is the day of the week on June 27, 2019? What is the day of the week on June",False,0.8445944786071777,True,False
12724,alpha_0,ar-SA,zh-CN,قطار تذكرة الدمام,2,删除所有,53, من أهم قطارات المملكة العربية السعودية التي تخدم العديد من المدن والبلدات في المملكة، حيث أن هذا القطار يخدم العديد من المدن في المملكة,False,0.9191333651542664,False,False
12724,alpha_075,ar-SA,zh-CN,قطار تذكرة الدمام,2,删除所有,53, 1000000000000000000000000000000,False,0.9191333651542664,False,False
12724,random_zs,ar-SA,zh-CN,قطار تذكرة الدمام,2,删除所有,53,"- 10/11/2019

[User 0001]

<b><b><b><b><b><b><b><b><b><b>",False,0.9191333651542664,False,False
16385,alpha_0,zh-CN,ar-SA,请帮我朗读新电子邮件,44,هات لي آخر سعر حق أسهم الراجحي,22,"，谢谢！

Dear Mr. Smith,

I am writing to you to ask for your help. I am a student at the University of California, Berkeley",False,0.6447461247444153,False,False
16385,alpha_075,zh-CN,ar-SA,请帮我朗读新电子邮件,44,هات لي آخر سعر حق أسهم الراجحي,22,"

[User 0001]

Hi,

I'm trying to learn how to read emails in English. I'm not sure if",False,0.6447461247444153,False,False
16385,random_zs,zh-CN,ar-SA,请帮我朗读新电子邮件,44,هات لي آخر سعر حق أسهم الراجحي,22,"

[User 0001]

Hi,

I'm trying to translate the following sentence:

""Please help me with my new email",False,0.6447461247444153,False,False
884,alpha_0,ar-SA,zh-CN,حط منبه على ثمنية الصبح,48,婚礼祝福,47,، وامنح نفسك فرصة للراحة والاسترخاء، وامنح نفسك فرصة للراحة والاسترخاء، وامنح نفسك,False,1.1316837072372437,False,False
884,alpha_075,ar-SA,zh-CN,حط منبه على ثمنية الصبح,48,婚礼祝福,47,"

[User 0001]

السلام عليكم ورحمة الله وبركاته

هل يمكن أن أقول ""حط منبه على",False,1.1316837072372437,False,True
884,random_zs,ar-SA,zh-CN,حط منبه على ثمنية الصبح,48,婚礼祝福,47,"

[User 0001]

Hi,

I'm trying to translate the following sentence:

""I'm going to put a",False,1.1316837072372437,False,True
3,alpha_0,zh-CN,ar-SA,安静,46,قطار جدة,42,"的夜晚，

在夜色中，

我静静的听着，

你轻轻的呼吸，

我静静的想着，

你轻轻的微笑",False,0.9094664454460144,False,False
3,alpha_075,zh-CN,ar-SA,安静,46,قطار جدة,42," ليلتي في حديقة الحيوان

الحديقة الحيوان في مدينة نيويورك

الحديقة الحيوان في مدينة نيويورك

",True,0.9094664454460144,False,False
3,random_zs,zh-CN,ar-SA,安静,46,قطار جدة,42,A <strong><strong><strong><strong><strong><strong><strong><strong><strong><strong><strong><strong><strong><strong><strong><strong><strong><strong><strong><strong><strong><strong><strong><strong><strong><strong><strong><strong><strong><strong>,False,0.9094664454460144,False,False
443,alpha_0,ar-SA,zh-CN,ارفع الصوت,14,显示可用的灯光颜色,1," و اربط نفسك في هذا المسرح المثير للاهتمام!

تتضمن هذه اللعبة:

- 10000",False,0.931149959564209,False,False
443,alpha_075,ar-SA,zh-CN,ارفع الصوت,14,显示可用的灯光颜色,1,"

[User 0001]

Hi,

I'm trying to translate the following sentence:

""I'm going to raise the",False,0.931149959564209,False,False
443,random_zs,ar-SA,zh-CN,ارفع الصوت,14,显示可用的灯光颜色,1,", 100000000000000000000000000000",False,0.931149959564209,False,False
2350,alpha_0,zh-CN,ar-SA,在这个房屋深的颜色替浅色,1,امسح العنصر من القائمة,53,，在室内设计中，深色是不可或缺的。深色可以使空间更加温暖，更具吸引力。但是，深色也,False,0.7002573609352112,True,False
2350,alpha_075,zh-CN,ar-SA,在这个房屋深的颜色替浅色,1,امسح العنصر من القائمة,53," و رنگ های روشن را انتخاب کنید. این رنگ ها به شما کمک می کند تا اتاق را بزرگتر و روشن تر نشان دهید.

<h2>رنگ های اتاق",True,0.7002573609352112,True,False
2350,random_zs,zh-CN,ar-SA,在这个房屋深的颜色替浅色,1,امسح العنصر من القائمة,53, 100% 涤棉 100% 涤棉 100% 涤棉 100% 涤棉,False,0.7002573609352112,False,False
726,alpha_0,ar-SA,zh-CN,تلخيص تفاصيل الطقس الأسبوع,13,我附近有什么餐馆,19, المقبل في المملكة العربية السعودية، حيث ستكون الأيام المقبلة من الأيام الباردة، حيث ستكون درجات الحرارة في بعض المناطق منخفض,False,1.0699697732925415,True,False
726,alpha_075,ar-SA,zh-CN,تلخيص تفاصيل الطقس الأسبوع,13,我附近有什么餐馆,19," 10-16-2022

[User 0001]

<b>الطقس في السعودية</b>

<b>الطق",False,1.0699697732925415,True,False
726,random_zs,ar-SA,zh-CN,تلخيص تفاصيل الطقس الأسبوع,13,我附近有什么餐馆,19," 10.06.2022

[User 0001]

<b><b><b><b><b><b><b><b><b><b><b>",False,1.0699697732925415,False,False
6572,alpha_0,zh-CN,ar-SA,你有男朋友吗,12,an f m,36,"？

你男朋友是怎样的人？

你男朋友是怎样的人？

你男朋友是怎样的人？

你男朋友是怎样的人？

你男朋友",False,0.9219517707824707,True,False
6572,alpha_075,zh-CN,ar-SA,你有男朋友吗,12,an f m,36,"?
English: do you have a boyfriend?",False,0.9219517707824707,False,False
6572,random_zs,zh-CN,ar-SA,你有男朋友吗,12,an f m,36,"?

[User 0001]

I'm not sure if this is the right place to post this, but I'm looking for",False,0.9219517707824707,False,False
7596,alpha_0,ar-SA,zh-CN,please ضف لي اجتماع في مقهى بلكونة ورد الظهر مع مهند,50,火鸡,9,"س المبيعات في شركة أونلاين للتكنولوجيا

I am a student of the University of Technology in Baghdad, and I am looking for a",False,0.5932158827781677,False,False
7596,alpha_075,ar-SA,zh-CN,please ضف لي اجتماع في مقهى بلكونة ورد الظهر مع مهند,50,火鸡,9,"斯，我需要你的帮助。

I need your help. Please meet me at the cafe in the afternoon.

I need your help. Please meet me",True,0.5932158827781677,True,False
7596,random_zs,ar-SA,zh-CN,please ضف لي اجتماع في مقهى بلكونة ورد الظهر مع مهند,50,火鸡,9,"س.

please ضف لي اجتماع في مقهى بلكونة ورد الظهر مع مهندس.

please ضف لي اجتماع في مق",False,0.5932158827781677,True,False
12685,alpha_0,zh-CN,ar-SA,现在的交通怎么样,11,تعتقد يلزمني أروح المسرح اليوم,12,"了？

现在交通怎么样了？

现在交通怎么样了？

现在交通怎么样了？

现在交通怎么样了？

现在交通怎么样了？",False,0.8148975968360901,True,False
12685,alpha_075,zh-CN,ar-SA,现在的交通怎么样,11,تعتقد يلزمني أروح المسرح اليوم,12,"؟

[User 0001]

<blockquote><b>
<b>
<b>
<b>
<b>
<b>
<b>
<b>
<b>
<b>
",True,0.8148975968360901,False,False
12685,random_zs,zh-CN,ar-SA,现在的交通怎么样,11,تعتقد يلزمني أروح المسرح اليوم,12,"?

[User 0001]

I'm trying to translate the following sentence:

""The traffic is very bad.""

I'",False,0.8148975968360901,False,True
11067,alpha_0,ar-SA,zh-CN,ظيف البرتقال لقائمة البقالة لو سمحت,21,给我订一张去上海的火车票,2,"

[User 0001]

<b>ظيف البرتقال لقائمة البقالة لو سمحت</b>

<b>ظيف البرتقال",False,1.0226649045944214,False,False
11067,alpha_075,ar-SA,zh-CN,ظيف البرتقال لقائمة البقالة لو سمحت,21,给我订一张去上海的火车票,2,"

[User 0001]

<blockquote><b>البرتقال</b>

<b>البرتقال</b> هو ثمرة من الفواكه الحم",False,1.0226649045944214,False,False
11067,random_zs,ar-SA,zh-CN,ظيف البرتقال لقائمة البقالة لو سمحت,21,给我订一张去上海的火车票,2,".

<h2><strong>1.</strong> <strong>ظيف البرتقال</strong></h2>

ظيف البرتقال هو نوع من أنواع البرتقال التي يتميز",False,1.0226649045944214,False,False
12066,alpha_0,zh-CN,ar-SA,我附近有什么商店,19,اكتم الصوت لمدة ساعة,46,"可以买到？

我附近有，但是我也不知道叫什么，我记得是叫什么“大宝”的，我记得是叫什么“",False,0.6810100078582764,True,False
12066,alpha_075,zh-CN,ar-SA,我附近有什么商店,19,اكتم الصوت لمدة ساعة,46,"؟

[User 0001]

I'm in the area of the city of <b><u><b><u><b><u><b><u><b><u>",True,0.6810100078582764,False,False
12066,random_zs,zh-CN,ar-SA,我附近有什么商店,19,اكتم الصوت لمدة ساعة,46,"؟
English: What is the meaning of the word ""shop""?
I'm looking for a shop that sells clothes.
I'm looking",True,0.6810100078582764,False,False
15094,alpha_0,ar-SA,zh-CN,ابحث عن عدد الأشخاص الذين يعيشون في مدينة جدة بالسعودية,49,我附近有什么餐馆,19,، حيث تعد مدينة جدة من أهم المدن السعودية التي تقع في المملكة العربية السعودية، وتعتبر من المدن الكبرى في المملكة، وتعد من المدن التي,False,0.8481976389884949,True,False
15094,alpha_075,ar-SA,zh-CN,ابحث عن عدد الأشخاص الذين يعيشون في مدينة جدة بالسعودية,49,我附近有什么餐馆,19,，جدة هي مدينة سعودية تقع في المملكة العربية السعودية، وتعتبر من أهم المدن السعودية، وتشتهر بالعديد من المعالم السياحية,False,0.8481976389884949,True,False
15094,random_zs,ar-SA,zh-CN,ابحث عن عدد الأشخاص الذين يعيشون في مدينة جدة بالسعودية,49,我附近有什么餐馆,19,".

<h2><strong>أرقام سكان جدة</strong></h2>

تعد جدة من أهم المدن السعودية التي تقع في المملكة العربية السعودية، وتعتبر من",False,0.8481976389884949,True,False
10590,alpha_0,zh-CN,ar-SA,删除清单上的第二个行,53,كرر قائمة التسوق حقي لو سمحت,59,"，然后在列表中添加一个新行。

<code><code>// Delete the second row from the list
var list = document.getElementById(""list"");
",False,0.6970540881156921,True,False
10590,alpha_075,zh-CN,ar-SA,删除清单上的第二个行,53,كرر قائمة التسوق حقي لو سمحت,59,"

[User 0001]

Hi,

I have a list of items in a column. I want to delete the second row from the",False,0.6970540881156921,True,False
10590,random_zs,zh-CN,ar-SA,删除清单上的第二个行,53,كرر قائمة التسوق حقي لو سمحت,59,"

[User 0001]

I have a list of items that I want to delete the second item from. I have tried to use the",False,0.6970540881156921,True,False
8975,alpha_0,ar-SA,zh-CN,ما هو موعد اجتماع اليوم,32,请用微博发吐槽中国电信客服很差,47," في السعودية؟

تعد السعودية من الدول العربية التي تفتخر بوجود العديد من المراكز والمحافظات التي توجد بها العديد من الم",False,0.9179176092147827,False,False
8975,alpha_075,ar-SA,zh-CN,ما هو موعد اجتماع اليوم,32,请用微博发吐槽中国电信客服很差,47," 2022

<h2>ما هو موعد اجتماع اليوم 2022</h2>

تعتبر الاجتماعات من أهم الأنشطة التي يقوم",False,0.9179176092147827,True,False
8975,random_zs,ar-SA,zh-CN,ما هو موعد اجتماع اليوم,32,请用微博发吐槽中国电信客服很差,47,"

[User 0001]

السلام عليكم ورحمة الله وبركاته

هل يمكن أن يكون موعد اجتماع في اللغة العربية",False,0.9179176092147827,False,False
2414,alpha_0,zh-CN,ar-SA,我想点一个迈克尔披萨店的披萨,16,ما هو فرسخ,49,，但是我不能找到它。我尝试了所有可能的搜索，但没有找到它。我甚至尝试了“迈克尔披萨”和“,False,0.6440176963806152,False,False
2414,alpha_075,zh-CN,ar-SA,我想点一个迈克尔披萨店的披萨,16,ما هو فرسخ,49,"

我想要一个披萨

我想点一个披萨

我想点一个披萨

我想点一个披萨

我想点一个披萨

我想",False,0.6440176963806152,True,False
2414,random_zs,zh-CN,ar-SA,我想点一个迈克尔披萨店的披萨,16,ما هو فرسخ,49,"

I want a Michael's pizza

I want a Michael's pizza

I want a Michael's pizza

I want a Michael's pizza",False,0.6440176963806152,True,False
14742,alpha_0,ar-SA,zh-CN,ما أخبار الريال السعودي الآن,10,有关于照明新闻的新邮件吗,44,"؟

[User 0001]

<blockquote><b>الريال السعودي يعلن عن استقالته من منصبه</b>

أعلن",False,0.968357503414154,False,False
14742,alpha_075,ar-SA,zh-CN,ما أخبار الريال السعودي الآن,10,有关于照明新闻的新邮件吗,44,"？

[User 0001]

<blockquote><b>الريال السعودي يواصل صعوده</b>

<b>الريال السعودي ي",False,0.968357503414154,False,False
14742,random_zs,ar-SA,zh-CN,ما أخبار الريال السعودي الآن,10,有关于照明新闻的新邮件吗,44,"

[User 0001]

<blockquote><b>الريال السعودي يرتفع إلى 30.50 ريال</b>

<b>ال",False,0.968357503414154,False,False
9902,alpha_0,zh-CN,ar-SA,请随机播放一个与爱有关的有声读物,20,هل يمكنك روية روسيا من ألاسكا,49,"，然后请大家一起读。

请大家一起读。

请大家一起读。

请大家一起读。

请大家一起读。

",False,0.7572059631347656,False,False
9902,alpha_075,zh-CN,ar-SA,请随机播放一个与爱有关的有声读物,20,هل يمكنك روية روسيا من ألاسكا,49,"

<strong>1.</strong>

<strong>2.</strong>

<strong>3.</strong>

<strong>4.</strong>

<strong>5.</strong>

<strong>6.</strong>

<strong>",False,0.7572059631347656,False,False
9902,random_zs,zh-CN,ar-SA,请随机播放一个与爱有关的有声读物,20,هل يمكنك روية روسيا من ألاسكا,49,", 100% 100% 100% 100% 100% 100% ",False,0.7572059631347656,False,False
8968,alpha_0,ar-SA,zh-CN,أخبرني شيئا أتذكر فيه هذا الأسبوع,50,请在厨房中适当设置适当的亮度,18,"، فقلت: ""أنت تعرف ما هو؟""

قال: ""نعم، أنا أعرف"".

قلت: ""أنت تعرف ما هو",False,0.6958802342414856,False,False
8968,alpha_075,ar-SA,zh-CN,أخبرني شيئا أتذكر فيه هذا الأسبوع,50,请在厨房中适当设置适当的亮度,18,，我记得我正在做一些事情，我记得我正在做一些事情，我记得我正在做一些事情，我记得我正在做一些事情,True,0.6958802342414856,False,False
8968,random_zs,ar-SA,zh-CN,أخبرني شيئا أتذكر فيه هذا الأسبوع,50,请在厨房中适当设置适当的亮度,18,".

I'm going to tell you a story.

I'm going to tell you a story.

I'm going to tell you a",False,0.6958802342414856,False,False
10640,alpha_0,zh-CN,ar-SA,把洗涤剂加到我要买的东西的清单,21,أخبرني عن أخبار سوق الأسهم,22,"上，然后在网上搜索。

我发现一个叫“洗涤剂”的网站，它有许多洗涤剂，包括洗涤剂。",False,0.6470276713371277,False,False
10640,alpha_075,zh-CN,ar-SA,把洗涤剂加到我要买的东西的清单,21,أخبرني عن أخبار سوق الأسهم,22,"

* 1. <strong>洗涤剂</strong>

  * <strong>洗涤剂</strong>是用于清洁衣服的液体或粉末。

    ",False,0.6470276713371277,False,False
10640,random_zs,zh-CN,ar-SA,把洗涤剂加到我要买的东西的清单,21,أخبرني عن أخبار سوق الأسهم,22,".

I have a list of things I want to buy.

我有一个要买的东西的清单.

I have a list of things I want to",False,0.6470276713371277,False,False
13361,alpha_0,ar-SA,zh-CN,ما تعريف كلمة توقيت,26,olly 保存我听过不止一次的所有歌,43," في اللغة العربية؟

توقيت هو الوقت الذي يمر فيه الإنسان في حياته، ولهذا السبب يطلق عليه اسم توقيت، وهو",False,0.965470016002655,False,False
13361,alpha_075,ar-SA,zh-CN,ما تعريف كلمة توقيت,26,olly 保存我听过不止一次的所有歌,43,"？

[User 0001]

<b>ما تعريف كلمة توقيت؟</b>

<b>
السلام عليكم ورحمة الله وبركاته",False,0.965470016002655,False,False
13361,random_zs,ar-SA,zh-CN,ما تعريف كلمة توقيت,26,olly 保存我听过不止一次的所有歌,43,"?

[User 0001]

<b>What is the meaning of the word ""time""?</b>

<b>What is the meaning of the word",False,0.965470016002655,True,False
8474,alpha_0,zh-CN,ar-SA,把明天下午二点在一百二十三大街举行的李强的生日聚会记在我的日历上,50,تقرير الطقس الحين,13,"，然后就忘了。

我记得那天下午，我正坐在电脑前，正在写一篇关于“中国”的文章，突然，我听到手机铃",False,0.8532513976097107,False,False
8474,alpha_075,zh-CN,ar-SA,把明天下午二点在一百二十三大街举行的李强的生日聚会记在我的日历上,50,تقرير الطقس الحين,13,".

我从家出发，在路上，我开始思考，我为什么要去参加这个聚会？

我从没有参加过李强的生日聚",False,0.8532513976097107,False,False
8474,random_zs,zh-CN,ar-SA,把明天下午二点在一百二十三大街举行的李强的生日聚会记在我的日历上,50,تقرير الطقس الحين,13,".

<strong><em>“I have a birthday party at 2:30 pm on Saturday.”</em></strong>

<strong><em>“I have a birthday party at",False,0.8532513976097107,True,False
7477,alpha_0,ar-SA,zh-CN,ذكرني كل سنة يوم خمسة مارس أجهز هدايا لذكرى الزواج,50,告诉我今天的方向,42, من زوجتي، وكنت أضعها في صندوق صغير، وكنت أضعها في صندوق صغير، وكنت أضعها في صندوق,False,0.6389611959457397,False,False
7477,alpha_075,ar-SA,zh-CN,ذكرني كل سنة يوم خمسة مارس أجهز هدايا لذكرى الزواج,50,告诉我今天的方向,42,，我记得我第一次做这个事情，我当时还是个孩子，我记得我妈妈给我买了一本小书，里面有好多小卡片，,True,0.6389611959457397,False,False
7477,random_zs,ar-SA,zh-CN,ذكرني كل سنة يوم خمسة مارس أجهز هدايا لذكرى الزواج,50,告诉我今天的方向,42,".

أحضر كل سنة حلويات ووجبات لذيذة.

أحضر كل سنة هدية لزوجتي.

أح",False,0.6389611959457397,True,False
16907,alpha_0,zh-CN,ar-SA,家明的电话号码,17,هل مناسبة عيد الأضحى يوم اربعتعش من هذا الشهر,32,"是：13911111111

家明的微信号是：13911111111

",False,0.7196753025054932,True,False
16907,alpha_075,zh-CN,ar-SA,家明的电话号码,17,هل مناسبة عيد الأضحى يوم اربعتعش من هذا الشهر,32, هو 123456789012345678901234567890,True,0.7196753025054932,False,False
16907,random_zs,zh-CN,ar-SA,家明的电话号码,17,هل مناسبة عيد الأضحى يوم اربعتعش من هذا الشهر,32, là 100000000000000000000000000000,False,0.7196753025054932,False,False
6313,alpha_0,ar-SA,zh-CN,شفت اليوم كلب,12,六百二十五的方根是多少,39,ا في الشارع، ورأيت أنه يرتدي قميصا، ورأيت أنه يرتدي قميصا، ورأيت,False,0.909886360168457,True,False
6313,alpha_075,ar-SA,zh-CN,شفت اليوم كلب,12,六百二十五的方根是多少,39, 2000000000000000000000000000000,False,0.909886360168457,False,False
6313,random_zs,ar-SA,zh-CN,شفت اليوم كلب,12,六百二十五的方根是多少,39, de la 10000000000000000000000000000,False,0.909886360168457,False,False
13451,alpha_0,zh-CN,ar-SA,我不在家时我希望我的机器人喂养和抚摸我的狗,12,ما هو الطقس هذا الأسبوع,13,"。

我有一个智能手机，它可以控制我的智能家居设备。

我有一个智能手机，它可以控制我的智能家居设备。

我有一个",False,0.6136379837989807,False,False
13451,alpha_075,zh-CN,ar-SA,我不在家时我希望我的机器人喂养和抚摸我的狗,12,ما هو الطقس هذا الأسبوع,13,"。

我有一个智能手机，它可以控制我的智能家居设备。

我有一个智能手机，它可以控制我的智能家居设备。

我有一个",False,0.6136379837989807,False,False
13451,random_zs,zh-CN,ar-SA,我不在家时我希望我的机器人喂养和抚摸我的狗,12,ما هو الطقس هذا الأسبوع,13,"，但我不希望我的狗在家里时会打扰我。

我有一个智能手机，它可以控制我的智能门锁，我的智能灯，我的",False,0.6136379837989807,False,False
15177,alpha_0,ar-SA,zh-CN,يرجى إعادة تغريد هذا المنشور على تويتر,47,我想让你播放播客,58,".

<strong>تابعوا آخر الأخبار عبر تطبيقنا الجديد</strong>

<strong>تابعوا آخر الأخبار عبر تطبيقنا الجديد</strong>

<strong>تابعوا",False,1.031174898147583,False,False
15177,alpha_075,ar-SA,zh-CN,يرجى إعادة تغريد هذا المنشور على تويتر,47,我想让你播放播客,58,"，并附上您的微博账号。

<strong>#</strong><strong>#</strong><strong>#</strong><strong>#</strong><strong>#</strong><strong>#</strong><strong>#</strong><strong>#",True,1.031174898147583,False,False
15177,random_zs,ar-SA,zh-CN,يرجى إعادة تغريد هذا المنشور على تويتر,47,我想让你播放播客,58,"

<h2><strong>1.</strong> <strong>The</strong> <strong>New</strong> <strong>York</strong> <strong>Times</strong> <strong>and</strong> <strong>The</strong> <strong>",False,1.031174898147583,False,False
5160,alpha_0,zh-CN,ar-SA,你能播放朴树的歌吗,45,كم الساعة في الرياض,0,"？

我听过朴树的歌，但是我听的不是他的歌，而是他的歌的翻唱。

我听过朴树的",False,0.6632995009422302,False,False
5160,alpha_075,zh-CN,ar-SA,你能播放朴树的歌吗,45,كم الساعة في الرياض,0,"؟

我听过朴树的歌，但是我听不懂，我只能听歌，不能听歌词，我只能听歌，不能听歌词",False,0.6632995009422302,False,False
5160,random_zs,zh-CN,ar-SA,你能播放朴树的歌吗,45,كم الساعة في الرياض,0,"?

1. <strong>1.</strong>

  <strong>2.</strong>

  <strong>3.</strong>

  <strong>4.</strong>

  <strong>5.",False,0.6632995009422302,False,False
16050,alpha_0,ar-SA,zh-CN,شوف gmail,44,我想问你有多少天使可以在针尖上跳舞,12," و بزار تو اینترنت

بزار تو اینترنت

بزار تو اینترنت

بزار تو اینترنت

بزار تو اینترنت

ب",False,0.9085419774055481,False,False
16050,alpha_075,ar-SA,zh-CN,شوف gmail,44,我想问你有多少天使可以在针尖上跳舞,12," في الايام الاخيرة

[User 0001]

السلام عليكم ورحمة الله وبركاته

انا عندي مشكلة",False,0.9085419774055481,False,True
16050,random_zs,ar-SA,zh-CN,شوف gmail,44,我想问你有多少天使可以在针尖上跳舞,12,".

[User 0001]

<blockquote><b>
<b>
<b>
<b>
<b>
<b>
<b>
<b>
<b>
<b>
",False,0.9085419774055481,False,False
8498,alpha_0,zh-CN,ar-SA,让我们看看所有悬而未决的提醒,32,شفت اليوم كلب,12,"，并了解如何解决它们。

<h2>1. 无法连接到网络</h2>

如果您的设备无法连接到网络，请检查以下内容：

",False,0.7138795852661133,False,False
8498,alpha_075,zh-CN,ar-SA,让我们看看所有悬而未决的提醒,32,شفت اليوم كلب,12,"ات في Windows 10.

<h2><strong>1.</strong> <strong>Windows 10</strong> <strong>تحديث</strong></h2>

إذا كان لديك تحديث",True,0.7138795852661133,False,False
8498,random_zs,zh-CN,ar-SA,让我们看看所有悬而未决的提醒,32,شفت اليوم كلب,12,".

<h2>1. <strong><em>The Last of Us</em></strong></h2>

<em>The Last of Us</em> is a post-apocalyptic video game that was",False,0.7138795852661133,False,False
11954,alpha_0,ar-SA,zh-CN,وين المسرح في منطقتي,19,威尔士干酪配料列表,9,، وكم من مسرحيات تنتظرني في مكتبي، وكم من مسرحيات تنتظرني في مكتبي، وكم من,False,0.8782033920288086,False,False
11954,alpha_075,ar-SA,zh-CN,وين المسرح في منطقتي,19,威尔士干酪配料列表,9,"

[User 0001]

السلام عليكم ورحمة الله وبركاته

هل يمكنكم إعطائي اسم المسرح في منط",False,0.8782033920288086,False,False
11954,random_zs,ar-SA,zh-CN,وين المسرح في منطقتي,19,威尔士干酪配料列表,9,"

[User 0001]

I'm trying to translate the following sentence:

""I'm trying to translate the following sentence:",False,0.8782033920288086,False,False
168,alpha_0,zh-CN,ar-SA,他们提供外卖吗,3,حطيت منبه يذكرني بحصة الرقص ولا لا,23,"？

请问有中文菜单吗？

请问有中文菜单吗？

请问有中文菜单吗？

请问有中文菜单吗？

请问有",False,0.7731637954711914,False,False
168,alpha_075,zh-CN,ar-SA,他们提供外卖吗,3,حطيت منبه يذكرني بحصة الرقص ولا لا,23,"؟

[User 0001]

Hola,

¿Alguien sabe si en el restaurante de la plaza de la Constitución de Madrid (calle de",True,0.7731637954711914,False,False
168,random_zs,zh-CN,ar-SA,他们提供外卖吗,3,حطيت منبه يذكرني بحصة الرقص ولا لا,23,"?

I'm not sure.

我也不知道。

I'm not sure.

我也不知道。

I'm not sure.

我",False,0.7731637954711914,False,False
2801,alpha_0,ar-SA,zh-CN,كم الساعة في الرياض,0,我想让你在电台打开中国之声,36,"

[User 0001]

السلام عليكم ورحمة الله وبركاته

هل يمكنكم إعطاء لي الساعة في الرياض؟",False,0.9928110837936401,True,False
2801,alpha_075,ar-SA,zh-CN,كم الساعة في الرياض,0,我想让你在电台打开中国之声,36,"， <strong>الوقت في الرياض</strong> هو <strong>10:00</strong>.

<h2>وقت في الرياض</h2>

<strong>الوقت في الرياض</strong> هو",False,0.9928110837936401,False,False
2801,random_zs,ar-SA,zh-CN,كم الساعة في الرياض,0,我想让你在电台打开中国之声,36,", 2019-09-11 11:00:00

<h2>

* Facebook
* Twitter
* LinkedIn",False,0.9928110837936401,False,False
9457,alpha_0,zh-CN,ar-SA,播放歌随他吧,45,سيارة طراز علوي,12,"

1. <strong>《</strong><strong>随他吧</strong><strong>》</strong>

  <strong>《随他吧》</strong>是2019年由中国",False,0.7339593768119812,False,False
9457,alpha_075,zh-CN,ar-SA,播放歌随他吧,45,سيارة طراز علوي,12,"
English: Play the song with him.",False,0.7339593768119812,False,False
9457,random_zs,zh-CN,ar-SA,播放歌随他吧,45,سيارة طراز علوي,12,"

[User 0001]

Hi,

I'm trying to translate the following sentence:

""You can play the song on your",False,0.7339593768119812,False,False
2540,alpha_0,ar-SA,zh-CN,خلي اضاءة الغرفة زرقا,1,这个月有几个台风,12," واختر لون اضاءة مناسبا

اختر لون اضاءة مناسبا

اختر لون اضاءة مناسبا

اختر لون ا",False,0.7707536220550537,True,False
2540,alpha_075,ar-SA,zh-CN,خلي اضاءة الغرفة زرقا,1,这个月有几个台风,12,"

[User 0001]

<b>خلي اضاءة الغرفة زرقا</b>

السلام عليكم ورحمة الله وبركات",False,0.7707536220550537,False,False
2540,random_zs,ar-SA,zh-CN,خلي اضاءة الغرفة زرقا,1,这个月有几个台风,12,"

[User 0001]

I'm trying to translate the following sentence:

""The light of the room is blue.""

I",False,0.7707536220550537,True,False
16430,alpha_0,zh-CN,ar-SA,给妈妈和爸爸发送邮件问他们怎么样,33,بعد هذا على فيسبوك الخاص بي لول,47,"。

Dear Mom and Dad,

How are you? I am fine. I am in the city now. I am going to visit my grandparents. I",False,0.6831186413764954,True,False
16430,alpha_075,zh-CN,ar-SA,给妈妈和爸爸发送邮件问他们怎么样,33,بعد هذا على فيسبوك الخاص بي لول,47,"

[User 0001]

Hi,

I'm trying to translate the following sentence:

""Give your mom and dad a call",False,0.6831186413764954,False,True
16430,random_zs,zh-CN,ar-SA,给妈妈和爸爸发送邮件问他们怎么样,33,بعد هذا على فيسبوك الخاص بي لول,47, - 100% 답변 100% 답변 100% 답변 100% 답,False,0.6831186413764954,False,False
7292,alpha_0,ar-SA,zh-CN,حط علامة بقائمتي اني مشغوله بكرة من الساعة أربعة للساعة ستة باليل,50,我可以在北京做什么,6,"

حط علامة بقائمتي اني مشغوله بكرة من الساعة أربعة للساعة ستة باليل

حط علامة بق",False,0.7780525088310242,True,False
7292,alpha_075,ar-SA,zh-CN,حط علامة بقائمتي اني مشغوله بكرة من الساعة أربعة للساعة ستة باليل,50,我可以在北京做什么,6,"

[User 0001]

<blockquote><b>
السلام عليكم ورحمة الله وبركاته
أريد أن أضع علامة بق",False,0.7780525088310242,False,False
7292,random_zs,ar-SA,zh-CN,حط علامة بقائمتي اني مشغوله بكرة من الساعة أربعة للساعة ستة باليل,50,我可以在北京做什么,6,".

<h2><strong>حط علامة بقائمتي</strong></h2>

حط علامة بقائمتي

حط علامة بقائمتي",False,0.7780525088310242,False,False
10757,alpha_0,zh-CN,ar-SA,我的购物清单上有什么,59,حط منبه على تسعة المسا,48,"？

我的购物清单上有什么？

我的购物清单上有什么？

我的购物清单上有什么？

我的购物清单上有什么？

我的购物",False,0.6619146466255188,True,False
10757,alpha_075,zh-CN,ar-SA,我的购物清单上有什么,59,حط منبه على تسعة المسا,48,"؟

[User 0001]

Hi,

I'm trying to translate the following sentence:

""What's on your shopping",True,0.6619146466255188,False,False
10757,random_zs,zh-CN,ar-SA,我的购物清单上有什么,59,حط منبه على تسعة المسا,48,가격이 1000000000000000000000000000,False,0.6619146466255188,False,False
4375,alpha_0,ar-SA,zh-CN,راجع كل التنبيهات,23,启用我的插头,24," التي تظهر على شاشة الكمبيوتر الخاص بك.

1. انقر فوق أي تنبيه.

2. انقر فوق <strong>إلغ",False,1.09352707862854,False,True
4375,alpha_075,ar-SA,zh-CN,راجع كل التنبيهات,23,启用我的插头,24,"

<h2><strong>1.</strong> <strong>The</strong> <strong>10</strong> <strong>Best</strong> <strong>Books</strong> <strong>on</strong> <strong>Leadership</strong></h2>",False,1.09352707862854,False,False
4375,random_zs,ar-SA,zh-CN,راجع كل التنبيهات,23,启用我的插头,24,":

* <strong>1.</strong> <strong>الاستخدامات</strong>
* <strong>2.</strong> <strong>الاستخدامات</strong>
* ",False,1.09352707862854,False,False
14354,alpha_0,zh-CN,ar-SA,宇宙的答案是什么,49,هل لدي أي طلبات صداقة جديدة,27,"？

宇宙的答案是什么？

宇宙的答案是什么？

宇宙的答案是什么？

宇宙的答案是什么？

宇宙的答案是什么？

",False,0.9303194284439087,False,False
14354,alpha_075,zh-CN,ar-SA,宇宙的答案是什么,49,هل لدي أي طلبات صداقة جديدة,27,"؟

宇宙的答案是什么？

宇宙的答案是什么？

宇宙的答案是什么？

宇宙的答案是什么？

宇宙的答案是什么？

",False,0.9303194284439087,False,False
14354,random_zs,zh-CN,ar-SA,宇宙的答案是什么,49,هل لدي أي طلبات صداقة جديدة,27,"?

[User 0001]

<b><i><u><b><i><b><i><b><i><b><i><b><i><b><i><b><i><b><i><b><i>",False,0.9303194284439087,False,False
2527,alpha_0,ar-SA,zh-CN,شغل classic rock,45,你能给我些建议么,12," radio station in the 1970s and 1980s, and was a member of the band The Outlaws. He was a",False,0.9470903873443604,False,False
2527,alpha_075,ar-SA,zh-CN,شغل classic rock,45,你能给我些建议么,12," radio

[User 0001]

I'm looking for a job in radio. I'm a 20 year old guy and",False,0.9470903873443604,False,False
2527,random_zs,ar-SA,zh-CN,شغل classic rock,45,你能给我些建议么,12, 100% 100% 100% 100% 100% 100% 1,False,0.9470903873443604,False,False
16178,alpha_0,zh-CN,ar-SA,今天来自 amazon 的任何邮件,44,ابغى وصفة للبسبوسة,9,"都显示为 spam，我尝试了以下方法，但没有解决问题：

1. 尝试在 Gmail 中启用“允许来自任何域的邮件",False,0.6646654009819031,True,False
16178,alpha_075,zh-CN,ar-SA,今天来自 amazon 的任何邮件,44,ابغى وصفة للبسبوسة,9," 都会被标记为垃圾邮件，所以你必须手动打开它。

我有一个问题，我需要在亚马逊上发送邮件，但它会标记",False,0.6646654009819031,True,False
16178,random_zs,zh-CN,ar-SA,今天来自 amazon 的任何邮件,44,ابغى وصفة للبسبوسة,9,", 然后我发现我有一个新的邮件, 然后我发现我有一个新的邮件, 然后我发现我有一个新的邮件, 然后我发现",False,0.6646654009819031,True,False
9565,alpha_0,ar-SA,zh-CN,راديو بدون توقف أغاني,36,告诉我你知道的关于树懒的一切,49," 2021

الراديو بدون توقف أغاني 2021 هو تطبيق مجاني للراديو بدون توقف أغاني ",False,1.0690093040466309,True,False
9565,alpha_075,ar-SA,zh-CN,راديو بدون توقف أغاني,36,告诉我你知道的关于树懒的一切,49," 100%

[User 0001]

<b>Radio 100%</b>

<b>Radio 100%</b>",False,1.0690093040466309,True,False
9565,random_zs,ar-SA,zh-CN,راديو بدون توقف أغاني,36,告诉我你知道的关于树懒的一切,49,".

[User 0001]

<b>
<b><b><b><b><b><b><b><b><b><b><b><b><b><b><b><b><b><b><b>",False,1.0690093040466309,False,False
2638,alpha_0,zh-CN,ar-SA,给我看看特朗普的新闻,22,سبعمائة,38,"，看看他到底在说什么。

特朗普在推特上说，他将与中国领导人会面，并表示，他将“在北京和",False,0.7278652191162109,False,False
2638,alpha_075,zh-CN,ar-SA,给我看看特朗普的新闻,22,سبعمائة,38,"

我看到一个新闻，说特朗普在推特上说，他将把美国从联合国撤出。

我看到一个新闻，说特朗普在",False,0.7278652191162109,False,False
2638,random_zs,zh-CN,ar-SA,给我看看特朗普的新闻,22,سبعمائة,38,"

<strong>1.</strong>

<strong>2.</strong>

<strong>3.</strong>

<strong>4.</strong>

<strong>5.</strong>

<strong>6.</strong>

<strong>",False,0.7278652191162109,False,False
8640,alpha_0,ar-SA,zh-CN,بكرة المكتبة,50,调低音箱音量,35, العامة في مدينة بكر، تأسست عام 1980م، وتقع في شارع الشيخ محمد بن زايد، وتضم مكتبة,False,1.0087223052978516,False,False
8640,alpha_075,ar-SA,zh-CN,بكرة المكتبة,50,调低音箱音量,35,"

<h2><strong>الكتاب</strong></h2>

<strong>الكتاب</strong>

<strong>الكتاب</strong>

<strong>الكتاب</strong>

<strong>الكتاب</strong>

<strong>الكتاب</strong>",False,1.0087223052978516,False,False
8640,random_zs,ar-SA,zh-CN,بكرة المكتبة,50,调低音箱音量,35,", 2019, 100000000000000000000000",False,1.0087223052978516,False,False
16266,alpha_0,zh-CN,ar-SA,给我的家人写封电子邮件说我爱你们,33,cancel كل مواعيدي بعد الساعة ثلاثة العصر اليوم وقل لي بالتفاصيل,30,，我爱你，我爱你，我爱你，我爱你，我爱你，我爱你，我爱你，我爱你，我爱你，我爱你，我,False,0.6336336731910706,False,False
16266,alpha_075,zh-CN,ar-SA,给我的家人写封电子邮件说我爱你们,33,cancel كل مواعيدي بعد الساعة ثلاثة العصر اليوم وقل لي بالتفاصيل,30,"

[User 0001]

I'm trying to write a letter to my family in China. I'm not sure how to say",False,0.6336336731910706,False,False
16266,random_zs,zh-CN,ar-SA,给我的家人写封电子邮件说我爱你们,33,cancel كل مواعيدي بعد الساعة ثلاثة العصر اليوم وقل لي بالتفاصيل,30,"

[User 0001]

I'm trying to translate this sentence into English.

I'm not sure if I should use """,False,0.6336336731910706,False,False
11107,alpha_0,ar-SA,zh-CN,وش القائمة الحالية حقي,59,删掉我的待办清单,53,"بة من 1000 دولار.

<h2>الاستخدامات</h2>

تستخدم الحقيبة في العديد من الأغراض، بما في ذلك",False,1.0679123401641846,False,False
11107,alpha_075,ar-SA,zh-CN,وش القائمة الحالية حقي,59,删掉我的待办清单,53,"قتا، فما هو المقصود من هذه القائمة؟

أولاً:

إن القائمة الحالية هي قائمة من القوانين التي",False,1.0679123401641846,False,False
11107,random_zs,ar-SA,zh-CN,وش القائمة الحالية حقي,59,删掉我的待办清单,53,"؟

[User 0001]

Hi,

I'm trying to translate the following sentence:

""What is the list of the",False,1.0679123401641846,False,False
1120,alpha_0,zh-CN,ar-SA,在政治上有什么特殊之处吗,22,يومي كان مليان شغل,12,"？

在政治上有什么特殊之处吗？

在政治上有什么特殊之处吗？

在政治上有什么特殊之处吗？

在政治上",False,0.7062533497810364,False,True
1120,alpha_075,zh-CN,ar-SA,在政治上有什么特殊之处吗,22,يومي كان مليان شغل,12,"؟

[User 0001]

<blockquote><b>
<b>
<b>
<b>
<b>
<b>
<b>
<b>
<b>
<b>
",True,0.7062533497810364,True,False
1120,random_zs,zh-CN,ar-SA,在政治上有什么特殊之处吗,22,يومي كان مليان شغل,12,"?

[User 0001]

<b>In politics, what is the difference between a ""party"" and a ""movement""?</b>

I",False,0.7062533497810364,False,True
10171,alpha_0,ar-SA,zh-CN,وش هي وصفة المطازيز,9,现在的天气预报,13,"؟

[User 0001]

السلام عليكم ورحمة الله وبركاته

هل يمكنكم شرح وصفة المطازيز؟",False,1.0303585529327393,False,False
10171,alpha_075,ar-SA,zh-CN,وش هي وصفة المطازيز,9,现在的天气预报,13,"，

<h2><strong>ما هو وصفة المطازيز</strong></h2>

<strong>المطازيز</strong> هي عبارة عن <strong>عصير</strong> من ",False,1.0303585529327393,True,False
10171,random_zs,ar-SA,zh-CN,وش هي وصفة المطازيز,9,现在的天气预报,13,"

[User 0001]

السلام عليكم ورحمة الله وبركاته

هل يمكنكم إعطاء وصفة لـ """,False,1.0303585529327393,False,False
16712,alpha_0,zh-CN,ar-SA,我有任何新的电子邮件吗,44,ماذا يعني حالة,26,"？

我正在尝试使用PHP的sendmail函数来发送电子邮件，但它似乎无法发送电子邮件。

我正在使用以下代码：

<code>$",False,0.6792803406715393,False,False
16712,alpha_075,zh-CN,ar-SA,我有任何新的电子邮件吗,44,ماذا يعني حالة,26,"؟

[User 0001]

I have a new email address. I'm not sure if I'm supposed to post it here",True,0.6792803406715393,False,False
16712,random_zs,zh-CN,ar-SA,我有任何新的电子邮件吗,44,ماذا يعني حالة,26,"
English: I have any new email",False,0.6792803406715393,True,False
14904,alpha_0,ar-SA,zh-CN,ليش الأسهم قاعة ترتفع أو تنخفض,4,拉斯维加斯现在几点,0,"؟

[User 0001]

السلام عليكم ورحمة الله وبركاته

هل يمكن أن تتحرك الأسهم في السوق",False,0.9338942766189575,False,False
14904,alpha_075,ar-SA,zh-CN,ليش الأسهم قاعة ترتفع أو تنخفض,4,拉斯维加斯现在几点,0,"

[User 0001]

السلام عليكم ورحمة الله وبركاته

هل يمكن أن يكون هذا الكلام صحيحا؟

",False,0.9338942766189575,False,False
14904,random_zs,ar-SA,zh-CN,ليش الأسهم قاعة ترتفع أو تنخفض,4,拉斯维加斯现在几点,0,".

<h2><strong>الاستثمار في الأسهم</strong></h2>

الأسهم هي سندات تملكها الشركة، وتتضمن حقوق الملكية على الشركة",False,0.9338942766189575,True,False
14646,alpha_0,zh-CN,ar-SA,告诉我今天到新泽西州最便宜的机票价格,2,ورني أحسن وصفة للمكرونة,9,"是多少？

我需要从纽约飞往新泽西州的机票，我需要从纽约飞往新泽西州的机票，我",False,0.6175967454910278,True,False
14646,alpha_075,zh-CN,ar-SA,告诉我今天到新泽西州最便宜的机票价格,2,ورني أحسن وصفة للمكرونة,9,"是多少？

我需要从纽约飞往纽约的机票。

我需要从纽约飞往纽约的机票。

我需要从纽约飞",False,0.6175967454910278,True,False
14646,random_zs,zh-CN,ar-SA,告诉我今天到新泽西州最便宜的机票价格,2,ورني أحسن وصفة للمكرونة,9,"。

我今天到新泽西州最便宜的机票价格。

我今天到新泽西州最便宜的机票价格。

",False,0.6175967454910278,True,False
12306,alpha_0,ar-SA,zh-CN,الدرجة الأولى قطار ينبع,2,alexa 更换广播电台,36," - الرياض

الدرجة الثانية قطار ينبع - الرياض

الدرجة الثالثة قطار ينبع - الرياض

الدرجة الرابعة",False,0.9484235644340515,False,False
12306,alpha_075,ar-SA,zh-CN,الدرجة الأولى قطار ينبع,2,alexa 更换广播电台,36,的火车站，在火车站的对面，是火车站的对面，是火车站的对面，是火车站的对面，是火车站的,True,0.9484235644340515,False,False
12306,random_zs,ar-SA,zh-CN,الدرجة الأولى قطار ينبع,2,alexa 更换广播电台,36,"

[User 0001]

I'm trying to translate the following sentence:

""The first thing I did was to go to the",False,0.9484235644340515,False,False
11343,alpha_0,zh-CN,ar-SA,继续下一集的舒克与桃花,58,contra,51,，舒克的桃花，舒克的桃花，舒克的桃花，舒克的桃花，舒克的桃花，舒克的桃花，舒,False,0.8283029794692993,False,False
11343,alpha_075,zh-CN,ar-SA,继续下一集的舒克与桃花,58,contra,51,", 因为我太喜欢这个剧了, 而且我太喜欢这个剧了, 而且我太喜欢这个剧了, 而且我太",False,0.8283029794692993,False,False
11343,random_zs,zh-CN,ar-SA,继续下一集的舒克与桃花,58,contra,51,", 100% 100% 100% 100% 100% 100% ",False,0.8283029794692993,False,False
2408,alpha_0,ar-SA,zh-CN,دور على أغاني كمان من الفرقة هاذي,45,五点叫我起床,48,"
الفرقة دي كانت في ايه
الفرقة دي كانت في ايه
الفرقة دي كانت في ايه
الفرقة دي",False,0.9619575142860413,False,False
2408,alpha_075,ar-SA,zh-CN,دور على أغاني كمان من الفرقة هاذي,45,五点叫我起床,48,"

[User 0001]

<blockquote><b>
</b>
<b>
</b>
<b>
</b>
<b>
</b>
<b>
</b>
<b>",False,0.9619575142860413,False,False
2408,random_zs,ar-SA,zh-CN,دور على أغاني كمان من الفرقة هاذي,45,五点叫我起床,48,".

[User 0001]

<blockquote><b>

<blockquote><b>

<blockquote><b>

<blockquote><b>

<blockquote><b>

<blockquote><b>

<blockquote><b>

",False,0.9619575142860413,False,False
8666,alpha_0,zh-CN,ar-SA,删掉我的日历中的所有事件,30,وش هي الأيام الي حجزتها,32,"，然后重新打开它。

我有一个日历，它包含一个事件，我需要删除它。

我尝试了以下代码，但它没有",False,0.6689882874488831,False,False
8666,alpha_075,zh-CN,ar-SA,删掉我的日历中的所有事件,30,وش هي الأيام الي حجزتها,32,".

Delete all events from my calendar.

<h2>问题描述</h2>

我有一个日历，它包含许多事件，我需要删除所有这些事件。",False,0.6689882874488831,True,False
8666,random_zs,zh-CN,ar-SA,删掉我的日历中的所有事件,30,وش هي الأيام الي حجزتها,32, 11/11/2019 11/11/2019 by 11/11/20,False,0.6689882874488831,False,False
10827,alpha_0,ar-SA,zh-CN,امسح قائمة البقالة,53,一小时后告诉我选举的最新进展,50, من الورق والورق، وامسحها من الورق والورق، وامسحها من الورق والور,False,0.8918003439903259,True,False
10827,alpha_075,ar-SA,zh-CN,امسح قائمة البقالة,53,一小时后告诉我选举的最新进展,50,"

[User 0001]

السلام عليكم ورحمة الله وبركاته

هل يمكنني أن أكتب ""امسح قائمة",False,0.8918003439903259,False,False
10827,random_zs,ar-SA,zh-CN,امسح قائمة البقالة,53,一小时后告诉我选举的最新进展,50,"

[User 0001]

السلام عليكم ورحمة الله وبركاته

هل يمكنني أن أكتب ""امسح قائمة",False,0.8918003439903259,False,False
2703,alpha_0,zh-CN,ar-SA,请播放民歌,45,بسرعة,14,"《我的祖国》

<strong>一、</strong><strong>背景</strong>

<strong>1、</strong><strong>背景</strong>

<strong>1.1、</strong><strong>背景</strong>

<strong>",False,0.7374335527420044,False,False
2703,alpha_075,zh-CN,ar-SA,请播放民歌,45,بسرعة,14,"

<strong>1.</strong>

<strong>2.</strong>

<strong>3.</strong>

<strong>4.</strong>

<strong>5.</strong>

<strong>6.</strong>

<strong>",False,0.7374335527420044,False,False
2703,random_zs,zh-CN,ar-SA,请播放民歌,45,بسرعة,14,", 1980s, 1990s, 2000s, 2010s, 20",False,0.7374335527420044,False,False
8795,alpha_0,ar-SA,zh-CN,ورني المنبهات المعلقة,32,韩梅梅需要和我谈谈我们离婚的事你能在我有空的时候安排一个会谈吗,50, في الجدران، وورني المنبهات المعلقة في الجدران، وورني المنبهات المعلقة في الجدران، و,False,1.180923342704773,False,False
8795,alpha_075,ar-SA,zh-CN,ورني المنبهات المعلقة,32,韩梅梅需要和我谈谈我们离婚的事你能在我有空的时候安排一个会谈吗,50, في الجبال، ويرى البعض أن هذه الأجواء المحيطة بالجبال هي من أسباب تكوينها، ويرى آخرون,False,1.180923342704773,False,False
8795,random_zs,ar-SA,zh-CN,ورني المنبهات المعلقة,32,韩梅梅需要和我谈谈我们离婚的事你能在我有空的时候安排一个会谈吗,50,", 2019-09-11

<h2><strong>أهمية التغذية الصحيحة</strong></h2>

تعتبر التغذية",False,1.180923342704773,False,False
2921,alpha_0,zh-CN,ar-SA,中国新闻网上有什么新闻,22,هل يجب أن أرتدي حذاء مع رباط,13,"？

中国新闻网是国家新闻出版广电总局下属的新闻出版机构，是国家新闻出版广电总局新闻出版司下",False,0.7329670786857605,True,False
2921,alpha_075,zh-CN,ar-SA,中国新闻网上有什么新闻,22,هل يجب أن أرتدي حذاء مع رباط,13,"؟

中国新闻网是国家新闻出版广电总局下属的新闻出版机构，是中国新闻网的官方网站。中国新闻网是国家",False,0.7329670786857605,True,False
2921,random_zs,zh-CN,ar-SA,中国新闻网上有什么新闻,22,هل يجب أن أرتدي حذاء مع رباط,13,"?

中国新闻网是国家新闻出版广电总局下属的新闻出版机构，是国家新闻出版广电总局新闻出版司下",False,0.7329670786857605,True,False
448,alpha_0,ar-SA,zh-CN,run coffee maker with vinegar,56,六月二十到二十五日开始的会议,32,"

[User 0001]

I have a 10 year old coffee maker that I want to clean out. I have read that vinegar",False,0.7963008284568787,False,False
448,alpha_075,ar-SA,zh-CN,run coffee maker with vinegar,56,六月二十到二十五日开始的会议,32," 100% natural and organic.

The coffee maker is a device that is used to make coffee. It is a device that is used to make",False,0.7963008284568787,True,False
448,random_zs,ar-SA,zh-CN,run coffee maker with vinegar,56,六月二十到二十五日开始的会议,32, 100% 100% 100% 100% 100% 100% 1,False,0.7963008284568787,False,False
12604,alpha_0,zh-CN,ar-SA,我怎样在网上订火车票,42,حط منبه لستة ونص الصباح,48,"？

1. 首先，您需要在网上注册一个账号。

2. 然后，您需要在网上注册一个账号。

3.",False,0.689507007598877,False,False
12604,alpha_075,zh-CN,ar-SA,我怎样在网上订火车票,42,حط منبه لستة ونص الصباح,48,"؟

1. 首先，您需要在网上注册一个帐户。

2. 然后，您需要在网上注册一个帐户。

3.",False,0.689507007598877,False,False
12604,random_zs,zh-CN,ar-SA,我怎样在网上订火车票,42,حط منبه لستة ونص الصباح,48,"
English: How to book a train ticket online?",False,0.689507007598877,False,False
473,alpha_0,ar-SA,zh-CN,شغل بحبك وحشتيني,45,从神雕侠侣第五章开始,20,"

[User 0001]

السلام عليكم ورحمة الله وبركاته

هل يمكن ان يكون هذا الكلام من قبيل الش",False,1.293002963066101,False,False
473,alpha_075,ar-SA,zh-CN,شغل بحبك وحشتيني,45,从神雕侠侣第五章开始,20,"

[User 0001]

السلام عليكم ورحمة الله وبركاته

انا بحاول ان اكتب قصه عن شخص ما",False,1.293002963066101,False,False
473,random_zs,ar-SA,zh-CN,شغل بحبك وحشتيني,45,从神雕侠侣第五章开始,20,"

[User 0001]

היי,
אני רוצה להגיד שזה לא נכון, אבל אני לא יודעת איך לה",False,1.293002963066101,False,False
1266,alpha_0,zh-CN,ar-SA,如果现在是柏林时间早上五点那么这里几点,38,ما هو حجم حوت العنبر,49,"呢？

如果现在是柏林时间早上五点那么这里几点呢？

如果现在是柏林时间早上五点那么这里几点呢？",False,0.6452373266220093,True,False
1266,alpha_075,zh-CN,ar-SA,如果现在是柏林时间早上五点那么这里几点,38,ما هو حجم حوت العنبر,49,"

[User 0001]

<blockquote>我以为是柏林时间早上五点</blockquote>

我以为是柏林时间早上五点
",False,0.6452373266220093,True,False
1266,random_zs,zh-CN,ar-SA,如果现在是柏林时间早上五点那么这里几点,38,ما هو حجم حوت العنبر,49,"钟是
If it is now Berlin time, what time is it now?
- 现在是五点。
- It's five o'",False,0.6452373266220093,True,False
5552,alpha_0,ar-SA,zh-CN,توصيل,3,请打开所有的灯,18," سريع:

1. يرجى التأكد من أن عنوانك هو عنوان DHL.

2. يرجى التأكد من أن عنوانك هو",False,1.157017707824707,False,False
5552,alpha_075,ar-SA,zh-CN,توصيل,3,请打开所有的灯,18,":

1. 1. 1. 1. 1. 1. 1. 1. 1. 1. ",False,1.157017707824707,False,False
5552,random_zs,ar-SA,zh-CN,توصيل,3,请打开所有的灯,18, de 100% de la calidad de la imagen de la imagen de la imagen de la imagen de la imagen de la imagen de la imagen de la,False,1.157017707824707,False,False
11860,alpha_0,zh-CN,ar-SA,告诉我当地的展会,6,n. p. r. and play them out of my speakers,36,"，我将去。

我将去。

我将去。

我将去。

我将去。

我将去。

我",False,0.8528403639793396,False,False
11860,alpha_075,zh-CN,ar-SA,告诉我当地的展会,6,n. p. r. and play them out of my speakers,36,"，我将前往。

我将前往。

我将前往。

我将前往。

我将前往。

我将前往。

我",False,0.8528403639793396,False,False
11860,random_zs,zh-CN,ar-SA,告诉我当地的展会,6,n. p. r. and play them out of my speakers,36,"

[User 0001]

Hi,

I'm trying to translate the following sentence:

""I'm trying to find out",False,0.8528403639793396,False,False
10321,alpha_0,ar-SA,zh-CN,ابغى ألعب fifa سبعطعش,51,这个城市在治安方面有多安全,13,"

[User 0001]

السلام عليكم ورحمة الله وبركاته

انا من الممكن ان ألعب fifa سبعطع",False,0.920741081237793,False,False
10321,alpha_075,ar-SA,zh-CN,ابغى ألعب fifa سبعطعش,51,这个城市在治安方面有多安全,13,"，

<h2><strong>اللعب</strong></h2>

اللعب هو لعبة رياضية أو ممارسة تهدف إلى إثارة الحماس والمتعة",False,0.920741081237793,True,False
10321,random_zs,ar-SA,zh-CN,ابغى ألعب fifa سبعطعش,51,这个城市在治安方面有多安全,13,", 100% 100% 100% 100% 100% 100% ",False,0.920741081237793,False,False
9263,alpha_0,zh-CN,ar-SA,打开收音机应用程序,36,كم مدة اجتماع الغدا يوم الثلاثاء,32,"，然后点击“播放”按钮。

在“播放”窗口中，您可以选择要播放的歌曲。

点击“播放”按钮，歌曲将",False,0.8236439228057861,False,False
9263,alpha_075,zh-CN,ar-SA,打开收音机应用程序,36,كم مدة اجتماع الغدا يوم الثلاثاء,32,"

<h2><strong>1.</strong> <strong>打开收音机应用程序</strong></h2>

打开收音机应用程序，然后点击“<strong>设置</strong>”按钮。

",False,0.8236439228057861,True,False
9263,random_zs,zh-CN,ar-SA,打开收音机应用程序,36,كم مدة اجتماع الغدا يوم الثلاثاء,32,"

[User 0001]

I'm trying to find a way to open a file in a program. I've tried using the",False,0.8236439228057861,False,False
2296,alpha_0,ar-SA,zh-CN,خلني على اطلاع على المعطيات مع أسعار البورصة حق اليوم,22,我想在梅江饭店餐厅点一份满洲鸡汤当午餐,16,، وبالطبع مع أسعار النفط، وبالطبع مع أسعار الدولار، وبالطبع مع أسعار الفائدة، و,False,0.9987928867340088,False,False
2296,alpha_075,ar-SA,zh-CN,خلني على اطلاع على المعطيات مع أسعار البورصة حق اليوم,22,我想在梅江饭店餐厅点一份满洲鸡汤当午餐,16,， <strong>أفضل شركة تداول</strong> <strong>بورصة</strong> <strong>السعودية</strong> <strong>2022</strong>، <strong>أفضل,False,0.9987928867340088,False,False
2296,random_zs,ar-SA,zh-CN,خلني على اطلاع على المعطيات مع أسعار البورصة حق اليوم,22,我想在梅江饭店餐厅点一份满洲鸡汤当午餐,16,".

<h2><strong>What is the best way to invest in the stock market?</strong></h2>

The stock market is a great way to invest your money. It",False,0.9987928867340088,False,False
9233,alpha_0,zh-CN,ar-SA,打开喜马拉雅,36,حقي عادي شغل,11,"APP，点击首页右上角的“我的”，点击“我的订阅”，即可看到订阅的全部内容。

喜马拉雅APP订阅功能，是",False,0.8123925924301147,False,False
9233,alpha_075,zh-CN,ar-SA,打开喜马拉雅,36,حقي عادي شغل,11,"

点击“我的”

点击“我的收藏”

点击“我的收藏”

点击“我的收藏”

点击“我的收藏”

点击“",False,0.8123925924301147,False,False
9233,random_zs,zh-CN,ar-SA,打开喜马拉雅,36,حقي عادي شغل,11," <strong>https://www.ximalaya.com/</strong>

<strong>点击“订阅”</strong>

<strong>点击“播放”</strong>

<strong>点击“分享",False,0.8123925924301147,False,False
10738,alpha_0,ar-SA,zh-CN,ممكن تضيف حاجة على قائمة البقالة,21,斯蒂芬·库里结婚了吗,49," اللي بتكون فيها كل حاجة لازم تكون في البقالة اللي بتكون في كل مكان في العالم
English: You can add something to the list",False,0.6828159689903259,False,False
10738,alpha_075,ar-SA,zh-CN,ممكن تضيف حاجة على قائمة البقالة,21,斯蒂芬·库里结婚了吗,49,"

[User 0001]

<blockquote><b>
السلام عليكم ورحمة الله وبركاته

أريد أن أضيف حاجة على",False,0.6828159689903259,False,False
10738,random_zs,ar-SA,zh-CN,ممكن تضيف حاجة على قائمة البقالة,21,斯蒂芬·库里结婚了吗,49,"?

[User 0001]

Hola,

I'm trying to add a new item to the list of things that can be bought",False,0.6828159689903259,False,False
6227,alpha_0,zh-CN,ar-SA,我今天要去工作,12,ما هو اثنا عشر زائد مائة وستة وتسعون,39,，我今天要去工作，我今天要去工作，我今天要去工作，我今天要去工作，我今天要去工作，我今天要去工作，我,False,0.6712781190872192,True,False
6227,alpha_075,zh-CN,ar-SA,我今天要去工作,12,ما هو اثنا عشر زائد مائة وستة وتسعون,39,"

我今天要去工作

我今天要去工作

我今天要去工作

我今天要去工作

我今天要去工作

我今天要去工作

我",False,0.6712781190872192,True,False
6227,random_zs,zh-CN,ar-SA,我今天要去工作,12,ما هو اثنا عشر زائد مائة وستة وتسعون,39,", maar ik heb geen idee wat ik moet doen.

Ik heb een paar ideeën, maar ik weet niet of ze goed zijn.

Ik heb een",False,0.6712781190872192,True,False
11125,alpha_0,ar-SA,zh-CN,أعطيني تفاصيل الطلبية اللي شريتها,59,播放播客姐妹悄悄話,58," منك
English: Give me the details of the order you sent me",False,1.0093883275985718,False,False
11125,alpha_075,ar-SA,zh-CN,أعطيني تفاصيل الطلبية اللي شريتها,59,播放播客姐妹悄悄話,58,"
English: Give me the details of the order you want to place",False,1.0093883275985718,False,False
11125,random_zs,ar-SA,zh-CN,أعطيني تفاصيل الطلبية اللي شريتها,59,播放播客姐妹悄悄話,58," 100%

[User 0001]

I'm trying to translate this sentence. I'm not sure if I should",False,1.0093883275985718,False,False
16772,alpha_0,zh-CN,ar-SA,显示所有关于违规的电子邮件,44,ارسل رسالة تضحك لكل صديقاتي,47,"。

<h2><strong>什么是违规电子邮件？</strong></h2>

违规电子邮件是发送给客户或潜在客户的电子邮件，这些电子邮件违反了任何法律",False,0.8620647192001343,True,False
16772,alpha_075,zh-CN,ar-SA,显示所有关于违规的电子邮件,44,ارسل رسالة تضحك لكل صديقاتي,47,"

[User 0001]

I have a list of emails that are flagged as spam. I want to be able to see all of the",False,0.8620647192001343,False,False
16772,random_zs,zh-CN,ar-SA,显示所有关于违规的电子邮件,44,ارسل رسالة تضحك لكل صديقاتي,47, iMessage iMessage er en av de mest populære appene for å sende tekstmeldinger og bilder til venner og familie. Men i noen tilfeller kan,False,0.8620647192001343,False,False
2704,alpha_0,ar-SA,zh-CN,خلنا نسمع شوية روك اوكي,45,杨颖离开黄晓明了吗,49,"

[User 0001]

<b>
<b><b><b><b><b><b><b><b><b><b><b><b><b><b><b><b><b><b><b><b>",False,1.065807580947876,False,False
2704,alpha_075,ar-SA,zh-CN,خلنا نسمع شوية روك اوكي,45,杨颖离开黄晓明了吗,49,"

[User 0001]

<blockquote><b>
<b>
<b>
<b>
<b>
<b>
<b>
<b>
<b>
<b>
<b>",False,1.065807580947876,False,False
2704,random_zs,ar-SA,zh-CN,خلنا نسمع شوية روك اوكي,45,杨颖离开黄晓明了吗,49,"
English: We'll listen to a little rock and roll.",False,1.065807580947876,False,False
9718,alpha_0,zh-CN,ar-SA,继续播放白鹿原,20,قطار تذكرة الدمام,2,"，今天是第10集，今天要讲的是白鹿原的“白鹿原之恋”

白鹿原的“白鹿原",False,0.7881982326507568,False,False
9718,alpha_075,zh-CN,ar-SA,继续播放白鹿原,20,قطار تذكرة الدمام,2,"

白鹿原

白鹿原

白鹿原

白鹿原

白鹿原

白鹿原

白鹿原

白鹿原",False,0.7881982326507568,False,False
9718,random_zs,zh-CN,ar-SA,继续播放白鹿原,20,قطار تذكرة الدمام,2,"

[User 0001]

<blockquote>我看了下，好像有很多人说，这个剧的剧情和人物设定，和原著有",False,0.7881982326507568,False,False
6376,alpha_0,ar-SA,zh-CN,ايش أفضل فيلم سعودي من سنة ألفين وستطعش,55,谷歌现在的价格是多少,4,"؟

[User 0001]

<blockquote>الفيلم اللي بيحكي عن شاب سعودي بيحاول ان يوصل للي ع",False,0.6990553140640259,False,False
6376,alpha_075,ar-SA,zh-CN,ايش أفضل فيلم سعودي من سنة ألفين وستطعش,55,谷歌现在的价格是多少,4,"

[User 0001]

<blockquote><b>الفيلم الذي يعتبر من افضل الافلام السعودية</b>

<b>الفيلم الذي يعتبر من",False,0.6990553140640259,True,False
6376,random_zs,ar-SA,zh-CN,ايش أفضل فيلم سعودي من سنة ألفين وستطعش,55,谷歌现在的价格是多少,4,"

[User 0001]

<blockquote>الفيلم اللي بيحصل على 100% على موقع rotten tomatoes</blockquote>

الفيلم اللي",False,0.6990553140640259,True,False
6967,alpha_0,zh-CN,ar-SA,你能核实一下这个问题的事实吗,32,أنا أحب أغاني محمد عبدة تكفى شغلها,43,"？

我发现这个网站的评论都是假的，我怀疑这个网站是假的。

我发现这个网站的评论都是假的，我怀疑这个网站",False,0.706797182559967,False,False
6967,alpha_075,zh-CN,ar-SA,你能核实一下这个问题的事实吗,32,أنا أحب أغاني محمد عبدة تكفى شغلها,43,"؟

<blockquote>  Quote

 

 

 

 

 

 

 

 

 

 

 

 

 

",True,0.706797182559967,False,False
6967,random_zs,zh-CN,ar-SA,你能核实一下这个问题的事实吗,32,أنا أحب أغاني محمد عبدة تكفى شغلها,43,"?

<blockquote><strong>1.</strong> <strong>1.</strong> <strong>1.</strong> <strong>1.</strong> <strong>1.</strong> <strong>1.</strong>",False,0.706797182559967,False,False
7528,alpha_0,ar-SA,zh-CN,يوم ثلاثطعش صفر هو يوم حفل التخرج من الجامعة لو سمحت ضيفه,50,描述计算机硬盘,26,".

يوم الثلاثي عشرة صفر هو يوم حفل التخرج من الجامعة لو سمحت ضيفه.

يوم الثلاثي عشرة",False,0.6421316266059875,True,False
7528,alpha_075,ar-SA,zh-CN,يوم ثلاثطعش صفر هو يوم حفل التخرج من الجامعة لو سمحت ضيفه,50,描述计算机硬盘,26,"们。

我今天要介绍的这个蛋糕是三层蛋糕，中间是巧克力蛋糕，外层是红豆蛋糕，最外层是巧克力",True,0.6421316266059875,False,False
7528,random_zs,ar-SA,zh-CN,يوم ثلاثطعش صفر هو يوم حفل التخرج من الجامعة لو سمحت ضيفه,50,描述计算机硬盘,26,".

<h2><strong>ما هو يوم ثلاثطعش</strong></h2>

يوم ثلاثطعش هو يوم حفل التخرج من الجامعة.

<h2><strong>تاريخ",False,0.6421316266059875,False,False
13400,alpha_0,zh-CN,ar-SA,给所有我的朋友发一个好玩儿的信息,47,ارسل ايميل عشان أروى وخبرها اننا في الطريق,33,"，大家一起玩玩看。

1. 今天是星期几？

2. 今天是星期几？

3. 今天是星期",False,0.656957745552063,False,False
13400,alpha_075,zh-CN,ar-SA,给所有我的朋友发一个好玩儿的信息,47,ارسل ايميل عشان أروى وخبرها اننا في الطريق,33,"

[User 0001]

<b>给所有我的朋友发一个好玩儿的信息</b>

<b>给所有我的朋友发一个好玩儿的信息",False,0.656957745552063,True,False
13400,random_zs,zh-CN,ar-SA,给所有我的朋友发一个好玩儿的信息,47,ارسل ايميل عشان أروى وخبرها اننا في الطريق,33,"

1. 1. 1. 1. 1. 1. 1. 1. 1. 1. 1",False,0.656957745552063,False,False
3050,alpha_0,ar-SA,zh-CN,change my light color blue to turn off kitchen light,1,设置一个体育赛事的通知,50,"

[User 0001]

I have a kitchen light that is on a switch that is on a wall plate. I want to change the",False,0.6615726351737976,False,False
3050,alpha_075,ar-SA,zh-CN,change my light color blue to turn off kitchen light,1,设置一个体育赛事的通知,50,"

[User 0001]

I have a kitchen light that is on a switch that is on a dimmer. I want to change the color",False,0.6615726351737976,True,False
3050,random_zs,ar-SA,zh-CN,change my light color blue to turn off kitchen light,1,设置一个体育赛事的通知,50, color blue to turn off kitchen light color blue to turn off kitchen light color blue to turn off kitchen light color blue to turn off kitchen light color blue to turn,False,0.6615726351737976,True,False
14673,alpha_0,zh-CN,ar-SA,你可以告诉我关于亚马逊森林里的动物王国吗,12,من فضلك اكتم لمدة خمس دقايق,46,"？

亚马逊森林是世界上最大的热带雨林，位于南美洲亚马逊河的流域。亚马逊森林是世界上最丰富的生物多样性地区之一",False,0.6080440878868103,False,False
14673,alpha_075,zh-CN,ar-SA,你可以告诉我关于亚马逊森林里的动物王国吗,12,من فضلك اكتم لمدة خمس دقايق,46,"؟

亚马逊森林里的动物王国

亚马逊森林里的动物王国

亚马逊森林里的动物王国

亚马逊森林里的动物王国

亚马逊森林里的动物王国

",False,0.6080440878868103,True,False
14673,random_zs,zh-CN,ar-SA,你可以告诉我关于亚马逊森林里的动物王国吗,12,من فضلك اكتم لمدة خمس دقايق,46,"?

Amazon Forest Kingdom is a place where you can find a lot of animals. You can see a lot of animals in the Amazon Forest Kingdom.

Amazon",False,0.6080440878868103,False,False
9062,alpha_0,ar-SA,zh-CN,ممكن تسجل عيد ميلاد بشاير يوم اثنين وعشرين يونيو,50,播放我的电台,36," 2019

ممكن تسجل عيد ميلاد بشاير يوم اثنين وعشرين يونيو 2019

ممكن تسجل عيد",False,0.6618145108222961,True,False
9062,alpha_075,ar-SA,zh-CN,ممكن تسجل عيد ميلاد بشاير يوم اثنين وعشرين يونيو,50,播放我的电台,36,"嗎？

[User 0001]

السلام عليكم ورحمة الله وبركاته

هل يمكن تسجيل عيد ميلاد بشاير",False,0.6618145108222961,False,False
9062,random_zs,ar-SA,zh-CN,ممكن تسجل عيد ميلاد بشاير يوم اثنين وعشرين يونيو,50,播放我的电台,36," 2019

[User 0001]

<blockquote><b>ممكن تسجل عيد ميلاد بشاير يوم اثنين وعشرين يونيو",False,0.6618145108222961,True,False
2679,alpha_0,zh-CN,ar-SA,温度是会保持不变呢还是会更低,13,ذكرني لو سمحت,50,"呢？

温度是会保持不变呢还是会更低呢？

温度是会保持不变呢还是会更低呢？

温度是会",False,0.7854211926460266,True,False
2679,alpha_075,zh-CN,ar-SA,温度是会保持不变呢还是会更低,13,ذكرني لو سمحت,50,"؟

温度是会保持不变呢还是会更低？

温度是会保持不变呢还是会更低？

温度是会保持不变呢",False,0.7854211926460266,True,False
2679,random_zs,zh-CN,ar-SA,温度是会保持不变呢还是会更低,13,ذكرني لو سمحت,50,".

<h2>1. 温度</h2>

温度是会保持不变的，因为温度是物体内部的能量分布，而能量是不会变的。",False,0.7854211926460266,False,False
5427,alpha_0,ar-SA,zh-CN,ما هو الوقت في السعودية الآن,0,这个月二十三号星期几,0,"؟

[User 0001]

ما هو الوقت في السعودية الآن؟
 

[User 0002]

<b>ما",False,0.9044987559318542,False,False
5427,alpha_075,ar-SA,zh-CN,ما هو الوقت في السعودية الآن,0,这个月二十三号星期几,0,"؟

[User 0001]

ما هو الوقت في السعودية الآن؟
 

[User 0002]

<b>الس",False,0.9044987559318542,False,False
5427,random_zs,ar-SA,zh-CN,ما هو الوقت في السعودية الآن,0,这个月二十三号星期几,0,", <strong>ما هو الوقت في السعودية الآن</strong>, <strong>ما هو الوقت في السعودية الآن</strong>, <strong>ما هو الوقت في السعودية الآن</strong>, ",False,0.9044987559318542,False,False
16701,alpha_0,zh-CN,ar-SA,我想回复莎拉的电子邮件,33,كم قائمة عندي,59,"，但是我无法找到她的电子邮件地址。我从她的网站上找到了她的电子邮件地址，但是当我尝试发送电子邮件时，我收到错误消息。

",False,0.6319564580917358,False,False
16701,alpha_075,zh-CN,ar-SA,我想回复莎拉的电子邮件,33,كم قائمة عندي,59,"
English: I want to reply to Sarah's email",False,0.6319564580917358,True,False
16701,random_zs,zh-CN,ar-SA,我想回复莎拉的电子邮件,33,كم قائمة عندي,59,"

[User 0001]

I'm trying to translate the following sentence:

""I'm trying to reply to your email.""",False,0.6319564580917358,False,False
10824,alpha_0,ar-SA,zh-CN,أولي امسح القائمة,53,喂台湾省台北市今天的天气怎么样,13," من الذاكرة.

أولاً، أود أن أقول إنني لا أريد أن أكون من بين هؤلاء الذين يعتقدون أنهم",False,0.981683611869812,False,False
10824,alpha_075,ar-SA,zh-CN,أولي امسح القائمة,53,喂台湾省台北市今天的天气怎么样,13,"

[User 0001]

السلام عليكم ورحمة الله وبركاته

أولاً:

أريد أن أكتب قائمة",False,0.981683611869812,False,False
10824,random_zs,ar-SA,zh-CN,أولي امسح القائمة,53,喂台湾省台北市今天的天气怎么样,13,"

[User 0001]

I'm trying to translate the following sentence:

""I'm trying to translate the following sentence:",False,0.981683611869812,False,False
7946,alpha_0,zh-CN,ar-SA,青岛即将举行的音乐会有什么,32,شوف الإيميلات,44,"值得期待的？

青岛音乐会，是青岛市文化和旅游局、青岛市人民政府文化和旅游局、青岛市文化艺术中心、",False,0.669808030128479,False,False
7946,alpha_075,zh-CN,ar-SA,青岛即将举行的音乐会有什么,32,شوف الإيميلات,44,"ميزه؟

青岛音乐会，是青岛市文化局举办的音乐会，是青岛市文化局举办的音乐会，是青岛市",False,0.669808030128479,False,False
7946,random_zs,zh-CN,ar-SA,青岛即将举行的音乐会有什么,32,شوف الإيميلات,44,"مůžete dělat v <strong>Klagenfurt</strong>?

<strong>Klagenfurt</strong> is a city in the Austrian state of Carinthia. It",True,0.669808030128479,False,False
7170,alpha_0,ar-SA,zh-CN,اليوم عيد ميلاد أمي ارسل لي إشعار كل عام في نفس التاريخ,50,提醒即将和周杰伦一起的会议,50, عيد ميلادك و عيد ميلادك في نفس التاريخ عيد ميلادك عيد ميلادك عيد ميلادك عيد ميلادك عيد ميلادك,False,0.6361506581306458,True,True
7170,alpha_075,ar-SA,zh-CN,اليوم عيد ميلاد أمي ارسل لي إشعار كل عام في نفس التاريخ,50,提醒即将和周杰伦一起的会议,50,，生日快乐，生日快乐，生日快乐，生日快乐，生日快乐，生日快乐，生日快乐，生日快乐，生日快乐，生日快乐，生日,True,0.6361506581306458,False,False
7170,random_zs,ar-SA,zh-CN,اليوم عيد ميلاد أمي ارسل لي إشعار كل عام في نفس التاريخ,50,提醒即将和周杰伦一起的会议,50,".

الآن أريد أن أقول لك:

أنت من أجمل الأشياء التي أدركتها في حياتي.

أنت من",False,0.6361506581306458,False,False
2373,alpha_0,zh-CN,ar-SA,歌曲信息,57,الرابع من كانون الأول,32,"：

歌手：张学友

专辑：张学友

歌曲名称：我爱你

歌曲类型：粤语

歌曲风格：情歌

",False,0.8528791069984436,True,False
2373,alpha_075,zh-CN,ar-SA,歌曲信息,57,الرابع من كانون الأول,32,":
الاسم: <b>أغنية من قلبك</b>
الاسم باللغة العربية: <b>أغنية من قلبك</b>
ال",True,0.8528791069984436,False,False
2373,random_zs,zh-CN,ar-SA,歌曲信息,57,الرابع من كانون الأول,32, P.S. I Love You 2007年上映的电影，由凯特·温斯洛、克里斯·托马斯、,False,0.8528791069984436,False,False
16225,alpha_0,ar-SA,zh-CN,افتح جهات الاتصال,15,不要播放摇滚金属,7," في تطبيق WhatsApp على جهاز الكمبيوتر الخاص بك.

قم بتنزيل ملف APK من موقعنا.

قم بتثبيت ملف APK على جهاز الكمبيوتر",False,1.0480784177780151,False,False
16225,alpha_075,ar-SA,zh-CN,افتح جهات الاتصال,15,不要播放摇滚金属,7,"

<h2><strong>تطبيق</strong></h2>

* <strong>تطبيق</strong> <strong>WhatsApp</strong> <strong>:</strong>

  * <strong>تطبيق</strong> <strong>",False,1.0480784177780151,False,False
16225,random_zs,ar-SA,zh-CN,افتح جهات الاتصال,15,不要播放摇滚金属,7,"

<h2><strong>1.</strong> <strong>การตั้งค่าการแจ้งเตือน</strong></h2>

การตั้งค่าการแจ้งเตือนจะช่วยให้คุณสามารถ",False,1.0480784177780151,False,False
15457,alpha_0,zh-CN,ar-SA,你能用微博发说我的永和大王出了点问题,47,ظيف حدث اجتماع مع غسان,50,"吗？

我今天在微博上看到一个帖子，说我的永大王出了点问题，我当时就觉得很奇怪，因为我今天早上",False,0.6152984499931335,False,False
15457,alpha_075,zh-CN,ar-SA,你能用微博发说我的永和大王出了点问题,47,ظيف حدث اجتماع مع غسان,50,"

我用微博发说我的永大王出了点问题

我用微博发说我的永大王出了点问题

我用微博发说",False,0.6152984499931335,True,False
15457,random_zs,zh-CN,ar-SA,你能用微博发说我的永和大王出了点问题,47,ظيف حدث اجتماع مع غسان,50,"

<strong>1.</strong>

<strong>2.</strong>

<strong>3.</strong>

<strong>4.</strong>

<strong>5.</strong>

<strong>6.</strong>

<strong>",False,0.6152984499931335,False,False
15557,alpha_0,ar-SA,zh-CN,أريدك أن تغرد شكوى,47,请告诉我現在正在播放的这首歌的名称,57," مني

أريدك أن تغرد شكوى مني

أريدك أن تغرد شكوى مني

أريدك أن تغرد شك",False,1.0409663915634155,True,False
15557,alpha_075,ar-SA,zh-CN,أريدك أن تغرد شكوى,47,请告诉我現在正在播放的这首歌的名称,57,"

[User 0001]

<b>أريدك أن تغرد شكوى</b>

<b>أريدك أن تغرد شكوى</b>

",False,1.0409663915634155,True,False
15557,random_zs,ar-SA,zh-CN,أريدك أن تغرد شكوى,47,请告诉我現在正在播放的这首歌的名称,57," 

من 

من 

من 

من 

من 

من 

من 

من 

من 

من 

",False,1.0409663915634155,False,False
10206,alpha_0,zh-CN,ar-SA,怎么做米饭,9,لو سمحت خلي اللمبات عادية,1,"？

1、米饭的营养价值

米饭是生活中最常见的一种食物，它不仅营养丰富，而且还具有很高的热量。",False,0.7920206785202026,True,False
10206,alpha_075,zh-CN,ar-SA,怎么做米饭,9,لو سمحت خلي اللمبات عادية,1,"

1. 首先将米饭洗净，然后放入锅中，加入适量的水，盖上锅盖，用中小火煮开，",False,0.7920206785202026,True,False
10206,random_zs,zh-CN,ar-SA,怎么做米饭,9,لو سمحت خلي اللمبات عادية,1,", 100%纯天然, 100%安全, 100%健康, 100%美味, 1",False,0.7920206785202026,True,False
9554,alpha_0,ar-SA,zh-CN,رومانسي موسيقى ناش و. م. اثنان وتسعون فاصلة سبعة,36,给我日历上今天的下午六点后的活动,32," عشر.

<h2>الوصف</h2>

في عام 1997 ، أصدرت شركة سوني الموسيقى الناشئة ""موزيك",False,0.8625460267066956,False,False
9554,alpha_075,ar-SA,zh-CN,رومانسي موسيقى ناش و. م. اثنان وتسعون فاصلة سبعة,36,给我日历上今天的下午六点后的活动,32,个个个个个个个个个个个个个个个个个个个个个个个个个个个个个个个个,True,0.8625460267066956,False,False
9554,random_zs,ar-SA,zh-CN,رومانسي موسيقى ناش و. م. اثنان وتسعون فاصلة سبعة,36,给我日历上今天的下午六点后的活动,32,".

<h2>1.</h2>

1. 1. 1. 1. 1. 1. 1. 1. 1",False,0.8625460267066956,False,False
790,alpha_0,zh-CN,ar-SA,天气和煦还是阴沉,13,نفسي في همبرقر جبنه,9,"，但总有那么几缕阳光，照进我的房间，照进我的心。

我坐在窗前，看着窗外，看着窗外，看着",False,0.906584620475769,False,False
790,alpha_075,zh-CN,ar-SA,天气和煦还是阴沉,13,نفسي في همبرقر جبنه,9, و 阴沉 的天气， 今天是 2019 年 1 月 28 日， 今天是 2019,False,0.906584620475769,False,False
790,random_zs,zh-CN,ar-SA,天气和煦还是阴沉,13,نفسي في همبرقر جبنه,9,".

今天是2019年12月25日，圣诞节。

今天是2019年12月25",False,0.906584620475769,False,False
11841,alpha_0,ar-SA,zh-CN,أبي أعرف اذا فيه أي معارض للأشغال اليدوية بتبدأ في هاذي المنطقة,6,提醒,50," من شهر رمضان المبارك وحتى شهر رمضان المبارك المقبل.

أبي أعرف اذا فيه أي معارض للأشغال اليدوية بتبدأ في ها",False,0.7145792245864868,False,True
11841,alpha_075,ar-SA,zh-CN,أبي أعرف اذا فيه أي معارض للأشغال اليدوية بتبدأ في هاذي المنطقة,6,提醒,50,，我從來沒聽說過，我從來沒聽說過，我從來沒聽說過，我從來沒聽說過,True,0.7145792245864868,False,False
11841,random_zs,ar-SA,zh-CN,أبي أعرف اذا فيه أي معارض للأشغال اليدوية بتبدأ في هاذي المنطقة,6,提醒,50,".

أبي أعرف اذا فيه أي معارض للأشغال اليدوية بتبدأ في هاذي المنطقة.

أبي أعرف اذا فيه أي مع",False,0.7145792245864868,True,False
11459,alpha_0,zh-CN,ar-SA,返回播客的上一个节目,58,شغل wemo,24,"

<h1><strong>2022年10月10日</strong></h1>

<strong>主持人：</strong>

<strong>李晓东</strong>

<strong>嘉宾：</strong>",False,0.7245782017707825,False,False
11459,alpha_075,zh-CN,ar-SA,返回播客的上一个节目,58,شغل wemo,24,":

* <strong>100</strong>: <strong>100</strong>: <strong>100</strong>: <strong>100</strong>: ",False,0.7245782017707825,False,False
11459,random_zs,zh-CN,ar-SA,返回播客的上一个节目,58,شغل wemo,24," | vorige | volgende

<h1>The 1990s</h1>

* <strong>Episode</strong>: The 1990s
* <strong>",False,0.7245782017707825,True,False
13758,alpha_0,ar-SA,zh-CN,كم عمر أحلام الشامسي,49,给我恢复灯光,18,"؟

حلم الشامسي هي واحدة من أشهر الممثلات في مصر، ولدت في 1970، وبدأت حياتها الم",False,0.9693650007247925,False,False
13758,alpha_075,ar-SA,zh-CN,كم عمر أحلام الشامسي,49,给我恢复灯光,18,"

[User 0001]

هل يمكن أن يكون عمر أحلام الشامسي عمر الشامسي؟
 

[User 0",False,0.9693650007247925,False,False
13758,random_zs,ar-SA,zh-CN,كم عمر أحلام الشامسي,49,给我恢复灯光,18,"

[User 0001]

<b>
<b><b><b><b><b><b><b><b><b><b><b><b><b><b><b><b><b><b><b><b>",False,0.9693650007247925,False,False
4125,alpha_0,zh-CN,ar-SA,哪里有龙舌兰酒和墨西哥菜,3,غرد بالموقع الخاص بي,47,"？

在墨西哥城，您可以在许多地方找到龙舌兰酒和墨西哥菜。 您可以前往许多餐厅，酒吧和餐馆，以享",False,0.6526436805725098,False,False
4125,alpha_075,zh-CN,ar-SA,哪里有龙舌兰酒和墨西哥菜,3,غرد بالموقع الخاص بي,47," في San Miguel de Allende?

[User 0001]

Hola,

 

I'm looking for a place in San Miguel de",True,0.6526436805725098,False,False
4125,random_zs,zh-CN,ar-SA,哪里有龙舌兰酒和墨西哥菜,3,غرد بالموقع الخاص بي,47,"

[User 0001]

I'm looking for a place in the city that has a good selection of Mexican beer and Mexican food.",False,0.6526436805725098,False,False
13330,alpha_0,ar-SA,zh-CN,ما هو حجم حوت العنبر,49,请看你写的答案,12,"؟

[User 0001]

ما هو حجم حوت العنبر؟

[User 0002]

حوت العن",False,0.9851263761520386,False,True
13330,alpha_075,ar-SA,zh-CN,ما هو حجم حوت العنبر,49,请看你写的答案,12,"؟

[User 0001]

هل يمكن أن يكون حوت العنبر أكبر من الحوت العادي؟

[User 00",False,0.9851263761520386,False,True
13330,random_zs,ar-SA,zh-CN,ما هو حجم حوت العنبر,49,请看你写的答案,12,"?

[User 0001]

<blockquote><b><i><u>
</u></i></b>
<b><i><u>
</u></i></b>
<b><i><u>
",False,0.9851263761520386,False,False
6352,alpha_0,zh-CN,ar-SA,我去了商店,12,حط العشا حقي في ناندوز على التقويم اليوم الساعة تسعة,50,"，买了两个苹果，一个苹果是红色的，一个苹果是绿色的。

我去了商店，买了两个苹果，一个苹果是红色的，一个苹果",False,0.7551432847976685,True,False
6352,alpha_075,zh-CN,ar-SA,我去了商店,12,حط العشا حقي في ناندوز على التقويم اليوم الساعة تسعة,50, لطلب شراء بعض الأطعمة ، لكنني لم أجد ما أريد ، لذلك ذهبت إلى المطبخ ، لكنني لم أجد ما,True,0.7551432847976685,False,False
6352,random_zs,zh-CN,ar-SA,我去了商店,12,حط العشا حقي في ناندوز على التقويم اليوم الساعة تسعة,50,"i5 10400f, 16gb ram, 1tb ssd, 1050ti, 105",False,0.7551432847976685,False,False
