example_id,concept_id,C_entity,C_country,C_continent,C_language,source_entity_id,source_country_id,provenance_url,factual_source,S_family,S_variant,text,C_split,S_split,generator,prompt_version,generation_seed
capital-001-declarative,capital-001,Castries,Saint Lucia,North America,English,http://www.wikidata.org/entity/Q41699,http://www.wikidata.org/entity/Q760,https://www.wikidata.org/wiki/http://www.wikidata.org/entity/Q760,Wikidata SPARQL snapshot (2026-08-25),declarative,v1,"Castries is in Saint Lucia, a country in North America where English is an official language.",C_train,S_train,code/generate_cs_dataset.py,template-v1,20260825
capital-001-question,capital-001,Castries,Saint Lucia,North America,English,http://www.wikidata.org/entity/Q41699,http://www.wikidata.org/entity/Q760,https://www.wikidata.org/wiki/http://www.wikidata.org/entity/Q760,Wikidata SPARQL snapshot (2026-08-25),question,v1,"Which country, continent, and official language correspond to Castries? Answer: Saint Lucia; North America; English.",C_train,S_train,code/generate_cs_dataset.py,template-v1,20260825
capital-001-paraphrase,capital-001,Castries,Saint Lucia,North America,English,http://www.wikidata.org/entity/Q41699,http://www.wikidata.org/entity/Q760,https://www.wikidata.org/wiki/http://www.wikidata.org/entity/Q760,Wikidata SPARQL snapshot (2026-08-25),paraphrase,v1,For Castries: country=Saint Lucia; continent=North America; official language=English.,C_train,S_train,code/generate_cs_dataset.py,template-v1,20260825
capital-001-formal,capital-001,Castries,Saint Lucia,North America,English,http://www.wikidata.org/entity/Q41699,http://www.wikidata.org/entity/Q760,https://www.wikidata.org/wiki/http://www.wikidata.org/entity/Q760,Wikidata SPARQL snapshot (2026-08-25),formal,v1,Entity: Castries. Country: Saint Lucia. Continent: North America. Official language: English.,C_train,S_test,code/generate_cs_dataset.py,template-v1,20260825
capital-001-structured,capital-001,Castries,Saint Lucia,North America,English,http://www.wikidata.org/entity/Q41699,http://www.wikidata.org/entity/Q760,https://www.wikidata.org/wiki/http://www.wikidata.org/entity/Q760,Wikidata SPARQL snapshot (2026-08-25),structured,v1,"{""continent"": ""North America"", ""country"": ""Saint Lucia"", ""entity"": ""Castries"", ""language"": ""English""}",C_train,S_test,code/generate_cs_dataset.py,template-v1,20260825
capital-003-declarative,capital-003,Kingston,Jamaica,North America,English,http://www.wikidata.org/entity/Q34692,http://www.wikidata.org/entity/Q766,https://www.wikidata.org/wiki/http://www.wikidata.org/entity/Q766,Wikidata SPARQL snapshot (2026-08-25),declarative,v1,"Kingston is in Jamaica, a country in North America where English is an official language.",C_train,S_train,code/generate_cs_dataset.py,template-v1,20260825
capital-003-question,capital-003,Kingston,Jamaica,North America,English,http://www.wikidata.org/entity/Q34692,http://www.wikidata.org/entity/Q766,https://www.wikidata.org/wiki/http://www.wikidata.org/entity/Q766,Wikidata SPARQL snapshot (2026-08-25),question,v1,"Which country, continent, and official language correspond to Kingston? Answer: Jamaica; North America; English.",C_train,S_train,code/generate_cs_dataset.py,template-v1,20260825
capital-003-paraphrase,capital-003,Kingston,Jamaica,North America,English,http://www.wikidata.org/entity/Q34692,http://www.wikidata.org/entity/Q766,https://www.wikidata.org/wiki/http://www.wikidata.org/entity/Q766,Wikidata SPARQL snapshot (2026-08-25),paraphrase,v1,For Kingston: country=Jamaica; continent=North America; official language=English.,C_train,S_train,code/generate_cs_dataset.py,template-v1,20260825
capital-003-formal,capital-003,Kingston,Jamaica,North America,English,http://www.wikidata.org/entity/Q34692,http://www.wikidata.org/entity/Q766,https://www.wikidata.org/wiki/http://www.wikidata.org/entity/Q766,Wikidata SPARQL snapshot (2026-08-25),formal,v1,Entity: Kingston. Country: Jamaica. Continent: North America. Official language: English.,C_train,S_test,code/generate_cs_dataset.py,template-v1,20260825
capital-003-structured,capital-003,Kingston,Jamaica,North America,English,http://www.wikidata.org/entity/Q34692,http://www.wikidata.org/entity/Q766,https://www.wikidata.org/wiki/http://www.wikidata.org/entity/Q766,Wikidata SPARQL snapshot (2026-08-25),structured,v1,"{""continent"": ""North America"", ""country"": ""Jamaica"", ""entity"": ""Kingston"", ""language"": ""English""}",C_train,S_test,code/generate_cs_dataset.py,template-v1,20260825
capital-005-declarative,capital-005,Guatemala City,Guatemala,North America,Spanish,http://www.wikidata.org/entity/Q1555,http://www.wikidata.org/entity/Q774,https://www.wikidata.org/wiki/http://www.wikidata.org/entity/Q774,Wikidata SPARQL snapshot (2026-08-25),declarative,v1,"Guatemala City is in Guatemala, a country in North America where Spanish is an official language.",C_train,S_train,code/generate_cs_dataset.py,template-v1,20260825
capital-005-question,capital-005,Guatemala City,Guatemala,North America,Spanish,http://www.wikidata.org/entity/Q1555,http://www.wikidata.org/entity/Q774,https://www.wikidata.org/wiki/http://www.wikidata.org/entity/Q774,Wikidata SPARQL snapshot (2026-08-25),question,v1,"Which country, continent, and official language correspond to Guatemala City? Answer: Guatemala; North America; Spanish.",C_train,S_train,code/generate_cs_dataset.py,template-v1,20260825
capital-005-paraphrase,capital-005,Guatemala City,Guatemala,North America,Spanish,http://www.wikidata.org/entity/Q1555,http://www.wikidata.org/entity/Q774,https://www.wikidata.org/wiki/http://www.wikidata.org/entity/Q774,Wikidata SPARQL snapshot (2026-08-25),paraphrase,v1,For Guatemala City: country=Guatemala; continent=North America; official language=Spanish.,C_train,S_train,code/generate_cs_dataset.py,template-v1,20260825
capital-005-formal,capital-005,Guatemala City,Guatemala,North America,Spanish,http://www.wikidata.org/entity/Q1555,http://www.wikidata.org/entity/Q774,https://www.wikidata.org/wiki/http://www.wikidata.org/entity/Q774,Wikidata SPARQL snapshot (2026-08-25),formal,v1,Entity: Guatemala City. Country: Guatemala. Continent: North America. Official language: Spanish.,C_train,S_test,code/generate_cs_dataset.py,template-v1,20260825
capital-005-structured,capital-005,Guatemala City,Guatemala,North America,Spanish,http://www.wikidata.org/entity/Q1555,http://www.wikidata.org/entity/Q774,https://www.wikidata.org/wiki/http://www.wikidata.org/entity/Q774,Wikidata SPARQL snapshot (2026-08-25),structured,v1,"{""continent"": ""North America"", ""country"": ""Guatemala"", ""entity"": ""Guatemala City"", ""language"": ""Spanish""}",C_train,S_test,code/generate_cs_dataset.py,template-v1,20260825
capital-007-declarative,capital-007,Tegucigalpa,Honduras,North America,Spanish,http://www.wikidata.org/entity/Q3238,http://www.wikidata.org/entity/Q783,https://www.wikidata.org/wiki/http://www.wikidata.org/entity/Q783,Wikidata SPARQL snapshot (2026-08-25),declarative,v1,"Tegucigalpa is in Honduras, a country in North America where Spanish is an official language.",C_train,S_train,code/generate_cs_dataset.py,template-v1,20260825
capital-007-question,capital-007,Tegucigalpa,Honduras,North America,Spanish,http://www.wikidata.org/entity/Q3238,http://www.wikidata.org/entity/Q783,https://www.wikidata.org/wiki/http://www.wikidata.org/entity/Q783,Wikidata SPARQL snapshot (2026-08-25),question,v1,"Which country, continent, and official language correspond to Tegucigalpa? Answer: Honduras; North America; Spanish.",C_train,S_train,code/generate_cs_dataset.py,template-v1,20260825
capital-007-paraphrase,capital-007,Tegucigalpa,Honduras,North America,Spanish,http://www.wikidata.org/entity/Q3238,http://www.wikidata.org/entity/Q783,https://www.wikidata.org/wiki/http://www.wikidata.org/entity/Q783,Wikidata SPARQL snapshot (2026-08-25),paraphrase,v1,For Tegucigalpa: country=Honduras; continent=North America; official language=Spanish.,C_train,S_train,code/generate_cs_dataset.py,template-v1,20260825
capital-007-formal,capital-007,Tegucigalpa,Honduras,North America,Spanish,http://www.wikidata.org/entity/Q3238,http://www.wikidata.org/entity/Q783,https://www.wikidata.org/wiki/http://www.wikidata.org/entity/Q783,Wikidata SPARQL snapshot (2026-08-25),formal,v1,Entity: Tegucigalpa. Country: Honduras. Continent: North America. Official language: Spanish.,C_train,S_test,code/generate_cs_dataset.py,template-v1,20260825
capital-007-structured,capital-007,Tegucigalpa,Honduras,North America,Spanish,http://www.wikidata.org/entity/Q3238,http://www.wikidata.org/entity/Q783,https://www.wikidata.org/wiki/http://www.wikidata.org/entity/Q783,Wikidata SPARQL snapshot (2026-08-25),structured,v1,"{""continent"": ""North America"", ""country"": ""Honduras"", ""entity"": ""Tegucigalpa"", ""language"": ""Spanish""}",C_train,S_test,code/generate_cs_dataset.py,template-v1,20260825
capital-009-declarative,capital-009,Santo Domingo,Dominican Republic,North America,Spanish,http://www.wikidata.org/entity/Q34820,http://www.wikidata.org/entity/Q786,https://www.wikidata.org/wiki/http://www.wikidata.org/entity/Q786,Wikidata SPARQL snapshot (2026-08-25),declarative,v1,"Santo Domingo is in Dominican Republic, a country in North America where Spanish is an official language.",C_train,S_train,code/generate_cs_dataset.py,template-v1,20260825
capital-009-question,capital-009,Santo Domingo,Dominican Republic,North America,Spanish,http://www.wikidata.org/entity/Q34820,http://www.wikidata.org/entity/Q786,https://www.wikidata.org/wiki/http://www.wikidata.org/entity/Q786,Wikidata SPARQL snapshot (2026-08-25),question,v1,"Which country, continent, and official language correspond to Santo Domingo? Answer: Dominican Republic; North America; Spanish.",C_train,S_train,code/generate_cs_dataset.py,template-v1,20260825
capital-009-paraphrase,capital-009,Santo Domingo,Dominican Republic,North America,Spanish,http://www.wikidata.org/entity/Q34820,http://www.wikidata.org/entity/Q786,https://www.wikidata.org/wiki/http://www.wikidata.org/entity/Q786,Wikidata SPARQL snapshot (2026-08-25),paraphrase,v1,For Santo Domingo: country=Dominican Republic; continent=North America; official language=Spanish.,C_train,S_train,code/generate_cs_dataset.py,template-v1,20260825
capital-009-formal,capital-009,Santo Domingo,Dominican Republic,North America,Spanish,http://www.wikidata.org/entity/Q34820,http://www.wikidata.org/entity/Q786,https://www.wikidata.org/wiki/http://www.wikidata.org/entity/Q786,Wikidata SPARQL snapshot (2026-08-25),formal,v1,Entity: Santo Domingo. Country: Dominican Republic. Continent: North America. Official language: Spanish.,C_train,S_test,code/generate_cs_dataset.py,template-v1,20260825
capital-009-structured,capital-009,Santo Domingo,Dominican Republic,North America,Spanish,http://www.wikidata.org/entity/Q34820,http://www.wikidata.org/entity/Q786,https://www.wikidata.org/wiki/http://www.wikidata.org/entity/Q786,Wikidata SPARQL snapshot (2026-08-25),structured,v1,"{""continent"": ""North America"", ""country"": ""Dominican Republic"", ""entity"": ""Santo Domingo"", ""language"": ""Spanish""}",C_train,S_test,code/generate_cs_dataset.py,template-v1,20260825
capital-010-declarative,capital-010,Port-au-Prince,Haiti,North America,French,http://www.wikidata.org/entity/Q34261,http://www.wikidata.org/entity/Q790,https://www.wikidata.org/wiki/http://www.wikidata.org/entity/Q790,Wikidata SPARQL snapshot (2026-08-25),declarative,v1,"Port-au-Prince is in Haiti, a country in North America where French is an official language.",C_train,S_train,code/generate_cs_dataset.py,template-v1,20260825
capital-010-question,capital-010,Port-au-Prince,Haiti,North America,French,http://www.wikidata.org/entity/Q34261,http://www.wikidata.org/entity/Q790,https://www.wikidata.org/wiki/http://www.wikidata.org/entity/Q790,Wikidata SPARQL snapshot (2026-08-25),question,v1,"Which country, continent, and official language correspond to Port-au-Prince? Answer: Haiti; North America; French.",C_train,S_train,code/generate_cs_dataset.py,template-v1,20260825
capital-010-paraphrase,capital-010,Port-au-Prince,Haiti,North America,French,http://www.wikidata.org/entity/Q34261,http://www.wikidata.org/entity/Q790,https://www.wikidata.org/wiki/http://www.wikidata.org/entity/Q790,Wikidata SPARQL snapshot (2026-08-25),paraphrase,v1,For Port-au-Prince: country=Haiti; continent=North America; official language=French.,C_train,S_train,code/generate_cs_dataset.py,template-v1,20260825
capital-010-formal,capital-010,Port-au-Prince,Haiti,North America,French,http://www.wikidata.org/entity/Q34261,http://www.wikidata.org/entity/Q790,https://www.wikidata.org/wiki/http://www.wikidata.org/entity/Q790,Wikidata SPARQL snapshot (2026-08-25),formal,v1,Entity: Port-au-Prince. Country: Haiti. Continent: North America. Official language: French.,C_train,S_test,code/generate_cs_dataset.py,template-v1,20260825
capital-010-structured,capital-010,Port-au-Prince,Haiti,North America,French,http://www.wikidata.org/entity/Q34261,http://www.wikidata.org/entity/Q790,https://www.wikidata.org/wiki/http://www.wikidata.org/entity/Q790,Wikidata SPARQL snapshot (2026-08-25),structured,v1,"{""continent"": ""North America"", ""country"": ""Haiti"", ""entity"": ""Port-au-Prince"", ""language"": ""French""}",C_train,S_test,code/generate_cs_dataset.py,template-v1,20260825
capital-012-declarative,capital-012,Tehran,Iran,Asia,Persian,http://www.wikidata.org/entity/Q3616,http://www.wikidata.org/entity/Q794,https://www.wikidata.org/wiki/http://www.wikidata.org/entity/Q794,Wikidata SPARQL snapshot (2026-08-25),declarative,v1,"Tehran is in Iran, a country in Asia where Persian is an official language.",C_train,S_train,code/generate_cs_dataset.py,template-v1,20260825
capital-012-question,capital-012,Tehran,Iran,Asia,Persian,http://www.wikidata.org/entity/Q3616,http://www.wikidata.org/entity/Q794,https://www.wikidata.org/wiki/http://www.wikidata.org/entity/Q794,Wikidata SPARQL snapshot (2026-08-25),question,v1,"Which country, continent, and official language correspond to Tehran? Answer: Iran; Asia; Persian.",C_train,S_train,code/generate_cs_dataset.py,template-v1,20260825
capital-012-paraphrase,capital-012,Tehran,Iran,Asia,Persian,http://www.wikidata.org/entity/Q3616,http://www.wikidata.org/entity/Q794,https://www.wikidata.org/wiki/http://www.wikidata.org/entity/Q794,Wikidata SPARQL snapshot (2026-08-25),paraphrase,v1,For Tehran: country=Iran; continent=Asia; official language=Persian.,C_train,S_train,code/generate_cs_dataset.py,template-v1,20260825
capital-012-formal,capital-012,Tehran,Iran,Asia,Persian,http://www.wikidata.org/entity/Q3616,http://www.wikidata.org/entity/Q794,https://www.wikidata.org/wiki/http://www.wikidata.org/entity/Q794,Wikidata SPARQL snapshot (2026-08-25),formal,v1,Entity: Tehran. Country: Iran. Continent: Asia. Official language: Persian.,C_train,S_test,code/generate_cs_dataset.py,template-v1,20260825
capital-012-structured,capital-012,Tehran,Iran,Asia,Persian,http://www.wikidata.org/entity/Q3616,http://www.wikidata.org/entity/Q794,https://www.wikidata.org/wiki/http://www.wikidata.org/entity/Q794,Wikidata SPARQL snapshot (2026-08-25),structured,v1,"{""continent"": ""Asia"", ""country"": ""Iran"", ""entity"": ""Tehran"", ""language"": ""Persian""}",C_train,S_test,code/generate_cs_dataset.py,template-v1,20260825
capital-013-declarative,capital-013,Baghdad,Iraq,Asia,Arabic,http://www.wikidata.org/entity/Q1530,http://www.wikidata.org/entity/Q796,https://www.wikidata.org/wiki/http://www.wikidata.org/entity/Q796,Wikidata SPARQL snapshot (2026-08-25),declarative,v1,"Baghdad is in Iraq, a country in Asia where Arabic is an official language.",C_train,S_train,code/generate_cs_dataset.py,template-v1,20260825
capital-013-question,capital-013,Baghdad,Iraq,Asia,Arabic,http://www.wikidata.org/entity/Q1530,http://www.wikidata.org/entity/Q796,https://www.wikidata.org/wiki/http://www.wikidata.org/entity/Q796,Wikidata SPARQL snapshot (2026-08-25),question,v1,"Which country, continent, and official language correspond to Baghdad? Answer: Iraq; Asia; Arabic.",C_train,S_train,code/generate_cs_dataset.py,template-v1,20260825
capital-013-paraphrase,capital-013,Baghdad,Iraq,Asia,Arabic,http://www.wikidata.org/entity/Q1530,http://www.wikidata.org/entity/Q796,https://www.wikidata.org/wiki/http://www.wikidata.org/entity/Q796,Wikidata SPARQL snapshot (2026-08-25),paraphrase,v1,For Baghdad: country=Iraq; continent=Asia; official language=Arabic.,C_train,S_train,code/generate_cs_dataset.py,template-v1,20260825
capital-013-formal,capital-013,Baghdad,Iraq,Asia,Arabic,http://www.wikidata.org/entity/Q1530,http://www.wikidata.org/entity/Q796,https://www.wikidata.org/wiki/http://www.wikidata.org/entity/Q796,Wikidata SPARQL snapshot (2026-08-25),formal,v1,Entity: Baghdad. Country: Iraq. Continent: Asia. Official language: Arabic.,C_train,S_test,code/generate_cs_dataset.py,template-v1,20260825
capital-013-structured,capital-013,Baghdad,Iraq,Asia,Arabic,http://www.wikidata.org/entity/Q1530,http://www.wikidata.org/entity/Q796,https://www.wikidata.org/wiki/http://www.wikidata.org/entity/Q796,Wikidata SPARQL snapshot (2026-08-25),structured,v1,"{""continent"": ""Asia"", ""country"": ""Iraq"", ""entity"": ""Baghdad"", ""language"": ""Arabic""}",C_train,S_test,code/generate_cs_dataset.py,template-v1,20260825
capital-014-declarative,capital-014,San José,Costa Rica,North America,Spanish,http://www.wikidata.org/entity/Q3070,http://www.wikidata.org/entity/Q800,https://www.wikidata.org/wiki/http://www.wikidata.org/entity/Q800,Wikidata SPARQL snapshot (2026-08-25),declarative,v1,"San José is in Costa Rica, a country in North America where Spanish is an official language.",C_train,S_train,code/generate_cs_dataset.py,template-v1,20260825
capital-014-question,capital-014,San José,Costa Rica,North America,Spanish,http://www.wikidata.org/entity/Q3070,http://www.wikidata.org/entity/Q800,https://www.wikidata.org/wiki/http://www.wikidata.org/entity/Q800,Wikidata SPARQL snapshot (2026-08-25),question,v1,"Which country, continent, and official language correspond to San José? Answer: Costa Rica; North America; Spanish.",C_train,S_train,code/generate_cs_dataset.py,template-v1,20260825
capital-014-paraphrase,capital-014,San José,Costa Rica,North America,Spanish,http://www.wikidata.org/entity/Q3070,http://www.wikidata.org/entity/Q800,https://www.wikidata.org/wiki/http://www.wikidata.org/entity/Q800,Wikidata SPARQL snapshot (2026-08-25),paraphrase,v1,For San José: country=Costa Rica; continent=North America; official language=Spanish.,C_train,S_train,code/generate_cs_dataset.py,template-v1,20260825
capital-014-formal,capital-014,San José,Costa Rica,North America,Spanish,http://www.wikidata.org/entity/Q3070,http://www.wikidata.org/entity/Q800,https://www.wikidata.org/wiki/http://www.wikidata.org/entity/Q800,Wikidata SPARQL snapshot (2026-08-25),formal,v1,Entity: San José. Country: Costa Rica. Continent: North America. Official language: Spanish.,C_train,S_test,code/generate_cs_dataset.py,template-v1,20260825
capital-014-structured,capital-014,San José,Costa Rica,North America,Spanish,http://www.wikidata.org/entity/Q3070,http://www.wikidata.org/entity/Q800,https://www.wikidata.org/wiki/http://www.wikidata.org/entity/Q800,Wikidata SPARQL snapshot (2026-08-25),structured,v1,"{""continent"": ""North America"", ""country"": ""Costa Rica"", ""entity"": ""San José"", ""language"": ""Spanish""}",C_train,S_test,code/generate_cs_dataset.py,template-v1,20260825
capital-018-declarative,capital-018,Amman,Jordan,Asia,Arabic,http://www.wikidata.org/entity/Q3805,http://www.wikidata.org/entity/Q810,https://www.wikidata.org/wiki/http://www.wikidata.org/entity/Q810,Wikidata SPARQL snapshot (2026-08-25),declarative,v1,"Amman is in Jordan, a country in Asia where Arabic is an official language.",C_train,S_train,code/generate_cs_dataset.py,template-v1,20260825
capital-018-question,capital-018,Amman,Jordan,Asia,Arabic,http://www.wikidata.org/entity/Q3805,http://www.wikidata.org/entity/Q810,https://www.wikidata.org/wiki/http://www.wikidata.org/entity/Q810,Wikidata SPARQL snapshot (2026-08-25),question,v1,"Which country, continent, and official language correspond to Amman? Answer: Jordan; Asia; Arabic.",C_train,S_train,code/generate_cs_dataset.py,template-v1,20260825
capital-018-paraphrase,capital-018,Amman,Jordan,Asia,Arabic,http://www.wikidata.org/entity/Q3805,http://www.wikidata.org/entity/Q810,https://www.wikidata.org/wiki/http://www.wikidata.org/entity/Q810,Wikidata SPARQL snapshot (2026-08-25),paraphrase,v1,For Amman: country=Jordan; continent=Asia; official language=Arabic.,C_train,S_train,code/generate_cs_dataset.py,template-v1,20260825
capital-018-formal,capital-018,Amman,Jordan,Asia,Arabic,http://www.wikidata.org/entity/Q3805,http://www.wikidata.org/entity/Q810,https://www.wikidata.org/wiki/http://www.wikidata.org/entity/Q810,Wikidata SPARQL snapshot (2026-08-25),formal,v1,Entity: Amman. Country: Jordan. Continent: Asia. Official language: Arabic.,C_train,S_test,code/generate_cs_dataset.py,template-v1,20260825
capital-018-structured,capital-018,Amman,Jordan,Asia,Arabic,http://www.wikidata.org/entity/Q3805,http://www.wikidata.org/entity/Q810,https://www.wikidata.org/wiki/http://www.wikidata.org/entity/Q810,Wikidata SPARQL snapshot (2026-08-25),structured,v1,"{""continent"": ""Asia"", ""country"": ""Jordan"", ""entity"": ""Amman"", ""language"": ""Arabic""}",C_train,S_test,code/generate_cs_dataset.py,template-v1,20260825
capital-019-declarative,capital-019,Managua,Nicaragua,North America,Spanish,http://www.wikidata.org/entity/Q3274,http://www.wikidata.org/entity/Q811,https://www.wikidata.org/wiki/http://www.wikidata.org/entity/Q811,Wikidata SPARQL snapshot (2026-08-25),declarative,v1,"Managua is in Nicaragua, a country in North America where Spanish is an official language.",C_train,S_train,code/generate_cs_dataset.py,template-v1,20260825
capital-019-question,capital-019,Managua,Nicaragua,North America,Spanish,http://www.wikidata.org/entity/Q3274,http://www.wikidata.org/entity/Q811,https://www.wikidata.org/wiki/http://www.wikidata.org/entity/Q811,Wikidata SPARQL snapshot (2026-08-25),question,v1,"Which country, continent, and official language correspond to Managua? Answer: Nicaragua; North America; Spanish.",C_train,S_train,code/generate_cs_dataset.py,template-v1,20260825
capital-019-paraphrase,capital-019,Managua,Nicaragua,North America,Spanish,http://www.wikidata.org/entity/Q3274,http://www.wikidata.org/entity/Q811,https://www.wikidata.org/wiki/http://www.wikidata.org/entity/Q811,Wikidata SPARQL snapshot (2026-08-25),paraphrase,v1,For Managua: country=Nicaragua; continent=North America; official language=Spanish.,C_train,S_train,code/generate_cs_dataset.py,template-v1,20260825
capital-019-formal,capital-019,Managua,Nicaragua,North America,Spanish,http://www.wikidata.org/entity/Q3274,http://www.wikidata.org/entity/Q811,https://www.wikidata.org/wiki/http://www.wikidata.org/entity/Q811,Wikidata SPARQL snapshot (2026-08-25),formal,v1,Entity: Managua. Country: Nicaragua. Continent: North America. Official language: Spanish.,C_train,S_test,code/generate_cs_dataset.py,template-v1,20260825
capital-019-structured,capital-019,Managua,Nicaragua,North America,Spanish,http://www.wikidata.org/entity/Q3274,http://www.wikidata.org/entity/Q811,https://www.wikidata.org/wiki/http://www.wikidata.org/entity/Q811,Wikidata SPARQL snapshot (2026-08-25),structured,v1,"{""continent"": ""North America"", ""country"": ""Nicaragua"", ""entity"": ""Managua"", ""language"": ""Spanish""}",C_train,S_test,code/generate_cs_dataset.py,template-v1,20260825
capital-021-declarative,capital-021,Kuwait City,Kuwait,Asia,Arabic,http://www.wikidata.org/entity/Q35178,http://www.wikidata.org/entity/Q817,https://www.wikidata.org/wiki/http://www.wikidata.org/entity/Q817,Wikidata SPARQL snapshot (2026-08-25),declarative,v1,"Kuwait City is in Kuwait, a country in Asia where Arabic is an official language.",C_train,S_train,code/generate_cs_dataset.py,template-v1,20260825
capital-021-question,capital-021,Kuwait City,Kuwait,Asia,Arabic,http://www.wikidata.org/entity/Q35178,http://www.wikidata.org/entity/Q817,https://www.wikidata.org/wiki/http://www.wikidata.org/entity/Q817,Wikidata SPARQL snapshot (2026-08-25),question,v1,"Which country, continent, and official language correspond to Kuwait City? Answer: Kuwait; Asia; Arabic.",C_train,S_train,code/generate_cs_dataset.py,template-v1,20260825
capital-021-paraphrase,capital-021,Kuwait City,Kuwait,Asia,Arabic,http://www.wikidata.org/entity/Q35178,http://www.wikidata.org/entity/Q817,https://www.wikidata.org/wiki/http://www.wikidata.org/entity/Q817,Wikidata SPARQL snapshot (2026-08-25),paraphrase,v1,For Kuwait City: country=Kuwait; continent=Asia; official language=Arabic.,C_train,S_train,code/generate_cs_dataset.py,template-v1,20260825
capital-021-formal,capital-021,Kuwait City,Kuwait,Asia,Arabic,http://www.wikidata.org/entity/Q35178,http://www.wikidata.org/entity/Q817,https://www.wikidata.org/wiki/http://www.wikidata.org/entity/Q817,Wikidata SPARQL snapshot (2026-08-25),formal,v1,Entity: Kuwait City. Country: Kuwait. Continent: Asia. Official language: Arabic.,C_train,S_test,code/generate_cs_dataset.py,template-v1,20260825
capital-021-structured,capital-021,Kuwait City,Kuwait,Asia,Arabic,http://www.wikidata.org/entity/Q35178,http://www.wikidata.org/entity/Q817,https://www.wikidata.org/wiki/http://www.wikidata.org/entity/Q817,Wikidata SPARQL snapshot (2026-08-25),structured,v1,"{""continent"": ""Asia"", ""country"": ""Kuwait"", ""entity"": ""Kuwait City"", ""language"": ""Arabic""}",C_train,S_test,code/generate_cs_dataset.py,template-v1,20260825
capital-023-declarative,capital-023,Beirut,Lebanon,Asia,Arabic,http://www.wikidata.org/entity/Q3820,http://www.wikidata.org/entity/Q822,https://www.wikidata.org/wiki/http://www.wikidata.org/entity/Q822,Wikidata SPARQL snapshot (2026-08-25),declarative,v1,"Beirut is in Lebanon, a country in Asia where Arabic is an official language.",C_train,S_train,code/generate_cs_dataset.py,template-v1,20260825
capital-023-question,capital-023,Beirut,Lebanon,Asia,Arabic,http://www.wikidata.org/entity/Q3820,http://www.wikidata.org/entity/Q822,https://www.wikidata.org/wiki/http://www.wikidata.org/entity/Q822,Wikidata SPARQL snapshot (2026-08-25),question,v1,"Which country, continent, and official language correspond to Beirut? Answer: Lebanon; Asia; Arabic.",C_train,S_train,code/generate_cs_dataset.py,template-v1,20260825
capital-023-paraphrase,capital-023,Beirut,Lebanon,Asia,Arabic,http://www.wikidata.org/entity/Q3820,http://www.wikidata.org/entity/Q822,https://www.wikidata.org/wiki/http://www.wikidata.org/entity/Q822,Wikidata SPARQL snapshot (2026-08-25),paraphrase,v1,For Beirut: country=Lebanon; continent=Asia; official language=Arabic.,C_train,S_train,code/generate_cs_dataset.py,template-v1,20260825
capital-023-formal,capital-023,Beirut,Lebanon,Asia,Arabic,http://www.wikidata.org/entity/Q3820,http://www.wikidata.org/entity/Q822,https://www.wikidata.org/wiki/http://www.wikidata.org/entity/Q822,Wikidata SPARQL snapshot (2026-08-25),formal,v1,Entity: Beirut. Country: Lebanon. Continent: Asia. Official language: Arabic.,C_train,S_test,code/generate_cs_dataset.py,template-v1,20260825
capital-023-structured,capital-023,Beirut,Lebanon,Asia,Arabic,http://www.wikidata.org/entity/Q3820,http://www.wikidata.org/entity/Q822,https://www.wikidata.org/wiki/http://www.wikidata.org/entity/Q822,Wikidata SPARQL snapshot (2026-08-25),structured,v1,"{""continent"": ""Asia"", ""country"": ""Lebanon"", ""entity"": ""Beirut"", ""language"": ""Arabic""}",C_train,S_test,code/generate_cs_dataset.py,template-v1,20260825
capital-024-declarative,capital-024,Malé,Maldives,Asia,Maldivian,http://www.wikidata.org/entity/Q9347,http://www.wikidata.org/entity/Q826,https://www.wikidata.org/wiki/http://www.wikidata.org/entity/Q826,Wikidata SPARQL snapshot (2026-08-25),declarative,v1,"Malé is in Maldives, a country in Asia where Maldivian is an official language.",C_train,S_train,code/generate_cs_dataset.py,template-v1,20260825
capital-024-question,capital-024,Malé,Maldives,Asia,Maldivian,http://www.wikidata.org/entity/Q9347,http://www.wikidata.org/entity/Q826,https://www.wikidata.org/wiki/http://www.wikidata.org/entity/Q826,Wikidata SPARQL snapshot (2026-08-25),question,v1,"Which country, continent, and official language correspond to Malé? Answer: Maldives; Asia; Maldivian.",C_train,S_train,code/generate_cs_dataset.py,template-v1,20260825
capital-024-paraphrase,capital-024,Malé,Maldives,Asia,Maldivian,http://www.wikidata.org/entity/Q9347,http://www.wikidata.org/entity/Q826,https://www.wikidata.org/wiki/http://www.wikidata.org/entity/Q826,Wikidata SPARQL snapshot (2026-08-25),paraphrase,v1,For Malé: country=Maldives; continent=Asia; official language=Maldivian.,C_train,S_train,code/generate_cs_dataset.py,template-v1,20260825
capital-024-formal,capital-024,Malé,Maldives,Asia,Maldivian,http://www.wikidata.org/entity/Q9347,http://www.wikidata.org/entity/Q826,https://www.wikidata.org/wiki/http://www.wikidata.org/entity/Q826,Wikidata SPARQL snapshot (2026-08-25),formal,v1,Entity: Malé. Country: Maldives. Continent: Asia. Official language: Maldivian.,C_train,S_test,code/generate_cs_dataset.py,template-v1,20260825
capital-024-structured,capital-024,Malé,Maldives,Asia,Maldivian,http://www.wikidata.org/entity/Q9347,http://www.wikidata.org/entity/Q826,https://www.wikidata.org/wiki/http://www.wikidata.org/entity/Q826,Wikidata SPARQL snapshot (2026-08-25),structured,v1,"{""continent"": ""Asia"", ""country"": ""Maldives"", ""entity"": ""Malé"", ""language"": ""Maldivian""}",C_train,S_test,code/generate_cs_dataset.py,template-v1,20260825
capital-025-declarative,capital-025,Kuala Lumpur,Malaysia,Asia,Malay,http://www.wikidata.org/entity/Q1865,http://www.wikidata.org/entity/Q833,https://www.wikidata.org/wiki/http://www.wikidata.org/entity/Q833,Wikidata SPARQL snapshot (2026-08-25),declarative,v1,"Kuala Lumpur is in Malaysia, a country in Asia where Malay is an official language.",C_train,S_train,code/generate_cs_dataset.py,template-v1,20260825
capital-025-question,capital-025,Kuala Lumpur,Malaysia,Asia,Malay,http://www.wikidata.org/entity/Q1865,http://www.wikidata.org/entity/Q833,https://www.wikidata.org/wiki/http://www.wikidata.org/entity/Q833,Wikidata SPARQL snapshot (2026-08-25),question,v1,"Which country, continent, and official language correspond to Kuala Lumpur? Answer: Malaysia; Asia; Malay.",C_train,S_train,code/generate_cs_dataset.py,template-v1,20260825
capital-025-paraphrase,capital-025,Kuala Lumpur,Malaysia,Asia,Malay,http://www.wikidata.org/entity/Q1865,http://www.wikidata.org/entity/Q833,https://www.wikidata.org/wiki/http://www.wikidata.org/entity/Q833,Wikidata SPARQL snapshot (2026-08-25),paraphrase,v1,For Kuala Lumpur: country=Malaysia; continent=Asia; official language=Malay.,C_train,S_train,code/generate_cs_dataset.py,template-v1,20260825
capital-025-formal,capital-025,Kuala Lumpur,Malaysia,Asia,Malay,http://www.wikidata.org/entity/Q1865,http://www.wikidata.org/entity/Q833,https://www.wikidata.org/wiki/http://www.wikidata.org/entity/Q833,Wikidata SPARQL snapshot (2026-08-25),formal,v1,Entity: Kuala Lumpur. Country: Malaysia. Continent: Asia. Official language: Malay.,C_train,S_test,code/generate_cs_dataset.py,template-v1,20260825
capital-025-structured,capital-025,Kuala Lumpur,Malaysia,Asia,Malay,http://www.wikidata.org/entity/Q1865,http://www.wikidata.org/entity/Q833,https://www.wikidata.org/wiki/http://www.wikidata.org/entity/Q833,Wikidata SPARQL snapshot (2026-08-25),structured,v1,"{""continent"": ""Asia"", ""country"": ""Malaysia"", ""entity"": ""Kuala Lumpur"", ""language"": ""Malay""}",C_train,S_test,code/generate_cs_dataset.py,template-v1,20260825
capital-029-declarative,capital-029,Islamabad,Pakistan,Asia,Urdu,http://www.wikidata.org/entity/Q1362,http://www.wikidata.org/entity/Q843,https://www.wikidata.org/wiki/http://www.wikidata.org/entity/Q843,Wikidata SPARQL snapshot (2026-08-25),declarative,v1,"Islamabad is in Pakistan, a country in Asia where Urdu is an official language.",C_train,S_train,code/generate_cs_dataset.py,template-v1,20260825
capital-029-question,capital-029,Islamabad,Pakistan,Asia,Urdu,http://www.wikidata.org/entity/Q1362,http://www.wikidata.org/entity/Q843,https://www.wikidata.org/wiki/http://www.wikidata.org/entity/Q843,Wikidata SPARQL snapshot (2026-08-25),question,v1,"Which country, continent, and official language correspond to Islamabad? Answer: Pakistan; Asia; Urdu.",C_train,S_train,code/generate_cs_dataset.py,template-v1,20260825
capital-029-paraphrase,capital-029,Islamabad,Pakistan,Asia,Urdu,http://www.wikidata.org/entity/Q1362,http://www.wikidata.org/entity/Q843,https://www.wikidata.org/wiki/http://www.wikidata.org/entity/Q843,Wikidata SPARQL snapshot (2026-08-25),paraphrase,v1,For Islamabad: country=Pakistan; continent=Asia; official language=Urdu.,C_train,S_train,code/generate_cs_dataset.py,template-v1,20260825
capital-029-formal,capital-029,Islamabad,Pakistan,Asia,Urdu,http://www.wikidata.org/entity/Q1362,http://www.wikidata.org/entity/Q843,https://www.wikidata.org/wiki/http://www.wikidata.org/entity/Q843,Wikidata SPARQL snapshot (2026-08-25),formal,v1,Entity: Islamabad. Country: Pakistan. Continent: Asia. Official language: Urdu.,C_train,S_test,code/generate_cs_dataset.py,template-v1,20260825
capital-029-structured,capital-029,Islamabad,Pakistan,Asia,Urdu,http://www.wikidata.org/entity/Q1362,http://www.wikidata.org/entity/Q843,https://www.wikidata.org/wiki/http://www.wikidata.org/entity/Q843,Wikidata SPARQL snapshot (2026-08-25),structured,v1,"{""continent"": ""Asia"", ""country"": ""Pakistan"", ""entity"": ""Islamabad"", ""language"": ""Urdu""}",C_train,S_test,code/generate_cs_dataset.py,template-v1,20260825
capital-030-declarative,capital-030,Riyadh,Saudi Arabia,Asia,Arabic,http://www.wikidata.org/entity/Q3692,http://www.wikidata.org/entity/Q851,https://www.wikidata.org/wiki/http://www.wikidata.org/entity/Q851,Wikidata SPARQL snapshot (2026-08-25),declarative,v1,"Riyadh is in Saudi Arabia, a country in Asia where Arabic is an official language.",C_train,S_train,code/generate_cs_dataset.py,template-v1,20260825
capital-030-question,capital-030,Riyadh,Saudi Arabia,Asia,Arabic,http://www.wikidata.org/entity/Q3692,http://www.wikidata.org/entity/Q851,https://www.wikidata.org/wiki/http://www.wikidata.org/entity/Q851,Wikidata SPARQL snapshot (2026-08-25),question,v1,"Which country, continent, and official language correspond to Riyadh? Answer: Saudi Arabia; Asia; Arabic.",C_train,S_train,code/generate_cs_dataset.py,template-v1,20260825
capital-030-paraphrase,capital-030,Riyadh,Saudi Arabia,Asia,Arabic,http://www.wikidata.org/entity/Q3692,http://www.wikidata.org/entity/Q851,https://www.wikidata.org/wiki/http://www.wikidata.org/entity/Q851,Wikidata SPARQL snapshot (2026-08-25),paraphrase,v1,For Riyadh: country=Saudi Arabia; continent=Asia; official language=Arabic.,C_train,S_train,code/generate_cs_dataset.py,template-v1,20260825
capital-030-formal,capital-030,Riyadh,Saudi Arabia,Asia,Arabic,http://www.wikidata.org/entity/Q3692,http://www.wikidata.org/entity/Q851,https://www.wikidata.org/wiki/http://www.wikidata.org/entity/Q851,Wikidata SPARQL snapshot (2026-08-25),formal,v1,Entity: Riyadh. Country: Saudi Arabia. Continent: Asia. Official language: Arabic.,C_train,S_test,code/generate_cs_dataset.py,template-v1,20260825
capital-030-structured,capital-030,Riyadh,Saudi Arabia,Asia,Arabic,http://www.wikidata.org/entity/Q3692,http://www.wikidata.org/entity/Q851,https://www.wikidata.org/wiki/http://www.wikidata.org/entity/Q851,Wikidata SPARQL snapshot (2026-08-25),structured,v1,"{""continent"": ""Asia"", ""country"": ""Saudi Arabia"", ""entity"": ""Riyadh"", ""language"": ""Arabic""}",C_train,S_test,code/generate_cs_dataset.py,template-v1,20260825
capital-033-declarative,capital-033,Dushanbe,Tajikistan,Asia,Tajik,http://www.wikidata.org/entity/Q9365,http://www.wikidata.org/entity/Q863,https://www.wikidata.org/wiki/http://www.wikidata.org/entity/Q863,Wikidata SPARQL snapshot (2026-08-25),declarative,v1,"Dushanbe is in Tajikistan, a country in Asia where Tajik is an official language.",C_train,S_train,code/generate_cs_dataset.py,template-v1,20260825
capital-033-question,capital-033,Dushanbe,Tajikistan,Asia,Tajik,http://www.wikidata.org/entity/Q9365,http://www.wikidata.org/entity/Q863,https://www.wikidata.org/wiki/http://www.wikidata.org/entity/Q863,Wikidata SPARQL snapshot (2026-08-25),question,v1,"Which country, continent, and official language correspond to Dushanbe? Answer: Tajikistan; Asia; Tajik.",C_train,S_train,code/generate_cs_dataset.py,template-v1,20260825
capital-033-paraphrase,capital-033,Dushanbe,Tajikistan,Asia,Tajik,http://www.wikidata.org/entity/Q9365,http://www.wikidata.org/entity/Q863,https://www.wikidata.org/wiki/http://www.wikidata.org/entity/Q863,Wikidata SPARQL snapshot (2026-08-25),paraphrase,v1,For Dushanbe: country=Tajikistan; continent=Asia; official language=Tajik.,C_train,S_train,code/generate_cs_dataset.py,template-v1,20260825
capital-033-formal,capital-033,Dushanbe,Tajikistan,Asia,Tajik,http://www.wikidata.org/entity/Q9365,http://www.wikidata.org/entity/Q863,https://www.wikidata.org/wiki/http://www.wikidata.org/entity/Q863,Wikidata SPARQL snapshot (2026-08-25),formal,v1,Entity: Dushanbe. Country: Tajikistan. Continent: Asia. Official language: Tajik.,C_train,S_test,code/generate_cs_dataset.py,template-v1,20260825
capital-033-structured,capital-033,Dushanbe,Tajikistan,Asia,Tajik,http://www.wikidata.org/entity/Q9365,http://www.wikidata.org/entity/Q863,https://www.wikidata.org/wiki/http://www.wikidata.org/entity/Q863,Wikidata SPARQL snapshot (2026-08-25),structured,v1,"{""continent"": ""Asia"", ""country"": ""Tajikistan"", ""entity"": ""Dushanbe"", ""language"": ""Tajik""}",C_train,S_test,code/generate_cs_dataset.py,template-v1,20260825
capital-034-declarative,capital-034,Taipei,Taiwan,Asia,Taiwanese Sign Language,http://www.wikidata.org/entity/Q1867,http://www.wikidata.org/entity/Q865,https://www.wikidata.org/wiki/http://www.wikidata.org/entity/Q865,Wikidata SPARQL snapshot (2026-08-25),declarative,v1,"Taipei is in Taiwan, a country in Asia where Taiwanese Sign Language is an official language.",C_train,S_train,code/generate_cs_dataset.py,template-v1,20260825
capital-034-question,capital-034,Taipei,Taiwan,Asia,Taiwanese Sign Language,http://www.wikidata.org/entity/Q1867,http://www.wikidata.org/entity/Q865,https://www.wikidata.org/wiki/http://www.wikidata.org/entity/Q865,Wikidata SPARQL snapshot (2026-08-25),question,v1,"Which country, continent, and official language correspond to Taipei? Answer: Taiwan; Asia; Taiwanese Sign Language.",C_train,S_train,code/generate_cs_dataset.py,template-v1,20260825
capital-034-paraphrase,capital-034,Taipei,Taiwan,Asia,Taiwanese Sign Language,http://www.wikidata.org/entity/Q1867,http://www.wikidata.org/entity/Q865,https://www.wikidata.org/wiki/http://www.wikidata.org/entity/Q865,Wikidata SPARQL snapshot (2026-08-25),paraphrase,v1,For Taipei: country=Taiwan; continent=Asia; official language=Taiwanese Sign Language.,C_train,S_train,code/generate_cs_dataset.py,template-v1,20260825
capital-034-formal,capital-034,Taipei,Taiwan,Asia,Taiwanese Sign Language,http://www.wikidata.org/entity/Q1867,http://www.wikidata.org/entity/Q865,https://www.wikidata.org/wiki/http://www.wikidata.org/entity/Q865,Wikidata SPARQL snapshot (2026-08-25),formal,v1,Entity: Taipei. Country: Taiwan. Continent: Asia. Official language: Taiwanese Sign Language.,C_train,S_test,code/generate_cs_dataset.py,template-v1,20260825
capital-034-structured,capital-034,Taipei,Taiwan,Asia,Taiwanese Sign Language,http://www.wikidata.org/entity/Q1867,http://www.wikidata.org/entity/Q865,https://www.wikidata.org/wiki/http://www.wikidata.org/entity/Q865,Wikidata SPARQL snapshot (2026-08-25),structured,v1,"{""continent"": ""Asia"", ""country"": ""Taiwan"", ""entity"": ""Taipei"", ""language"": ""Taiwanese Sign Language""}",C_train,S_test,code/generate_cs_dataset.py,template-v1,20260825
capital-035-declarative,capital-035,Bangkok,Thailand,Asia,Thai,http://www.wikidata.org/entity/Q1861,http://www.wikidata.org/entity/Q869,https://www.wikidata.org/wiki/http://www.wikidata.org/entity/Q869,Wikidata SPARQL snapshot (2026-08-25),declarative,v1,"Bangkok is in Thailand, a country in Asia where Thai is an official language.",C_train,S_train,code/generate_cs_dataset.py,template-v1,20260825
capital-035-question,capital-035,Bangkok,Thailand,Asia,Thai,http://www.wikidata.org/entity/Q1861,http://www.wikidata.org/entity/Q869,https://www.wikidata.org/wiki/http://www.wikidata.org/entity/Q869,Wikidata SPARQL snapshot (2026-08-25),question,v1,"Which country, continent, and official language correspond to Bangkok? Answer: Thailand; Asia; Thai.",C_train,S_train,code/generate_cs_dataset.py,template-v1,20260825
capital-035-paraphrase,capital-035,Bangkok,Thailand,Asia,Thai,http://www.wikidata.org/entity/Q1861,http://www.wikidata.org/entity/Q869,https://www.wikidata.org/wiki/http://www.wikidata.org/entity/Q869,Wikidata SPARQL snapshot (2026-08-25),paraphrase,v1,For Bangkok: country=Thailand; continent=Asia; official language=Thai.,C_train,S_train,code/generate_cs_dataset.py,template-v1,20260825
capital-035-formal,capital-035,Bangkok,Thailand,Asia,Thai,http://www.wikidata.org/entity/Q1861,http://www.wikidata.org/entity/Q869,https://www.wikidata.org/wiki/http://www.wikidata.org/entity/Q869,Wikidata SPARQL snapshot (2026-08-25),formal,v1,Entity: Bangkok. Country: Thailand. Continent: Asia. Official language: Thai.,C_train,S_test,code/generate_cs_dataset.py,template-v1,20260825
capital-035-structured,capital-035,Bangkok,Thailand,Asia,Thai,http://www.wikidata.org/entity/Q1861,http://www.wikidata.org/entity/Q869,https://www.wikidata.org/wiki/http://www.wikidata.org/entity/Q869,Wikidata SPARQL snapshot (2026-08-25),structured,v1,"{""continent"": ""Asia"", ""country"": ""Thailand"", ""entity"": ""Bangkok"", ""language"": ""Thai""}",C_train,S_test,code/generate_cs_dataset.py,template-v1,20260825
capital-036-declarative,capital-036,Ashgabat,Turkmenistan,Asia,Turkmen,http://www.wikidata.org/entity/Q23438,http://www.wikidata.org/entity/Q874,https://www.wikidata.org/wiki/http://www.wikidata.org/entity/Q874,Wikidata SPARQL snapshot (2026-08-25),declarative,v1,"Ashgabat is in Turkmenistan, a country in Asia where Turkmen is an official language.",C_train,S_train,code/generate_cs_dataset.py,template-v1,20260825
capital-036-question,capital-036,Ashgabat,Turkmenistan,Asia,Turkmen,http://www.wikidata.org/entity/Q23438,http://www.wikidata.org/entity/Q874,https://www.wikidata.org/wiki/http://www.wikidata.org/entity/Q874,Wikidata SPARQL snapshot (2026-08-25),question,v1,"Which country, continent, and official language correspond to Ashgabat? Answer: Turkmenistan; Asia; Turkmen.",C_train,S_train,code/generate_cs_dataset.py,template-v1,20260825
capital-036-paraphrase,capital-036,Ashgabat,Turkmenistan,Asia,Turkmen,http://www.wikidata.org/entity/Q23438,http://www.wikidata.org/entity/Q874,https://www.wikidata.org/wiki/http://www.wikidata.org/entity/Q874,Wikidata SPARQL snapshot (2026-08-25),paraphrase,v1,For Ashgabat: country=Turkmenistan; continent=Asia; official language=Turkmen.,C_train,S_train,code/generate_cs_dataset.py,template-v1,20260825
capital-036-formal,capital-036,Ashgabat,Turkmenistan,Asia,Turkmen,http://www.wikidata.org/entity/Q23438,http://www.wikidata.org/entity/Q874,https://www.wikidata.org/wiki/http://www.wikidata.org/entity/Q874,Wikidata SPARQL snapshot (2026-08-25),formal,v1,Entity: Ashgabat. Country: Turkmenistan. Continent: Asia. Official language: Turkmen.,C_train,S_test,code/generate_cs_dataset.py,template-v1,20260825
capital-036-structured,capital-036,Ashgabat,Turkmenistan,Asia,Turkmen,http://www.wikidata.org/entity/Q23438,http://www.wikidata.org/entity/Q874,https://www.wikidata.org/wiki/http://www.wikidata.org/entity/Q874,Wikidata SPARQL snapshot (2026-08-25),structured,v1,"{""continent"": ""Asia"", ""country"": ""Turkmenistan"", ""entity"": ""Ashgabat"", ""language"": ""Turkmen""}",C_train,S_test,code/generate_cs_dataset.py,template-v1,20260825
capital-037-declarative,capital-037,Abu Dhabi,United Arab Emirates,Asia,Arabic,http://www.wikidata.org/entity/Q1519,http://www.wikidata.org/entity/Q878,https://www.wikidata.org/wiki/http://www.wikidata.org/entity/Q878,Wikidata SPARQL snapshot (2026-08-25),declarative,v1,"Abu Dhabi is in United Arab Emirates, a country in Asia where Arabic is an official language.",C_train,S_train,code/generate_cs_dataset.py,template-v1,20260825
capital-037-question,capital-037,Abu Dhabi,United Arab Emirates,Asia,Arabic,http://www.wikidata.org/entity/Q1519,http://www.wikidata.org/entity/Q878,https://www.wikidata.org/wiki/http://www.wikidata.org/entity/Q878,Wikidata SPARQL snapshot (2026-08-25),question,v1,"Which country, continent, and official language correspond to Abu Dhabi? Answer: United Arab Emirates; Asia; Arabic.",C_train,S_train,code/generate_cs_dataset.py,template-v1,20260825
capital-037-paraphrase,capital-037,Abu Dhabi,United Arab Emirates,Asia,Arabic,http://www.wikidata.org/entity/Q1519,http://www.wikidata.org/entity/Q878,https://www.wikidata.org/wiki/http://www.wikidata.org/entity/Q878,Wikidata SPARQL snapshot (2026-08-25),paraphrase,v1,For Abu Dhabi: country=United Arab Emirates; continent=Asia; official language=Arabic.,C_train,S_train,code/generate_cs_dataset.py,template-v1,20260825
capital-037-formal,capital-037,Abu Dhabi,United Arab Emirates,Asia,Arabic,http://www.wikidata.org/entity/Q1519,http://www.wikidata.org/entity/Q878,https://www.wikidata.org/wiki/http://www.wikidata.org/entity/Q878,Wikidata SPARQL snapshot (2026-08-25),formal,v1,Entity: Abu Dhabi. Country: United Arab Emirates. Continent: Asia. Official language: Arabic.,C_train,S_test,code/generate_cs_dataset.py,template-v1,20260825
capital-037-structured,capital-037,Abu Dhabi,United Arab Emirates,Asia,Arabic,http://www.wikidata.org/entity/Q1519,http://www.wikidata.org/entity/Q878,https://www.wikidata.org/wiki/http://www.wikidata.org/entity/Q878,Wikidata SPARQL snapshot (2026-08-25),structured,v1,"{""continent"": ""Asia"", ""country"": ""United Arab Emirates"", ""entity"": ""Abu Dhabi"", ""language"": ""Arabic""}",C_train,S_test,code/generate_cs_dataset.py,template-v1,20260825
capital-040-declarative,capital-040,Kabul,Afghanistan,Asia,Uzbek,http://www.wikidata.org/entity/Q5838,http://www.wikidata.org/entity/Q889,https://www.wikidata.org/wiki/http://www.wikidata.org/entity/Q889,Wikidata SPARQL snapshot (2026-08-25),declarative,v1,"Kabul is in Afghanistan, a country in Asia where Uzbek is an official language.",C_train,S_train,code/generate_cs_dataset.py,template-v1,20260825
capital-040-question,capital-040,Kabul,Afghanistan,Asia,Uzbek,http://www.wikidata.org/entity/Q5838,http://www.wikidata.org/entity/Q889,https://www.wikidata.org/wiki/http://www.wikidata.org/entity/Q889,Wikidata SPARQL snapshot (2026-08-25),question,v1,"Which country, continent, and official language correspond to Kabul? Answer: Afghanistan; Asia; Uzbek.",C_train,S_train,code/generate_cs_dataset.py,template-v1,20260825
capital-040-paraphrase,capital-040,Kabul,Afghanistan,Asia,Uzbek,http://www.wikidata.org/entity/Q5838,http://www.wikidata.org/entity/Q889,https://www.wikidata.org/wiki/http://www.wikidata.org/entity/Q889,Wikidata SPARQL snapshot (2026-08-25),paraphrase,v1,For Kabul: country=Afghanistan; continent=Asia; official language=Uzbek.,C_train,S_train,code/generate_cs_dataset.py,template-v1,20260825
capital-040-formal,capital-040,Kabul,Afghanistan,Asia,Uzbek,http://www.wikidata.org/entity/Q5838,http://www.wikidata.org/entity/Q889,https://www.wikidata.org/wiki/http://www.wikidata.org/entity/Q889,Wikidata SPARQL snapshot (2026-08-25),formal,v1,Entity: Kabul. Country: Afghanistan. Continent: Asia. Official language: Uzbek.,C_train,S_test,code/generate_cs_dataset.py,template-v1,20260825
capital-040-structured,capital-040,Kabul,Afghanistan,Asia,Uzbek,http://www.wikidata.org/entity/Q5838,http://www.wikidata.org/entity/Q889,https://www.wikidata.org/wiki/http://www.wikidata.org/entity/Q889,Wikidata SPARQL snapshot (2026-08-25),structured,v1,"{""continent"": ""Asia"", ""country"": ""Afghanistan"", ""entity"": ""Kabul"", ""language"": ""Uzbek""}",C_train,S_test,code/generate_cs_dataset.py,template-v1,20260825
capital-041-declarative,capital-041,Dhaka,Bangladesh,Asia,Bangla,http://www.wikidata.org/entity/Q1354,http://www.wikidata.org/entity/Q902,https://www.wikidata.org/wiki/http://www.wikidata.org/entity/Q902,Wikidata SPARQL snapshot (2026-08-25),declarative,v1,"Dhaka is in Bangladesh, a country in Asia where Bangla is an official language.",C_train,S_train,code/generate_cs_dataset.py,template-v1,20260825
capital-041-question,capital-041,Dhaka,Bangladesh,Asia,Bangla,http://www.wikidata.org/entity/Q1354,http://www.wikidata.org/entity/Q902,https://www.wikidata.org/wiki/http://www.wikidata.org/entity/Q902,Wikidata SPARQL snapshot (2026-08-25),question,v1,"Which country, continent, and official language correspond to Dhaka? Answer: Bangladesh; Asia; Bangla.",C_train,S_train,code/generate_cs_dataset.py,template-v1,20260825
capital-041-paraphrase,capital-041,Dhaka,Bangladesh,Asia,Bangla,http://www.wikidata.org/entity/Q1354,http://www.wikidata.org/entity/Q902,https://www.wikidata.org/wiki/http://www.wikidata.org/entity/Q902,Wikidata SPARQL snapshot (2026-08-25),paraphrase,v1,For Dhaka: country=Bangladesh; continent=Asia; official language=Bangla.,C_train,S_train,code/generate_cs_dataset.py,template-v1,20260825
capital-041-formal,capital-041,Dhaka,Bangladesh,Asia,Bangla,http://www.wikidata.org/entity/Q1354,http://www.wikidata.org/entity/Q902,https://www.wikidata.org/wiki/http://www.wikidata.org/entity/Q902,Wikidata SPARQL snapshot (2026-08-25),formal,v1,Entity: Dhaka. Country: Bangladesh. Continent: Asia. Official language: Bangla.,C_train,S_test,code/generate_cs_dataset.py,template-v1,20260825
capital-041-structured,capital-041,Dhaka,Bangladesh,Asia,Bangla,http://www.wikidata.org/entity/Q1354,http://www.wikidata.org/entity/Q902,https://www.wikidata.org/wiki/http://www.wikidata.org/entity/Q902,Wikidata SPARQL snapshot (2026-08-25),structured,v1,"{""continent"": ""Asia"", ""country"": ""Bangladesh"", ""entity"": ""Dhaka"", ""language"": ""Bangla""}",C_train,S_test,code/generate_cs_dataset.py,template-v1,20260825
capital-044-declarative,capital-044,Thimphu,Bhutan,Asia,Dzongkha,http://www.wikidata.org/entity/Q9270,http://www.wikidata.org/entity/Q917,https://www.wikidata.org/wiki/http://www.wikidata.org/entity/Q917,Wikidata SPARQL snapshot (2026-08-25),declarative,v1,"Thimphu is in Bhutan, a country in Asia where Dzongkha is an official language.",C_train,S_train,code/generate_cs_dataset.py,template-v1,20260825
capital-044-question,capital-044,Thimphu,Bhutan,Asia,Dzongkha,http://www.wikidata.org/entity/Q9270,http://www.wikidata.org/entity/Q917,https://www.wikidata.org/wiki/http://www.wikidata.org/entity/Q917,Wikidata SPARQL snapshot (2026-08-25),question,v1,"Which country, continent, and official language correspond to Thimphu? Answer: Bhutan; Asia; Dzongkha.",C_train,S_train,code/generate_cs_dataset.py,template-v1,20260825
capital-044-paraphrase,capital-044,Thimphu,Bhutan,Asia,Dzongkha,http://www.wikidata.org/entity/Q9270,http://www.wikidata.org/entity/Q917,https://www.wikidata.org/wiki/http://www.wikidata.org/entity/Q917,Wikidata SPARQL snapshot (2026-08-25),paraphrase,v1,For Thimphu: country=Bhutan; continent=Asia; official language=Dzongkha.,C_train,S_train,code/generate_cs_dataset.py,template-v1,20260825
capital-044-formal,capital-044,Thimphu,Bhutan,Asia,Dzongkha,http://www.wikidata.org/entity/Q9270,http://www.wikidata.org/entity/Q917,https://www.wikidata.org/wiki/http://www.wikidata.org/entity/Q917,Wikidata SPARQL snapshot (2026-08-25),formal,v1,Entity: Thimphu. Country: Bhutan. Continent: Asia. Official language: Dzongkha.,C_train,S_test,code/generate_cs_dataset.py,template-v1,20260825
capital-044-structured,capital-044,Thimphu,Bhutan,Asia,Dzongkha,http://www.wikidata.org/entity/Q9270,http://www.wikidata.org/entity/Q917,https://www.wikidata.org/wiki/http://www.wikidata.org/entity/Q917,Wikidata SPARQL snapshot (2026-08-25),structured,v1,"{""continent"": ""Asia"", ""country"": ""Bhutan"", ""entity"": ""Thimphu"", ""language"": ""Dzongkha""}",C_train,S_test,code/generate_cs_dataset.py,template-v1,20260825
capital-045-declarative,capital-045,Bandar Seri Begawan,Brunei,Asia,British English,http://www.wikidata.org/entity/Q9279,http://www.wikidata.org/entity/Q921,https://www.wikidata.org/wiki/http://www.wikidata.org/entity/Q921,Wikidata SPARQL snapshot (2026-08-25),declarative,v1,"Bandar Seri Begawan is in Brunei, a country in Asia where British English is an official language.",C_train,S_train,code/generate_cs_dataset.py,template-v1,20260825
capital-045-question,capital-045,Bandar Seri Begawan,Brunei,Asia,British English,http://www.wikidata.org/entity/Q9279,http://www.wikidata.org/entity/Q921,https://www.wikidata.org/wiki/http://www.wikidata.org/entity/Q921,Wikidata SPARQL snapshot (2026-08-25),question,v1,"Which country, continent, and official language correspond to Bandar Seri Begawan? Answer: Brunei; Asia; British English.",C_train,S_train,code/generate_cs_dataset.py,template-v1,20260825
capital-045-paraphrase,capital-045,Bandar Seri Begawan,Brunei,Asia,British English,http://www.wikidata.org/entity/Q9279,http://www.wikidata.org/entity/Q921,https://www.wikidata.org/wiki/http://www.wikidata.org/entity/Q921,Wikidata SPARQL snapshot (2026-08-25),paraphrase,v1,For Bandar Seri Begawan: country=Brunei; continent=Asia; official language=British English.,C_train,S_train,code/generate_cs_dataset.py,template-v1,20260825
capital-045-formal,capital-045,Bandar Seri Begawan,Brunei,Asia,British English,http://www.wikidata.org/entity/Q9279,http://www.wikidata.org/entity/Q921,https://www.wikidata.org/wiki/http://www.wikidata.org/entity/Q921,Wikidata SPARQL snapshot (2026-08-25),formal,v1,Entity: Bandar Seri Begawan. Country: Brunei. Continent: Asia. Official language: British English.,C_train,S_test,code/generate_cs_dataset.py,template-v1,20260825
capital-045-structured,capital-045,Bandar Seri Begawan,Brunei,Asia,British English,http://www.wikidata.org/entity/Q9279,http://www.wikidata.org/entity/Q921,https://www.wikidata.org/wiki/http://www.wikidata.org/entity/Q921,Wikidata SPARQL snapshot (2026-08-25),structured,v1,"{""continent"": ""Asia"", ""country"": ""Brunei"", ""entity"": ""Bandar Seri Begawan"", ""language"": ""British English""}",C_train,S_test,code/generate_cs_dataset.py,template-v1,20260825
capital-046-declarative,capital-046,Pretoria,South Africa,Africa,Southern Ndebele,http://www.wikidata.org/entity/Q3926,http://www.wikidata.org/entity/Q258,https://www.wikidata.org/wiki/http://www.wikidata.org/entity/Q258,Wikidata SPARQL snapshot (2026-08-25),declarative,v1,"Pretoria is in South Africa, a country in Africa where Southern Ndebele is an official language.",C_train,S_train,code/generate_cs_dataset.py,template-v1,20260825
capital-046-question,capital-046,Pretoria,South Africa,Africa,Southern Ndebele,http://www.wikidata.org/entity/Q3926,http://www.wikidata.org/entity/Q258,https://www.wikidata.org/wiki/http://www.wikidata.org/entity/Q258,Wikidata SPARQL snapshot (2026-08-25),question,v1,"Which country, continent, and official language correspond to Pretoria? Answer: South Africa; Africa; Southern Ndebele.",C_train,S_train,code/generate_cs_dataset.py,template-v1,20260825
capital-046-paraphrase,capital-046,Pretoria,South Africa,Africa,Southern Ndebele,http://www.wikidata.org/entity/Q3926,http://www.wikidata.org/entity/Q258,https://www.wikidata.org/wiki/http://www.wikidata.org/entity/Q258,Wikidata SPARQL snapshot (2026-08-25),paraphrase,v1,For Pretoria: country=South Africa; continent=Africa; official language=Southern Ndebele.,C_train,S_train,code/generate_cs_dataset.py,template-v1,20260825
capital-046-formal,capital-046,Pretoria,South Africa,Africa,Southern Ndebele,http://www.wikidata.org/entity/Q3926,http://www.wikidata.org/entity/Q258,https://www.wikidata.org/wiki/http://www.wikidata.org/entity/Q258,Wikidata SPARQL snapshot (2026-08-25),formal,v1,Entity: Pretoria. Country: South Africa. Continent: Africa. Official language: Southern Ndebele.,C_train,S_test,code/generate_cs_dataset.py,template-v1,20260825
capital-046-structured,capital-046,Pretoria,South Africa,Africa,Southern Ndebele,http://www.wikidata.org/entity/Q3926,http://www.wikidata.org/entity/Q258,https://www.wikidata.org/wiki/http://www.wikidata.org/entity/Q258,Wikidata SPARQL snapshot (2026-08-25),structured,v1,"{""continent"": ""Africa"", ""country"": ""South Africa"", ""entity"": ""Pretoria"", ""language"": ""Southern Ndebele""}",C_train,S_test,code/generate_cs_dataset.py,template-v1,20260825
capital-055-declarative,capital-055,Canberra,Australia,Oceania,English,http://www.wikidata.org/entity/Q3114,http://www.wikidata.org/entity/Q408,https://www.wikidata.org/wiki/http://www.wikidata.org/entity/Q408,Wikidata SPARQL snapshot (2026-08-25),declarative,v1,"Canberra is in Australia, a country in Oceania where English is an official language.",C_train,S_train,code/generate_cs_dataset.py,template-v1,20260825
capital-055-question,capital-055,Canberra,Australia,Oceania,English,http://www.wikidata.org/entity/Q3114,http://www.wikidata.org/entity/Q408,https://www.wikidata.org/wiki/http://www.wikidata.org/entity/Q408,Wikidata SPARQL snapshot (2026-08-25),question,v1,"Which country, continent, and official language correspond to Canberra? Answer: Australia; Oceania; English.",C_train,S_train,code/generate_cs_dataset.py,template-v1,20260825
capital-055-paraphrase,capital-055,Canberra,Australia,Oceania,English,http://www.wikidata.org/entity/Q3114,http://www.wikidata.org/entity/Q408,https://www.wikidata.org/wiki/http://www.wikidata.org/entity/Q408,Wikidata SPARQL snapshot (2026-08-25),paraphrase,v1,For Canberra: country=Australia; continent=Oceania; official language=English.,C_train,S_train,code/generate_cs_dataset.py,template-v1,20260825
capital-055-formal,capital-055,Canberra,Australia,Oceania,English,http://www.wikidata.org/entity/Q3114,http://www.wikidata.org/entity/Q408,https://www.wikidata.org/wiki/http://www.wikidata.org/entity/Q408,Wikidata SPARQL snapshot (2026-08-25),formal,v1,Entity: Canberra. Country: Australia. Continent: Oceania. Official language: English.,C_train,S_test,code/generate_cs_dataset.py,template-v1,20260825
capital-055-structured,capital-055,Canberra,Australia,Oceania,English,http://www.wikidata.org/entity/Q3114,http://www.wikidata.org/entity/Q408,https://www.wikidata.org/wiki/http://www.wikidata.org/entity/Q408,Wikidata SPARQL snapshot (2026-08-25),structured,v1,"{""continent"": ""Oceania"", ""country"": ""Australia"", ""entity"": ""Canberra"", ""language"": ""English""}",C_train,S_test,code/generate_cs_dataset.py,template-v1,20260825
capital-056-declarative,capital-056,Buenos Aires,Argentina,South America,Spanish,http://www.wikidata.org/entity/Q1486,http://www.wikidata.org/entity/Q414,https://www.wikidata.org/wiki/http://www.wikidata.org/entity/Q414,Wikidata SPARQL snapshot (2026-08-25),declarative,v1,"Buenos Aires is in Argentina, a country in South America where Spanish is an official language.",C_train,S_train,code/generate_cs_dataset.py,template-v1,20260825
capital-056-question,capital-056,Buenos Aires,Argentina,South America,Spanish,http://www.wikidata.org/entity/Q1486,http://www.wikidata.org/entity/Q414,https://www.wikidata.org/wiki/http://www.wikidata.org/entity/Q414,Wikidata SPARQL snapshot (2026-08-25),question,v1,"Which country, continent, and official language correspond to Buenos Aires? Answer: Argentina; South America; Spanish.",C_train,S_train,code/generate_cs_dataset.py,template-v1,20260825
capital-056-paraphrase,capital-056,Buenos Aires,Argentina,South America,Spanish,http://www.wikidata.org/entity/Q1486,http://www.wikidata.org/entity/Q414,https://www.wikidata.org/wiki/http://www.wikidata.org/entity/Q414,Wikidata SPARQL snapshot (2026-08-25),paraphrase,v1,For Buenos Aires: country=Argentina; continent=South America; official language=Spanish.,C_train,S_train,code/generate_cs_dataset.py,template-v1,20260825
capital-056-formal,capital-056,Buenos Aires,Argentina,South America,Spanish,http://www.wikidata.org/entity/Q1486,http://www.wikidata.org/entity/Q414,https://www.wikidata.org/wiki/http://www.wikidata.org/entity/Q414,Wikidata SPARQL snapshot (2026-08-25),formal,v1,Entity: Buenos Aires. Country: Argentina. Continent: South America. Official language: Spanish.,C_train,S_test,code/generate_cs_dataset.py,template-v1,20260825
capital-056-structured,capital-056,Buenos Aires,Argentina,South America,Spanish,http://www.wikidata.org/entity/Q1486,http://www.wikidata.org/entity/Q414,https://www.wikidata.org/wiki/http://www.wikidata.org/entity/Q414,Wikidata SPARQL snapshot (2026-08-25),structured,v1,"{""continent"": ""South America"", ""country"": ""Argentina"", ""entity"": ""Buenos Aires"", ""language"": ""Spanish""}",C_train,S_test,code/generate_cs_dataset.py,template-v1,20260825
capital-057-declarative,capital-057,Lima,Peru,South America,Spanish,http://www.wikidata.org/entity/Q2868,http://www.wikidata.org/entity/Q419,https://www.wikidata.org/wiki/http://www.wikidata.org/entity/Q419,Wikidata SPARQL snapshot (2026-08-25),declarative,v1,"Lima is in Peru, a country in South America where Spanish is an official language.",C_train,S_train,code/generate_cs_dataset.py,template-v1,20260825
capital-057-question,capital-057,Lima,Peru,South America,Spanish,http://www.wikidata.org/entity/Q2868,http://www.wikidata.org/entity/Q419,https://www.wikidata.org/wiki/http://www.wikidata.org/entity/Q419,Wikidata SPARQL snapshot (2026-08-25),question,v1,"Which country, continent, and official language correspond to Lima? Answer: Peru; South America; Spanish.",C_train,S_train,code/generate_cs_dataset.py,template-v1,20260825
capital-057-paraphrase,capital-057,Lima,Peru,South America,Spanish,http://www.wikidata.org/entity/Q2868,http://www.wikidata.org/entity/Q419,https://www.wikidata.org/wiki/http://www.wikidata.org/entity/Q419,Wikidata SPARQL snapshot (2026-08-25),paraphrase,v1,For Lima: country=Peru; continent=South America; official language=Spanish.,C_train,S_train,code/generate_cs_dataset.py,template-v1,20260825
capital-057-formal,capital-057,Lima,Peru,South America,Spanish,http://www.wikidata.org/entity/Q2868,http://www.wikidata.org/entity/Q419,https://www.wikidata.org/wiki/http://www.wikidata.org/entity/Q419,Wikidata SPARQL snapshot (2026-08-25),formal,v1,Entity: Lima. Country: Peru. Continent: South America. Official language: Spanish.,C_train,S_test,code/generate_cs_dataset.py,template-v1,20260825
capital-057-structured,capital-057,Lima,Peru,South America,Spanish,http://www.wikidata.org/entity/Q2868,http://www.wikidata.org/entity/Q419,https://www.wikidata.org/wiki/http://www.wikidata.org/entity/Q419,Wikidata SPARQL snapshot (2026-08-25),structured,v1,"{""continent"": ""South America"", ""country"": ""Peru"", ""entity"": ""Lima"", ""language"": ""Spanish""}",C_train,S_test,code/generate_cs_dataset.py,template-v1,20260825
capital-058-declarative,capital-058,Pyongyang,North Korea,Asia,Korean,http://www.wikidata.org/entity/Q18808,http://www.wikidata.org/entity/Q423,https://www.wikidata.org/wiki/http://www.wikidata.org/entity/Q423,Wikidata SPARQL snapshot (2026-08-25),declarative,v1,"Pyongyang is in North Korea, a country in Asia where Korean is an official language.",C_train,S_train,code/generate_cs_dataset.py,template-v1,20260825
capital-058-question,capital-058,Pyongyang,North Korea,Asia,Korean,http://www.wikidata.org/entity/Q18808,http://www.wikidata.org/entity/Q423,https://www.wikidata.org/wiki/http://www.wikidata.org/entity/Q423,Wikidata SPARQL snapshot (2026-08-25),question,v1,"Which country, continent, and official language correspond to Pyongyang? Answer: North Korea; Asia; Korean.",C_train,S_train,code/generate_cs_dataset.py,template-v1,20260825
capital-058-paraphrase,capital-058,Pyongyang,North Korea,Asia,Korean,http://www.wikidata.org/entity/Q18808,http://www.wikidata.org/entity/Q423,https://www.wikidata.org/wiki/http://www.wikidata.org/entity/Q423,Wikidata SPARQL snapshot (2026-08-25),paraphrase,v1,For Pyongyang: country=North Korea; continent=Asia; official language=Korean.,C_train,S_train,code/generate_cs_dataset.py,template-v1,20260825
capital-058-formal,capital-058,Pyongyang,North Korea,Asia,Korean,http://www.wikidata.org/entity/Q18808,http://www.wikidata.org/entity/Q423,https://www.wikidata.org/wiki/http://www.wikidata.org/entity/Q423,Wikidata SPARQL snapshot (2026-08-25),formal,v1,Entity: Pyongyang. Country: North Korea. Continent: Asia. Official language: Korean.,C_train,S_test,code/generate_cs_dataset.py,template-v1,20260825
capital-058-structured,capital-058,Pyongyang,North Korea,Asia,Korean,http://www.wikidata.org/entity/Q18808,http://www.wikidata.org/entity/Q423,https://www.wikidata.org/wiki/http://www.wikidata.org/entity/Q423,Wikidata SPARQL snapshot (2026-08-25),structured,v1,"{""continent"": ""Asia"", ""country"": ""North Korea"", ""entity"": ""Pyongyang"", ""language"": ""Korean""}",C_train,S_test,code/generate_cs_dataset.py,template-v1,20260825
capital-059-declarative,capital-059,Phnom Penh,Cambodia,Asia,Khmer,http://www.wikidata.org/entity/Q1850,http://www.wikidata.org/entity/Q424,https://www.wikidata.org/wiki/http://www.wikidata.org/entity/Q424,Wikidata SPARQL snapshot (2026-08-25),declarative,v1,"Phnom Penh is in Cambodia, a country in Asia where Khmer is an official language.",C_train,S_train,code/generate_cs_dataset.py,template-v1,20260825
capital-059-question,capital-059,Phnom Penh,Cambodia,Asia,Khmer,http://www.wikidata.org/entity/Q1850,http://www.wikidata.org/entity/Q424,https://www.wikidata.org/wiki/http://www.wikidata.org/entity/Q424,Wikidata SPARQL snapshot (2026-08-25),question,v1,"Which country, continent, and official language correspond to Phnom Penh? Answer: Cambodia; Asia; Khmer.",C_train,S_train,code/generate_cs_dataset.py,template-v1,20260825
capital-059-paraphrase,capital-059,Phnom Penh,Cambodia,Asia,Khmer,http://www.wikidata.org/entity/Q1850,http://www.wikidata.org/entity/Q424,https://www.wikidata.org/wiki/http://www.wikidata.org/entity/Q424,Wikidata SPARQL snapshot (2026-08-25),paraphrase,v1,For Phnom Penh: country=Cambodia; continent=Asia; official language=Khmer.,C_train,S_train,code/generate_cs_dataset.py,template-v1,20260825
capital-059-formal,capital-059,Phnom Penh,Cambodia,Asia,Khmer,http://www.wikidata.org/entity/Q1850,http://www.wikidata.org/entity/Q424,https://www.wikidata.org/wiki/http://www.wikidata.org/entity/Q424,Wikidata SPARQL snapshot (2026-08-25),formal,v1,Entity: Phnom Penh. Country: Cambodia. Continent: Asia. Official language: Khmer.,C_train,S_test,code/generate_cs_dataset.py,template-v1,20260825
capital-059-structured,capital-059,Phnom Penh,Cambodia,Asia,Khmer,http://www.wikidata.org/entity/Q1850,http://www.wikidata.org/entity/Q424,https://www.wikidata.org/wiki/http://www.wikidata.org/entity/Q424,Wikidata SPARQL snapshot (2026-08-25),structured,v1,"{""continent"": ""Asia"", ""country"": ""Cambodia"", ""entity"": ""Phnom Penh"", ""language"": ""Khmer""}",C_train,S_test,code/generate_cs_dataset.py,template-v1,20260825
capital-060-declarative,capital-060,Dili,Timor-Leste,Asia,Portuguese,http://www.wikidata.org/entity/Q9310,http://www.wikidata.org/entity/Q574,https://www.wikidata.org/wiki/http://www.wikidata.org/entity/Q574,Wikidata SPARQL snapshot (2026-08-25),declarative,v1,"Dili is in Timor-Leste, a country in Asia where Portuguese is an official language.",C_train,S_train,code/generate_cs_dataset.py,template-v1,20260825
capital-060-question,capital-060,Dili,Timor-Leste,Asia,Portuguese,http://www.wikidata.org/entity/Q9310,http://www.wikidata.org/entity/Q574,https://www.wikidata.org/wiki/http://www.wikidata.org/entity/Q574,Wikidata SPARQL snapshot (2026-08-25),question,v1,"Which country, continent, and official language correspond to Dili? Answer: Timor-Leste; Asia; Portuguese.",C_train,S_train,code/generate_cs_dataset.py,template-v1,20260825
capital-060-paraphrase,capital-060,Dili,Timor-Leste,Asia,Portuguese,http://www.wikidata.org/entity/Q9310,http://www.wikidata.org/entity/Q574,https://www.wikidata.org/wiki/http://www.wikidata.org/entity/Q574,Wikidata SPARQL snapshot (2026-08-25),paraphrase,v1,For Dili: country=Timor-Leste; continent=Asia; official language=Portuguese.,C_train,S_train,code/generate_cs_dataset.py,template-v1,20260825
capital-060-formal,capital-060,Dili,Timor-Leste,Asia,Portuguese,http://www.wikidata.org/entity/Q9310,http://www.wikidata.org/entity/Q574,https://www.wikidata.org/wiki/http://www.wikidata.org/entity/Q574,Wikidata SPARQL snapshot (2026-08-25),formal,v1,Entity: Dili. Country: Timor-Leste. Continent: Asia. Official language: Portuguese.,C_train,S_test,code/generate_cs_dataset.py,template-v1,20260825
capital-060-structured,capital-060,Dili,Timor-Leste,Asia,Portuguese,http://www.wikidata.org/entity/Q9310,http://www.wikidata.org/entity/Q574,https://www.wikidata.org/wiki/http://www.wikidata.org/entity/Q574,Wikidata SPARQL snapshot (2026-08-25),structured,v1,"{""continent"": ""Asia"", ""country"": ""Timor-Leste"", ""entity"": ""Dili"", ""language"": ""Portuguese""}",C_train,S_test,code/generate_cs_dataset.py,template-v1,20260825
capital-061-declarative,capital-061,N'Djamena,Chad,Africa,French,http://www.wikidata.org/entity/Q3659,http://www.wikidata.org/entity/Q657,https://www.wikidata.org/wiki/http://www.wikidata.org/entity/Q657,Wikidata SPARQL snapshot (2026-08-25),declarative,v1,"N'Djamena is in Chad, a country in Africa where French is an official language.",C_train,S_train,code/generate_cs_dataset.py,template-v1,20260825
capital-061-question,capital-061,N'Djamena,Chad,Africa,French,http://www.wikidata.org/entity/Q3659,http://www.wikidata.org/entity/Q657,https://www.wikidata.org/wiki/http://www.wikidata.org/entity/Q657,Wikidata SPARQL snapshot (2026-08-25),question,v1,"Which country, continent, and official language correspond to N'Djamena? Answer: Chad; Africa; French.",C_train,S_train,code/generate_cs_dataset.py,template-v1,20260825
capital-061-paraphrase,capital-061,N'Djamena,Chad,Africa,French,http://www.wikidata.org/entity/Q3659,http://www.wikidata.org/entity/Q657,https://www.wikidata.org/wiki/http://www.wikidata.org/entity/Q657,Wikidata SPARQL snapshot (2026-08-25),paraphrase,v1,For N'Djamena: country=Chad; continent=Africa; official language=French.,C_train,S_train,code/generate_cs_dataset.py,template-v1,20260825
capital-061-formal,capital-061,N'Djamena,Chad,Africa,French,http://www.wikidata.org/entity/Q3659,http://www.wikidata.org/entity/Q657,https://www.wikidata.org/wiki/http://www.wikidata.org/entity/Q657,Wikidata SPARQL snapshot (2026-08-25),formal,v1,Entity: N'Djamena. Country: Chad. Continent: Africa. Official language: French.,C_train,S_test,code/generate_cs_dataset.py,template-v1,20260825
capital-061-structured,capital-061,N'Djamena,Chad,Africa,French,http://www.wikidata.org/entity/Q3659,http://www.wikidata.org/entity/Q657,https://www.wikidata.org/wiki/http://www.wikidata.org/entity/Q657,Wikidata SPARQL snapshot (2026-08-25),structured,v1,"{""continent"": ""Africa"", ""country"": ""Chad"", ""entity"": ""N'Djamena"", ""language"": ""French""}",C_train,S_test,code/generate_cs_dataset.py,template-v1,20260825
capital-062-declarative,capital-062,Wellington,New Zealand,Oceania,English,http://www.wikidata.org/entity/Q23661,http://www.wikidata.org/entity/Q664,https://www.wikidata.org/wiki/http://www.wikidata.org/entity/Q664,Wikidata SPARQL snapshot (2026-08-25),declarative,v1,"Wellington is in New Zealand, a country in Oceania where English is an official language.",C_train,S_train,code/generate_cs_dataset.py,template-v1,20260825
capital-062-question,capital-062,Wellington,New Zealand,Oceania,English,http://www.wikidata.org/entity/Q23661,http://www.wikidata.org/entity/Q664,https://www.wikidata.org/wiki/http://www.wikidata.org/entity/Q664,Wikidata SPARQL snapshot (2026-08-25),question,v1,"Which country, continent, and official language correspond to Wellington? Answer: New Zealand; Oceania; English.",C_train,S_train,code/generate_cs_dataset.py,template-v1,20260825
capital-062-paraphrase,capital-062,Wellington,New Zealand,Oceania,English,http://www.wikidata.org/entity/Q23661,http://www.wikidata.org/entity/Q664,https://www.wikidata.org/wiki/http://www.wikidata.org/entity/Q664,Wikidata SPARQL snapshot (2026-08-25),paraphrase,v1,For Wellington: country=New Zealand; continent=Oceania; official language=English.,C_train,S_train,code/generate_cs_dataset.py,template-v1,20260825
capital-062-formal,capital-062,Wellington,New Zealand,Oceania,English,http://www.wikidata.org/entity/Q23661,http://www.wikidata.org/entity/Q664,https://www.wikidata.org/wiki/http://www.wikidata.org/entity/Q664,Wikidata SPARQL snapshot (2026-08-25),formal,v1,Entity: Wellington. Country: New Zealand. Continent: Oceania. Official language: English.,C_train,S_test,code/generate_cs_dataset.py,template-v1,20260825
capital-062-structured,capital-062,Wellington,New Zealand,Oceania,English,http://www.wikidata.org/entity/Q23661,http://www.wikidata.org/entity/Q664,https://www.wikidata.org/wiki/http://www.wikidata.org/entity/Q664,Wikidata SPARQL snapshot (2026-08-25),structured,v1,"{""continent"": ""Oceania"", ""country"": ""New Zealand"", ""entity"": ""Wellington"", ""language"": ""English""}",C_train,S_test,code/generate_cs_dataset.py,template-v1,20260825
capital-063-declarative,capital-063,New Delhi,India,Asia,Hindi,http://www.wikidata.org/entity/Q987,http://www.wikidata.org/entity/Q668,https://www.wikidata.org/wiki/http://www.wikidata.org/entity/Q668,Wikidata SPARQL snapshot (2026-08-25),declarative,v1,"New Delhi is in India, a country in Asia where Hindi is an official language.",C_train,S_train,code/generate_cs_dataset.py,template-v1,20260825
capital-063-question,capital-063,New Delhi,India,Asia,Hindi,http://www.wikidata.org/entity/Q987,http://www.wikidata.org/entity/Q668,https://www.wikidata.org/wiki/http://www.wikidata.org/entity/Q668,Wikidata SPARQL snapshot (2026-08-25),question,v1,"Which country, continent, and official language correspond to New Delhi? Answer: India; Asia; Hindi.",C_train,S_train,code/generate_cs_dataset.py,template-v1,20260825
capital-063-paraphrase,capital-063,New Delhi,India,Asia,Hindi,http://www.wikidata.org/entity/Q987,http://www.wikidata.org/entity/Q668,https://www.wikidata.org/wiki/http://www.wikidata.org/entity/Q668,Wikidata SPARQL snapshot (2026-08-25),paraphrase,v1,For New Delhi: country=India; continent=Asia; official language=Hindi.,C_train,S_train,code/generate_cs_dataset.py,template-v1,20260825
capital-063-formal,capital-063,New Delhi,India,Asia,Hindi,http://www.wikidata.org/entity/Q987,http://www.wikidata.org/entity/Q668,https://www.wikidata.org/wiki/http://www.wikidata.org/entity/Q668,Wikidata SPARQL snapshot (2026-08-25),formal,v1,Entity: New Delhi. Country: India. Continent: Asia. Official language: Hindi.,C_train,S_test,code/generate_cs_dataset.py,template-v1,20260825
capital-063-structured,capital-063,New Delhi,India,Asia,Hindi,http://www.wikidata.org/entity/Q987,http://www.wikidata.org/entity/Q668,https://www.wikidata.org/wiki/http://www.wikidata.org/entity/Q668,Wikidata SPARQL snapshot (2026-08-25),structured,v1,"{""continent"": ""Asia"", ""country"": ""India"", ""entity"": ""New Delhi"", ""language"": ""Hindi""}",C_train,S_test,code/generate_cs_dataset.py,template-v1,20260825
capital-064-declarative,capital-064,Funafuti,Tuvalu,Insular Oceania,English,http://www.wikidata.org/entity/Q34126,http://www.wikidata.org/entity/Q672,https://www.wikidata.org/wiki/http://www.wikidata.org/entity/Q672,Wikidata SPARQL snapshot (2026-08-25),declarative,v1,"Funafuti is in Tuvalu, a country in Insular Oceania where English is an official language.",C_train,S_train,code/generate_cs_dataset.py,template-v1,20260825
capital-064-question,capital-064,Funafuti,Tuvalu,Insular Oceania,English,http://www.wikidata.org/entity/Q34126,http://www.wikidata.org/entity/Q672,https://www.wikidata.org/wiki/http://www.wikidata.org/entity/Q672,Wikidata SPARQL snapshot (2026-08-25),question,v1,"Which country, continent, and official language correspond to Funafuti? Answer: Tuvalu; Insular Oceania; English.",C_train,S_train,code/generate_cs_dataset.py,template-v1,20260825
capital-064-paraphrase,capital-064,Funafuti,Tuvalu,Insular Oceania,English,http://www.wikidata.org/entity/Q34126,http://www.wikidata.org/entity/Q672,https://www.wikidata.org/wiki/http://www.wikidata.org/entity/Q672,Wikidata SPARQL snapshot (2026-08-25),paraphrase,v1,For Funafuti: country=Tuvalu; continent=Insular Oceania; official language=English.,C_train,S_train,code/generate_cs_dataset.py,template-v1,20260825
capital-064-formal,capital-064,Funafuti,Tuvalu,Insular Oceania,English,http://www.wikidata.org/entity/Q34126,http://www.wikidata.org/entity/Q672,https://www.wikidata.org/wiki/http://www.wikidata.org/entity/Q672,Wikidata SPARQL snapshot (2026-08-25),formal,v1,Entity: Funafuti. Country: Tuvalu. Continent: Insular Oceania. Official language: English.,C_train,S_test,code/generate_cs_dataset.py,template-v1,20260825
capital-064-structured,capital-064,Funafuti,Tuvalu,Insular Oceania,English,http://www.wikidata.org/entity/Q34126,http://www.wikidata.org/entity/Q672,https://www.wikidata.org/wiki/http://www.wikidata.org/entity/Q672,Wikidata SPARQL snapshot (2026-08-25),structured,v1,"{""continent"": ""Insular Oceania"", ""country"": ""Tuvalu"", ""entity"": ""Funafuti"", ""language"": ""English""}",C_train,S_test,code/generate_cs_dataset.py,template-v1,20260825
capital-072-declarative,capital-072,Palikir,Federated States of Micronesia,Oceania,English,http://www.wikidata.org/entity/Q42751,http://www.wikidata.org/entity/Q702,https://www.wikidata.org/wiki/http://www.wikidata.org/entity/Q702,Wikidata SPARQL snapshot (2026-08-25),declarative,v1,"Palikir is in Federated States of Micronesia, a country in Oceania where English is an official language.",C_val,S_train,code/generate_cs_dataset.py,template-v1,20260825
capital-072-question,capital-072,Palikir,Federated States of Micronesia,Oceania,English,http://www.wikidata.org/entity/Q42751,http://www.wikidata.org/entity/Q702,https://www.wikidata.org/wiki/http://www.wikidata.org/entity/Q702,Wikidata SPARQL snapshot (2026-08-25),question,v1,"Which country, continent, and official language correspond to Palikir? Answer: Federated States of Micronesia; Oceania; English.",C_val,S_train,code/generate_cs_dataset.py,template-v1,20260825
capital-072-paraphrase,capital-072,Palikir,Federated States of Micronesia,Oceania,English,http://www.wikidata.org/entity/Q42751,http://www.wikidata.org/entity/Q702,https://www.wikidata.org/wiki/http://www.wikidata.org/entity/Q702,Wikidata SPARQL snapshot (2026-08-25),paraphrase,v1,For Palikir: country=Federated States of Micronesia; continent=Oceania; official language=English.,C_val,S_train,code/generate_cs_dataset.py,template-v1,20260825
capital-072-formal,capital-072,Palikir,Federated States of Micronesia,Oceania,English,http://www.wikidata.org/entity/Q42751,http://www.wikidata.org/entity/Q702,https://www.wikidata.org/wiki/http://www.wikidata.org/entity/Q702,Wikidata SPARQL snapshot (2026-08-25),formal,v1,Entity: Palikir. Country: Federated States of Micronesia. Continent: Oceania. Official language: English.,C_val,S_test,code/generate_cs_dataset.py,template-v1,20260825
capital-072-structured,capital-072,Palikir,Federated States of Micronesia,Oceania,English,http://www.wikidata.org/entity/Q42751,http://www.wikidata.org/entity/Q702,https://www.wikidata.org/wiki/http://www.wikidata.org/entity/Q702,Wikidata SPARQL snapshot (2026-08-25),structured,v1,"{""continent"": ""Oceania"", ""country"": ""Federated States of Micronesia"", ""entity"": ""Palikir"", ""language"": ""English""}",C_val,S_test,code/generate_cs_dataset.py,template-v1,20260825
capital-074-declarative,capital-074,South Tarawa,Kiribati,Insular Oceania,English,http://www.wikidata.org/entity/Q131233,http://www.wikidata.org/entity/Q710,https://www.wikidata.org/wiki/http://www.wikidata.org/entity/Q710,Wikidata SPARQL snapshot (2026-08-25),declarative,v1,"South Tarawa is in Kiribati, a country in Insular Oceania where English is an official language.",C_val,S_train,code/generate_cs_dataset.py,template-v1,20260825
capital-074-question,capital-074,South Tarawa,Kiribati,Insular Oceania,English,http://www.wikidata.org/entity/Q131233,http://www.wikidata.org/entity/Q710,https://www.wikidata.org/wiki/http://www.wikidata.org/entity/Q710,Wikidata SPARQL snapshot (2026-08-25),question,v1,"Which country, continent, and official language correspond to South Tarawa? Answer: Kiribati; Insular Oceania; English.",C_val,S_train,code/generate_cs_dataset.py,template-v1,20260825
capital-074-paraphrase,capital-074,South Tarawa,Kiribati,Insular Oceania,English,http://www.wikidata.org/entity/Q131233,http://www.wikidata.org/entity/Q710,https://www.wikidata.org/wiki/http://www.wikidata.org/entity/Q710,Wikidata SPARQL snapshot (2026-08-25),paraphrase,v1,For South Tarawa: country=Kiribati; continent=Insular Oceania; official language=English.,C_val,S_train,code/generate_cs_dataset.py,template-v1,20260825
capital-074-formal,capital-074,South Tarawa,Kiribati,Insular Oceania,English,http://www.wikidata.org/entity/Q131233,http://www.wikidata.org/entity/Q710,https://www.wikidata.org/wiki/http://www.wikidata.org/entity/Q710,Wikidata SPARQL snapshot (2026-08-25),formal,v1,Entity: South Tarawa. Country: Kiribati. Continent: Insular Oceania. Official language: English.,C_val,S_test,code/generate_cs_dataset.py,template-v1,20260825
capital-074-structured,capital-074,South Tarawa,Kiribati,Insular Oceania,English,http://www.wikidata.org/entity/Q131233,http://www.wikidata.org/entity/Q710,https://www.wikidata.org/wiki/http://www.wikidata.org/entity/Q710,Wikidata SPARQL snapshot (2026-08-25),structured,v1,"{""continent"": ""Insular Oceania"", ""country"": ""Kiribati"", ""entity"": ""South Tarawa"", ""language"": ""English""}",C_val,S_test,code/generate_cs_dataset.py,template-v1,20260825
capital-076-declarative,capital-076,Suva,Fiji,Insular Oceania,English,http://www.wikidata.org/entity/Q38807,http://www.wikidata.org/entity/Q712,https://www.wikidata.org/wiki/http://www.wikidata.org/entity/Q712,Wikidata SPARQL snapshot (2026-08-25),declarative,v1,"Suva is in Fiji, a country in Insular Oceania where English is an official language.",C_val,S_train,code/generate_cs_dataset.py,template-v1,20260825
capital-076-question,capital-076,Suva,Fiji,Insular Oceania,English,http://www.wikidata.org/entity/Q38807,http://www.wikidata.org/entity/Q712,https://www.wikidata.org/wiki/http://www.wikidata.org/entity/Q712,Wikidata SPARQL snapshot (2026-08-25),question,v1,"Which country, continent, and official language correspond to Suva? Answer: Fiji; Insular Oceania; English.",C_val,S_train,code/generate_cs_dataset.py,template-v1,20260825
capital-076-paraphrase,capital-076,Suva,Fiji,Insular Oceania,English,http://www.wikidata.org/entity/Q38807,http://www.wikidata.org/entity/Q712,https://www.wikidata.org/wiki/http://www.wikidata.org/entity/Q712,Wikidata SPARQL snapshot (2026-08-25),paraphrase,v1,For Suva: country=Fiji; continent=Insular Oceania; official language=English.,C_val,S_train,code/generate_cs_dataset.py,template-v1,20260825
capital-076-formal,capital-076,Suva,Fiji,Insular Oceania,English,http://www.wikidata.org/entity/Q38807,http://www.wikidata.org/entity/Q712,https://www.wikidata.org/wiki/http://www.wikidata.org/entity/Q712,Wikidata SPARQL snapshot (2026-08-25),formal,v1,Entity: Suva. Country: Fiji. Continent: Insular Oceania. Official language: English.,C_val,S_test,code/generate_cs_dataset.py,template-v1,20260825
capital-076-structured,capital-076,Suva,Fiji,Insular Oceania,English,http://www.wikidata.org/entity/Q38807,http://www.wikidata.org/entity/Q712,https://www.wikidata.org/wiki/http://www.wikidata.org/entity/Q712,Wikidata SPARQL snapshot (2026-08-25),structured,v1,"{""continent"": ""Insular Oceania"", ""country"": ""Fiji"", ""entity"": ""Suva"", ""language"": ""English""}",C_val,S_test,code/generate_cs_dataset.py,template-v1,20260825
capital-079-declarative,capital-079,Asunción,Paraguay,South America,Spanish,http://www.wikidata.org/entity/Q2933,http://www.wikidata.org/entity/Q733,https://www.wikidata.org/wiki/http://www.wikidata.org/entity/Q733,Wikidata SPARQL snapshot (2026-08-25),declarative,v1,"Asunción is in Paraguay, a country in South America where Spanish is an official language.",C_val,S_train,code/generate_cs_dataset.py,template-v1,20260825
capital-079-question,capital-079,Asunción,Paraguay,South America,Spanish,http://www.wikidata.org/entity/Q2933,http://www.wikidata.org/entity/Q733,https://www.wikidata.org/wiki/http://www.wikidata.org/entity/Q733,Wikidata SPARQL snapshot (2026-08-25),question,v1,"Which country, continent, and official language correspond to Asunción? Answer: Paraguay; South America; Spanish.",C_val,S_train,code/generate_cs_dataset.py,template-v1,20260825
capital-079-paraphrase,capital-079,Asunción,Paraguay,South America,Spanish,http://www.wikidata.org/entity/Q2933,http://www.wikidata.org/entity/Q733,https://www.wikidata.org/wiki/http://www.wikidata.org/entity/Q733,Wikidata SPARQL snapshot (2026-08-25),paraphrase,v1,For Asunción: country=Paraguay; continent=South America; official language=Spanish.,C_val,S_train,code/generate_cs_dataset.py,template-v1,20260825
capital-079-formal,capital-079,Asunción,Paraguay,South America,Spanish,http://www.wikidata.org/entity/Q2933,http://www.wikidata.org/entity/Q733,https://www.wikidata.org/wiki/http://www.wikidata.org/entity/Q733,Wikidata SPARQL snapshot (2026-08-25),formal,v1,Entity: Asunción. Country: Paraguay. Continent: South America. Official language: Spanish.,C_val,S_test,code/generate_cs_dataset.py,template-v1,20260825
capital-079-structured,capital-079,Asunción,Paraguay,South America,Spanish,http://www.wikidata.org/entity/Q2933,http://www.wikidata.org/entity/Q733,https://www.wikidata.org/wiki/http://www.wikidata.org/entity/Q733,Wikidata SPARQL snapshot (2026-08-25),structured,v1,"{""continent"": ""South America"", ""country"": ""Paraguay"", ""entity"": ""Asunción"", ""language"": ""Spanish""}",C_val,S_test,code/generate_cs_dataset.py,template-v1,20260825
capital-081-declarative,capital-081,Bogotá,Colombia,South America,Spanish,http://www.wikidata.org/entity/Q2841,http://www.wikidata.org/entity/Q739,https://www.wikidata.org/wiki/http://www.wikidata.org/entity/Q739,Wikidata SPARQL snapshot (2026-08-25),declarative,v1,"Bogotá is in Colombia, a country in South America where Spanish is an official language.",C_val,S_train,code/generate_cs_dataset.py,template-v1,20260825
capital-081-question,capital-081,Bogotá,Colombia,South America,Spanish,http://www.wikidata.org/entity/Q2841,http://www.wikidata.org/entity/Q739,https://www.wikidata.org/wiki/http://www.wikidata.org/entity/Q739,Wikidata SPARQL snapshot (2026-08-25),question,v1,"Which country, continent, and official language correspond to Bogotá? Answer: Colombia; South America; Spanish.",C_val,S_train,code/generate_cs_dataset.py,template-v1,20260825
capital-081-paraphrase,capital-081,Bogotá,Colombia,South America,Spanish,http://www.wikidata.org/entity/Q2841,http://www.wikidata.org/entity/Q739,https://www.wikidata.org/wiki/http://www.wikidata.org/entity/Q739,Wikidata SPARQL snapshot (2026-08-25),paraphrase,v1,For Bogotá: country=Colombia; continent=South America; official language=Spanish.,C_val,S_train,code/generate_cs_dataset.py,template-v1,20260825
capital-081-formal,capital-081,Bogotá,Colombia,South America,Spanish,http://www.wikidata.org/entity/Q2841,http://www.wikidata.org/entity/Q739,https://www.wikidata.org/wiki/http://www.wikidata.org/entity/Q739,Wikidata SPARQL snapshot (2026-08-25),formal,v1,Entity: Bogotá. Country: Colombia. Continent: South America. Official language: Spanish.,C_val,S_test,code/generate_cs_dataset.py,template-v1,20260825
capital-081-structured,capital-081,Bogotá,Colombia,South America,Spanish,http://www.wikidata.org/entity/Q2841,http://www.wikidata.org/entity/Q739,https://www.wikidata.org/wiki/http://www.wikidata.org/entity/Q739,Wikidata SPARQL snapshot (2026-08-25),structured,v1,"{""continent"": ""South America"", ""country"": ""Colombia"", ""entity"": ""Bogotá"", ""language"": ""Spanish""}",C_val,S_test,code/generate_cs_dataset.py,template-v1,20260825
capital-082-declarative,capital-082,La Paz,Bolivia,South America,Spanish,http://www.wikidata.org/entity/Q1491,http://www.wikidata.org/entity/Q750,https://www.wikidata.org/wiki/http://www.wikidata.org/entity/Q750,Wikidata SPARQL snapshot (2026-08-25),declarative,v1,"La Paz is in Bolivia, a country in South America where Spanish is an official language.",C_val,S_train,code/generate_cs_dataset.py,template-v1,20260825
capital-082-question,capital-082,La Paz,Bolivia,South America,Spanish,http://www.wikidata.org/entity/Q1491,http://www.wikidata.org/entity/Q750,https://www.wikidata.org/wiki/http://www.wikidata.org/entity/Q750,Wikidata SPARQL snapshot (2026-08-25),question,v1,"Which country, continent, and official language correspond to La Paz? Answer: Bolivia; South America; Spanish.",C_val,S_train,code/generate_cs_dataset.py,template-v1,20260825
capital-082-paraphrase,capital-082,La Paz,Bolivia,South America,Spanish,http://www.wikidata.org/entity/Q1491,http://www.wikidata.org/entity/Q750,https://www.wikidata.org/wiki/http://www.wikidata.org/entity/Q750,Wikidata SPARQL snapshot (2026-08-25),paraphrase,v1,For La Paz: country=Bolivia; continent=South America; official language=Spanish.,C_val,S_train,code/generate_cs_dataset.py,template-v1,20260825
capital-082-formal,capital-082,La Paz,Bolivia,South America,Spanish,http://www.wikidata.org/entity/Q1491,http://www.wikidata.org/entity/Q750,https://www.wikidata.org/wiki/http://www.wikidata.org/entity/Q750,Wikidata SPARQL snapshot (2026-08-25),formal,v1,Entity: La Paz. Country: Bolivia. Continent: South America. Official language: Spanish.,C_val,S_test,code/generate_cs_dataset.py,template-v1,20260825
capital-082-structured,capital-082,La Paz,Bolivia,South America,Spanish,http://www.wikidata.org/entity/Q1491,http://www.wikidata.org/entity/Q750,https://www.wikidata.org/wiki/http://www.wikidata.org/entity/Q750,Wikidata SPARQL snapshot (2026-08-25),structured,v1,"{""continent"": ""South America"", ""country"": ""Bolivia"", ""entity"": ""La Paz"", ""language"": ""Spanish""}",C_val,S_test,code/generate_cs_dataset.py,template-v1,20260825
capital-085-declarative,capital-085,Ottawa,Canada,North America,French,http://www.wikidata.org/entity/Q1930,http://www.wikidata.org/entity/Q16,https://www.wikidata.org/wiki/http://www.wikidata.org/entity/Q16,Wikidata SPARQL snapshot (2026-08-25),declarative,v1,"Ottawa is in Canada, a country in North America where French is an official language.",C_val,S_train,code/generate_cs_dataset.py,template-v1,20260825
capital-085-question,capital-085,Ottawa,Canada,North America,French,http://www.wikidata.org/entity/Q1930,http://www.wikidata.org/entity/Q16,https://www.wikidata.org/wiki/http://www.wikidata.org/entity/Q16,Wikidata SPARQL snapshot (2026-08-25),question,v1,"Which country, continent, and official language correspond to Ottawa? Answer: Canada; North America; French.",C_val,S_train,code/generate_cs_dataset.py,template-v1,20260825
capital-085-paraphrase,capital-085,Ottawa,Canada,North America,French,http://www.wikidata.org/entity/Q1930,http://www.wikidata.org/entity/Q16,https://www.wikidata.org/wiki/http://www.wikidata.org/entity/Q16,Wikidata SPARQL snapshot (2026-08-25),paraphrase,v1,For Ottawa: country=Canada; continent=North America; official language=French.,C_val,S_train,code/generate_cs_dataset.py,template-v1,20260825
capital-085-formal,capital-085,Ottawa,Canada,North America,French,http://www.wikidata.org/entity/Q1930,http://www.wikidata.org/entity/Q16,https://www.wikidata.org/wiki/http://www.wikidata.org/entity/Q16,Wikidata SPARQL snapshot (2026-08-25),formal,v1,Entity: Ottawa. Country: Canada. Continent: North America. Official language: French.,C_val,S_test,code/generate_cs_dataset.py,template-v1,20260825
capital-085-structured,capital-085,Ottawa,Canada,North America,French,http://www.wikidata.org/entity/Q1930,http://www.wikidata.org/entity/Q16,https://www.wikidata.org/wiki/http://www.wikidata.org/entity/Q16,Wikidata SPARQL snapshot (2026-08-25),structured,v1,"{""continent"": ""North America"", ""country"": ""Canada"", ""entity"": ""Ottawa"", ""language"": ""French""}",C_val,S_test,code/generate_cs_dataset.py,template-v1,20260825
capital-088-declarative,capital-088,Dublin,Ireland,Europe,English,http://www.wikidata.org/entity/Q1761,http://www.wikidata.org/entity/Q27,https://www.wikidata.org/wiki/http://www.wikidata.org/entity/Q27,Wikidata SPARQL snapshot (2026-08-25),declarative,v1,"Dublin is in Ireland, a country in Europe where English is an official language.",C_test,S_train,code/generate_cs_dataset.py,template-v1,20260825
capital-088-question,capital-088,Dublin,Ireland,Europe,English,http://www.wikidata.org/entity/Q1761,http://www.wikidata.org/entity/Q27,https://www.wikidata.org/wiki/http://www.wikidata.org/entity/Q27,Wikidata SPARQL snapshot (2026-08-25),question,v1,"Which country, continent, and official language correspond to Dublin? Answer: Ireland; Europe; English.",C_test,S_train,code/generate_cs_dataset.py,template-v1,20260825
capital-088-paraphrase,capital-088,Dublin,Ireland,Europe,English,http://www.wikidata.org/entity/Q1761,http://www.wikidata.org/entity/Q27,https://www.wikidata.org/wiki/http://www.wikidata.org/entity/Q27,Wikidata SPARQL snapshot (2026-08-25),paraphrase,v1,For Dublin: country=Ireland; continent=Europe; official language=English.,C_test,S_train,code/generate_cs_dataset.py,template-v1,20260825
capital-088-formal,capital-088,Dublin,Ireland,Europe,English,http://www.wikidata.org/entity/Q1761,http://www.wikidata.org/entity/Q27,https://www.wikidata.org/wiki/http://www.wikidata.org/entity/Q27,Wikidata SPARQL snapshot (2026-08-25),formal,v1,Entity: Dublin. Country: Ireland. Continent: Europe. Official language: English.,C_test,S_test,code/generate_cs_dataset.py,template-v1,20260825
capital-088-structured,capital-088,Dublin,Ireland,Europe,English,http://www.wikidata.org/entity/Q1761,http://www.wikidata.org/entity/Q27,https://www.wikidata.org/wiki/http://www.wikidata.org/entity/Q27,Wikidata SPARQL snapshot (2026-08-25),structured,v1,"{""continent"": ""Europe"", ""country"": ""Ireland"", ""entity"": ""Dublin"", ""language"": ""English""}",C_test,S_test,code/generate_cs_dataset.py,template-v1,20260825
capital-093-declarative,capital-093,Luxembourg,Luxembourg,Europe,French,http://www.wikidata.org/entity/Q1842,http://www.wikidata.org/entity/Q32,https://www.wikidata.org/wiki/http://www.wikidata.org/entity/Q32,Wikidata SPARQL snapshot (2026-08-25),declarative,v1,"Luxembourg is in Luxembourg, a country in Europe where French is an official language.",C_test,S_train,code/generate_cs_dataset.py,template-v1,20260825
capital-093-question,capital-093,Luxembourg,Luxembourg,Europe,French,http://www.wikidata.org/entity/Q1842,http://www.wikidata.org/entity/Q32,https://www.wikidata.org/wiki/http://www.wikidata.org/entity/Q32,Wikidata SPARQL snapshot (2026-08-25),question,v1,"Which country, continent, and official language correspond to Luxembourg? Answer: Luxembourg; Europe; French.",C_test,S_train,code/generate_cs_dataset.py,template-v1,20260825
capital-093-paraphrase,capital-093,Luxembourg,Luxembourg,Europe,French,http://www.wikidata.org/entity/Q1842,http://www.wikidata.org/entity/Q32,https://www.wikidata.org/wiki/http://www.wikidata.org/entity/Q32,Wikidata SPARQL snapshot (2026-08-25),paraphrase,v1,For Luxembourg: country=Luxembourg; continent=Europe; official language=French.,C_test,S_train,code/generate_cs_dataset.py,template-v1,20260825
capital-093-formal,capital-093,Luxembourg,Luxembourg,Europe,French,http://www.wikidata.org/entity/Q1842,http://www.wikidata.org/entity/Q32,https://www.wikidata.org/wiki/http://www.wikidata.org/entity/Q32,Wikidata SPARQL snapshot (2026-08-25),formal,v1,Entity: Luxembourg. Country: Luxembourg. Continent: Europe. Official language: French.,C_test,S_test,code/generate_cs_dataset.py,template-v1,20260825
capital-093-structured,capital-093,Luxembourg,Luxembourg,Europe,French,http://www.wikidata.org/entity/Q1842,http://www.wikidata.org/entity/Q32,https://www.wikidata.org/wiki/http://www.wikidata.org/entity/Q32,Wikidata SPARQL snapshot (2026-08-25),structured,v1,"{""continent"": ""Europe"", ""country"": ""Luxembourg"", ""entity"": ""Luxembourg"", ""language"": ""French""}",C_test,S_test,code/generate_cs_dataset.py,template-v1,20260825
capital-095-declarative,capital-095,Stockholm,Sweden,Europe,Swedish,http://www.wikidata.org/entity/Q1754,http://www.wikidata.org/entity/Q34,https://www.wikidata.org/wiki/http://www.wikidata.org/entity/Q34,Wikidata SPARQL snapshot (2026-08-25),declarative,v1,"Stockholm is in Sweden, a country in Europe where Swedish is an official language.",C_test,S_train,code/generate_cs_dataset.py,template-v1,20260825
capital-095-question,capital-095,Stockholm,Sweden,Europe,Swedish,http://www.wikidata.org/entity/Q1754,http://www.wikidata.org/entity/Q34,https://www.wikidata.org/wiki/http://www.wikidata.org/entity/Q34,Wikidata SPARQL snapshot (2026-08-25),question,v1,"Which country, continent, and official language correspond to Stockholm? Answer: Sweden; Europe; Swedish.",C_test,S_train,code/generate_cs_dataset.py,template-v1,20260825
capital-095-paraphrase,capital-095,Stockholm,Sweden,Europe,Swedish,http://www.wikidata.org/entity/Q1754,http://www.wikidata.org/entity/Q34,https://www.wikidata.org/wiki/http://www.wikidata.org/entity/Q34,Wikidata SPARQL snapshot (2026-08-25),paraphrase,v1,For Stockholm: country=Sweden; continent=Europe; official language=Swedish.,C_test,S_train,code/generate_cs_dataset.py,template-v1,20260825
capital-095-formal,capital-095,Stockholm,Sweden,Europe,Swedish,http://www.wikidata.org/entity/Q1754,http://www.wikidata.org/entity/Q34,https://www.wikidata.org/wiki/http://www.wikidata.org/entity/Q34,Wikidata SPARQL snapshot (2026-08-25),formal,v1,Entity: Stockholm. Country: Sweden. Continent: Europe. Official language: Swedish.,C_test,S_test,code/generate_cs_dataset.py,template-v1,20260825
capital-095-structured,capital-095,Stockholm,Sweden,Europe,Swedish,http://www.wikidata.org/entity/Q1754,http://www.wikidata.org/entity/Q34,https://www.wikidata.org/wiki/http://www.wikidata.org/entity/Q34,Wikidata SPARQL snapshot (2026-08-25),structured,v1,"{""continent"": ""Europe"", ""country"": ""Sweden"", ""entity"": ""Stockholm"", ""language"": ""Swedish""}",C_test,S_test,code/generate_cs_dataset.py,template-v1,20260825
capital-096-declarative,capital-096,Warsaw,Poland,Europe,Polish,http://www.wikidata.org/entity/Q270,http://www.wikidata.org/entity/Q36,https://www.wikidata.org/wiki/http://www.wikidata.org/entity/Q36,Wikidata SPARQL snapshot (2026-08-25),declarative,v1,"Warsaw is in Poland, a country in Europe where Polish is an official language.",C_test,S_train,code/generate_cs_dataset.py,template-v1,20260825
capital-096-question,capital-096,Warsaw,Poland,Europe,Polish,http://www.wikidata.org/entity/Q270,http://www.wikidata.org/entity/Q36,https://www.wikidata.org/wiki/http://www.wikidata.org/entity/Q36,Wikidata SPARQL snapshot (2026-08-25),question,v1,"Which country, continent, and official language correspond to Warsaw? Answer: Poland; Europe; Polish.",C_test,S_train,code/generate_cs_dataset.py,template-v1,20260825
capital-096-paraphrase,capital-096,Warsaw,Poland,Europe,Polish,http://www.wikidata.org/entity/Q270,http://www.wikidata.org/entity/Q36,https://www.wikidata.org/wiki/http://www.wikidata.org/entity/Q36,Wikidata SPARQL snapshot (2026-08-25),paraphrase,v1,For Warsaw: country=Poland; continent=Europe; official language=Polish.,C_test,S_train,code/generate_cs_dataset.py,template-v1,20260825
capital-096-formal,capital-096,Warsaw,Poland,Europe,Polish,http://www.wikidata.org/entity/Q270,http://www.wikidata.org/entity/Q36,https://www.wikidata.org/wiki/http://www.wikidata.org/entity/Q36,Wikidata SPARQL snapshot (2026-08-25),formal,v1,Entity: Warsaw. Country: Poland. Continent: Europe. Official language: Polish.,C_test,S_test,code/generate_cs_dataset.py,template-v1,20260825
capital-096-structured,capital-096,Warsaw,Poland,Europe,Polish,http://www.wikidata.org/entity/Q270,http://www.wikidata.org/entity/Q36,https://www.wikidata.org/wiki/http://www.wikidata.org/entity/Q36,Wikidata SPARQL snapshot (2026-08-25),structured,v1,"{""continent"": ""Europe"", ""country"": ""Poland"", ""entity"": ""Warsaw"", ""language"": ""Polish""}",C_test,S_test,code/generate_cs_dataset.py,template-v1,20260825
capital-097-declarative,capital-097,Vilnius,Lithuania,Europe,Lithuanian,http://www.wikidata.org/entity/Q216,http://www.wikidata.org/entity/Q37,https://www.wikidata.org/wiki/http://www.wikidata.org/entity/Q37,Wikidata SPARQL snapshot (2026-08-25),declarative,v1,"Vilnius is in Lithuania, a country in Europe where Lithuanian is an official language.",C_test,S_train,code/generate_cs_dataset.py,template-v1,20260825
capital-097-question,capital-097,Vilnius,Lithuania,Europe,Lithuanian,http://www.wikidata.org/entity/Q216,http://www.wikidata.org/entity/Q37,https://www.wikidata.org/wiki/http://www.wikidata.org/entity/Q37,Wikidata SPARQL snapshot (2026-08-25),question,v1,"Which country, continent, and official language correspond to Vilnius? Answer: Lithuania; Europe; Lithuanian.",C_test,S_train,code/generate_cs_dataset.py,template-v1,20260825
capital-097-paraphrase,capital-097,Vilnius,Lithuania,Europe,Lithuanian,http://www.wikidata.org/entity/Q216,http://www.wikidata.org/entity/Q37,https://www.wikidata.org/wiki/http://www.wikidata.org/entity/Q37,Wikidata SPARQL snapshot (2026-08-25),paraphrase,v1,For Vilnius: country=Lithuania; continent=Europe; official language=Lithuanian.,C_test,S_train,code/generate_cs_dataset.py,template-v1,20260825
capital-097-formal,capital-097,Vilnius,Lithuania,Europe,Lithuanian,http://www.wikidata.org/entity/Q216,http://www.wikidata.org/entity/Q37,https://www.wikidata.org/wiki/http://www.wikidata.org/entity/Q37,Wikidata SPARQL snapshot (2026-08-25),formal,v1,Entity: Vilnius. Country: Lithuania. Continent: Europe. Official language: Lithuanian.,C_test,S_test,code/generate_cs_dataset.py,template-v1,20260825
capital-097-structured,capital-097,Vilnius,Lithuania,Europe,Lithuanian,http://www.wikidata.org/entity/Q216,http://www.wikidata.org/entity/Q37,https://www.wikidata.org/wiki/http://www.wikidata.org/entity/Q37,Wikidata SPARQL snapshot (2026-08-25),structured,v1,"{""continent"": ""Europe"", ""country"": ""Lithuania"", ""entity"": ""Vilnius"", ""language"": ""Lithuanian""}",C_test,S_test,code/generate_cs_dataset.py,template-v1,20260825
capital-099-declarative,capital-099,Bern,Switzerland,Europe,French,http://www.wikidata.org/entity/Q70,http://www.wikidata.org/entity/Q39,https://www.wikidata.org/wiki/http://www.wikidata.org/entity/Q39,Wikidata SPARQL snapshot (2026-08-25),declarative,v1,"Bern is in Switzerland, a country in Europe where French is an official language.",C_test,S_train,code/generate_cs_dataset.py,template-v1,20260825
capital-099-question,capital-099,Bern,Switzerland,Europe,French,http://www.wikidata.org/entity/Q70,http://www.wikidata.org/entity/Q39,https://www.wikidata.org/wiki/http://www.wikidata.org/entity/Q39,Wikidata SPARQL snapshot (2026-08-25),question,v1,"Which country, continent, and official language correspond to Bern? Answer: Switzerland; Europe; French.",C_test,S_train,code/generate_cs_dataset.py,template-v1,20260825
capital-099-paraphrase,capital-099,Bern,Switzerland,Europe,French,http://www.wikidata.org/entity/Q70,http://www.wikidata.org/entity/Q39,https://www.wikidata.org/wiki/http://www.wikidata.org/entity/Q39,Wikidata SPARQL snapshot (2026-08-25),paraphrase,v1,For Bern: country=Switzerland; continent=Europe; official language=French.,C_test,S_train,code/generate_cs_dataset.py,template-v1,20260825
capital-099-formal,capital-099,Bern,Switzerland,Europe,French,http://www.wikidata.org/entity/Q70,http://www.wikidata.org/entity/Q39,https://www.wikidata.org/wiki/http://www.wikidata.org/entity/Q39,Wikidata SPARQL snapshot (2026-08-25),formal,v1,Entity: Bern. Country: Switzerland. Continent: Europe. Official language: French.,C_test,S_test,code/generate_cs_dataset.py,template-v1,20260825
capital-099-structured,capital-099,Bern,Switzerland,Europe,French,http://www.wikidata.org/entity/Q70,http://www.wikidata.org/entity/Q39,https://www.wikidata.org/wiki/http://www.wikidata.org/entity/Q39,Wikidata SPARQL snapshot (2026-08-25),structured,v1,"{""continent"": ""Europe"", ""country"": ""Switzerland"", ""entity"": ""Bern"", ""language"": ""French""}",C_test,S_test,code/generate_cs_dataset.py,template-v1,20260825
